ISO-10303-21;
HEADER;
FILE_DESCRIPTION (( 'STEP AP203' ),
    '1' );
FILE_NAME ('base_plana.STEP',
    '2026-07-28T12:24:00',
    ( '' ),
    ( '' ),
    'SwSTEP 2.0',
    'SolidWorks 2026',
    '' );
FILE_SCHEMA (( 'CONFIG_CONTROL_DESIGN' ));
ENDSEC;

DATA;
#1 = LOCAL_TIME ( 9, 24, 0.000000000000000000, #944 ) ;
#2 = ORIENTED_EDGE ( 'NONE', *, *, #884, .T. ) ;
#3 = CARTESIAN_POINT ( 'NONE',  ( -44.99999999999999289, -45.00000000000000000, 8.000000000000000000 ) ) ;
#4 = DIRECTION ( 'NONE',  ( 0.000000000000000000, 0.000000000000000000, 1.000000000000000000 ) ) ;
#5 = ORIENTED_EDGE ( 'NONE', *, *, #16, .T. ) ;
#6 = DIRECTION ( 'NONE',  ( 0.000000000000000000, -0.000000000000000000, -1.000000000000000000 ) ) ;
#7 = CIRCLE ( 'NONE', #806, 2.399999999999999467 ) ;
#8 = CARTESIAN_POINT ( 'NONE',  ( 40.12000000000004007, 45.00000000000000000, 8.000000000000000000 ) ) ;
#9 = EDGE_LOOP ( 'NONE', ( #1385, #751, #1052, #175 ) ) ;
#10 = CONICAL_SURFACE ( 'NONE', #1952, 2.860000000000001208, 0.7853981633974391752 ) ;
#11 = CARTESIAN_POINT ( 'NONE',  ( 45.00000000000000711, 45.00000000000000000, 8.000000000000000000 ) ) ;
#12 = DIRECTION ( 'NONE',  ( -0.000000000000000000, 0.000000000000000000, 1.000000000000000000 ) ) ;
#13 = ORIENTED_EDGE ( 'NONE', *, *, #116, .F. ) ;
#14 = CARTESIAN_POINT ( 'NONE',  ( -44.99999999999999289, 45.00000000000000000, -1.860000000000052944 ) ) ;
#15 = ORIENTED_EDGE ( 'NONE', *, *, #845, .F. ) ;
#16 = EDGE_CURVE ( 'NONE', #295, #2187, #1850, .T. ) ;
#17 = APPLICATION_CONTEXT ( 'configuration controlled 3d designs of mechanical parts and assemblies' ) ;
#18 = DIRECTION ( 'NONE',  ( 1.000000000000000000, 0.000000000000000000, 0.000000000000000000 ) ) ;
#19 = ORIENTED_EDGE ( 'NONE', *, *, #1195, .T. ) ;
#20 = EDGE_CURVE ( 'NONE', #1037, #1658, #847, .T. ) ;
#21 = DIRECTION ( 'NONE',  ( -0.000000000000000000, 0.000000000000000000, 1.000000000000000000 ) ) ;
#22 = DIRECTION ( 'NONE',  ( -1.000000000000000000, 0.000000000000000000, 0.000000000000000000 ) ) ;
#23 = CIRCLE ( 'NONE', #500, 2.189999999999969749 ) ;
#24 = ORIENTED_EDGE ( 'NONE', *, *, #1058, .T. ) ;
#25 = CIRCLE ( 'NONE', #320, 5.599999999999994316 ) ;
#26 = DIRECTION ( 'NONE',  ( 0.000000000000000000, -0.000000000000000000, -1.000000000000000000 ) ) ;
#27 = VERTEX_POINT ( 'NONE', #1029 ) ;
#28 = ORIENTED_EDGE ( 'NONE', *, *, #73, .T. ) ;
#29 = ADVANCED_FACE ( 'NONE', ( #2034 ), #1361, .F. ) ;
#30 = CARTESIAN_POINT ( 'NONE',  ( -47.18999999999996220, -45.00000000000000000, -2.000000000000000000 ) ) ;
#31 = ORIENTED_EDGE ( 'NONE', *, *, #1558, .F. ) ;
#32 = CARTESIAN_POINT ( 'NONE',  ( -99.85999999999999943, 97.00000000000000000, -2.000000000000000000 ) ) ;
#33 = VERTEX_POINT ( 'NONE', #2015 ) ;
#34 = DIRECTION ( 'NONE',  ( -0.000000000000000000, -0.000000000000000000, 1.000000000000000000 ) ) ;
#35 = CARTESIAN_POINT ( 'NONE',  ( 97.00000000000000000, 97.00000000000000000, -0.5999999999999998668 ) ) ;
#36 = AXIS2_PLACEMENT_3D ( 'NONE', #386, #1077, #362 ) ;
#37 = ORIENTED_EDGE ( 'NONE', *, *, #167, .F. ) ;
#38 = AXIS2_PLACEMENT_3D ( 'NONE', #922, #583, #69 ) ;
#39 = DIRECTION ( 'NONE',  ( 0.000000000000000000, 0.000000000000000000, -1.000000000000000000 ) ) ;
#40 = ORIENTED_EDGE ( 'NONE', *, *, #1912, .F. ) ;
#41 = DIRECTION ( 'NONE',  ( 0.000000000000000000, -0.000000000000000000, -1.000000000000000000 ) ) ;
#42 = ORIENTED_EDGE ( 'NONE', *, *, #873, .T. ) ;
#43 = FACE_OUTER_BOUND ( 'NONE', #1530, .T. ) ;
#44 = AXIS2_PLACEMENT_3D ( 'NONE', #1547, #886, #18 ) ;
#45 = ORIENTED_EDGE ( 'NONE', *, *, #1110, .F. ) ;
#46 = ADVANCED_FACE ( 'NONE', ( #718 ), #1521, .T. ) ;
#47 = CARTESIAN_POINT ( 'NONE',  ( -44.99999999999999289, -45.00000000000000000, 7.860000000000038511 ) ) ;
#48 = DIRECTION ( 'NONE',  ( 0.000000000000000000, -1.000000000000000000, 0.000000000000000000 ) ) ;
#49 = AXIS2_PLACEMENT_3D ( 'NONE', #1042, #535, #1218 ) ;
#50 = CARTESIAN_POINT ( 'NONE',  ( 47.05000000000001137, 45.00000000000000000, 7.860000000000038511 ) ) ;
#51 = EDGE_LOOP ( 'NONE', ( #1800, #457 ) ) ;
#52 = ORIENTED_EDGE ( 'NONE', *, *, #172, .F. ) ;
#53 = CARTESIAN_POINT ( 'NONE',  ( 97.00000000000000000, 100.0000000000000000, -2.000000000000000000 ) ) ;
#54 = ORIENTED_EDGE ( 'NONE', *, *, #1778, .F. ) ;
#55 = LINE ( 'NONE', #1761, #427 ) ;
#56 = EDGE_LOOP ( 'NONE', ( #1496, #894 ) ) ;
#57 = DIRECTION ( 'NONE',  ( 1.000000000000000000, 0.000000000000000000, -0.000000000000000000 ) ) ;
#58 = CARTESIAN_POINT ( 'NONE',  ( 45.00000000000000711, 45.00000000000000000, 7.860000000000038511 ) ) ;
#59 = DIRECTION ( 'NONE',  ( -0.000000000000000000, -0.000000000000000000, -1.000000000000000000 ) ) ;
#60 = EDGE_CURVE ( 'NONE', #469, #1458, #513, .T. ) ;
#61 = AXIS2_PLACEMENT_3D ( 'NONE', #968, #619, #1814 ) ;
#62 = EDGE_CURVE ( 'NONE', #2094, #1810, #2074, .T. ) ;
#63 = AXIS2_PLACEMENT_3D ( 'NONE', #58, #1440, #776 ) ;
#64 = VECTOR ( 'NONE', #72, 1000.000000000000114 ) ;
#65 = CARTESIAN_POINT ( 'NONE',  ( -97.00000000000000000, -97.00000000000000000, -0.5999999999999998668 ) ) ;
#66 = VERTEX_POINT ( 'NONE', #545 ) ;
#67 = FACE_BOUND ( 'NONE', #56, .T. ) ;
#68 = ORIENTED_EDGE ( 'NONE', *, *, #2019, .F. ) ;
#69 = DIRECTION ( 'NONE',  ( 0.000000000000000000, 0.000000000000000000, -1.000000000000000000 ) ) ;
#70 = DIRECTION ( 'NONE',  ( 1.000000000000000000, 0.000000000000000000, 0.000000000000000000 ) ) ;
#71 = ADVANCED_FACE ( 'NONE', ( #692 ), #1967, .F. ) ;
#72 = DIRECTION ( 'NONE',  ( 0.7071067811865474617, 0.000000000000000000, -0.7071067811865474617 ) ) ;
#73 = EDGE_CURVE ( 'NONE', #539, #422, #461, .T. ) ;
#74 = CONICAL_SURFACE ( 'NONE', #1011, 2.050000000000003375, 0.7853981633975257726 ) ;
#75 = CARTESIAN_POINT ( 'NONE',  ( -42.94999999999998863, -45.00000000000000000, 7.860000000000038511 ) ) ;
#76 = FACE_OUTER_BOUND ( 'NONE', #1060, .T. ) ;
#77 = LOCAL_TIME ( 9, 24, 0.000000000000000000, #931 ) ;
#78 = ORIENTED_EDGE ( 'NONE', *, *, #1619, .T. ) ;
#79 = LINE ( 'NONE', #1602, #1262 ) ;
#80 = VECTOR ( 'NONE', #1436, 1000.000000000000000 ) ;
#81 = DIRECTION ( 'NONE',  ( 1.000000000000000000, 0.000000000000000000, 0.000000000000000000 ) ) ;
#82 = CARTESIAN_POINT ( 'NONE',  ( -99.85999999999999943, 0.000000000000000000, -2.000000000000000000 ) ) ;
#83 = CONICAL_SURFACE ( 'NONE', #1817, 2.050000000000003375, 0.7853981633975257726 ) ;
#84 = VECTOR ( 'NONE', #2133, 1000.000000000000000 ) ;
#85 = FACE_OUTER_BOUND ( 'NONE', #515, .T. ) ;
#86 = EDGE_CURVE ( 'NONE', #27, #1380, #1685, .T. ) ;
#87 = FACE_OUTER_BOUND ( 'NONE', #608, .T. ) ;
#88 = DIRECTION ( 'NONE',  ( 0.000000000000000000, -0.000000000000000000, -1.000000000000000000 ) ) ;
#89 = EDGE_CURVE ( 'NONE', #100, #295, #1760, .T. ) ;
#90 = ORIENTED_EDGE ( 'NONE', *, *, #159, .F. ) ;
#91 = DIRECTION ( 'NONE',  ( 1.000000000000000000, 0.000000000000000000, 0.000000000000000000 ) ) ;
#92 = CARTESIAN_POINT ( 'NONE',  ( -42.94999999999998863, 45.00000000000000000, 7.860000000000038511 ) ) ;
#93 = CARTESIAN_POINT ( 'NONE',  ( -97.00000000000000000, 100.0000000000000000, -1.859999999999998765 ) ) ;
#94 = PERSON_AND_ORGANIZATION_ROLE ( 'classification_officer' ) ;
#95 =( LENGTH_UNIT ( ) NAMED_UNIT ( * ) SI_UNIT ( .MILLI., .METRE. ) );
#96 = DIRECTION ( 'NONE',  ( 0.000000000000000000, 0.000000000000000000, -1.000000000000000000 ) ) ;
#97 = AXIS2_PLACEMENT_3D ( 'NONE', #223, #1032, #525 ) ;
#98 = CARTESIAN_POINT ( 'NONE',  ( -97.00000000000000000, -100.0000000000000000, -0.5999999999999998668 ) ) ;
#99 = CARTESIAN_POINT ( 'NONE',  ( 45.00000000000000711, -45.00000000000000000, 0.5999999999999998668 ) ) ;
#100 = VERTEX_POINT ( 'NONE', #1390 ) ;
#101 = CARTESIAN_POINT ( 'NONE',  ( 99.40000000000000568, -97.00000000000000000, 0.000000000000000000 ) ) ;
#102 = LINE ( 'NONE', #1148, #962 ) ;
#103 = EDGE_LOOP ( 'NONE', ( #912, #579, #648, #1837 ) ) ;
#104 = VERTEX_POINT ( 'NONE', #1019 ) ;
#105 = DIRECTION ( 'NONE',  ( -0.000000000000000000, 0.000000000000000000, 1.000000000000000000 ) ) ;
#106 = PERSON_AND_ORGANIZATION ( #1983, #1129 ) ;
#107 = DIRECTION ( 'NONE',  ( -1.000000000000000000, 0.000000000000000000, 0.000000000000000000 ) ) ;
#108 = AXIS2_PLACEMENT_3D ( 'NONE', #599, #748, #1432 ) ;
#109 = CARTESIAN_POINT ( 'NONE',  ( -100.0000000000000000, 97.00000000000000000, -0.5999999999999998668 ) ) ;
#110 = AXIS2_PLACEMENT_3D ( 'NONE', #2167, #1984, #481 ) ;
#111 = DIRECTION ( 'NONE',  ( 0.000000000000000000, 0.000000000000000000, -1.000000000000000000 ) ) ;
#112 = ORIENTED_EDGE ( 'NONE', *, *, #1270, .F. ) ;
#113 = FACE_OUTER_BOUND ( 'NONE', #846, .T. ) ;
#114 = CARTESIAN_POINT ( 'NONE',  ( 97.00000000000000000, 99.40000000000000568, 0.000000000000000000 ) ) ;
#115 = DIRECTION ( 'NONE',  ( -0.000000000000000000, -1.000000000000000000, -0.000000000000000000 ) ) ;
#116 = EDGE_CURVE ( 'NONE', #104, #785, #534, .T. ) ;
#117 = ADVANCED_FACE ( 'NONE', ( #1674 ), #731, .F. ) ;
#118 = ORIENTED_EDGE ( 'NONE', *, *, #2161, .F. ) ;
#119 = CIRCLE ( 'NONE', #449, 4.999999999999997335 ) ;
#120 = ORIENTED_EDGE ( 'NONE', *, *, #1168, .T. ) ;
#121 = AXIS2_PLACEMENT_3D ( 'NONE', #1213, #555, #2055 ) ;
#122 = CARTESIAN_POINT ( 'NONE',  ( 99.40000000000000568, 97.00000000000000000, -0.5999999999999999778 ) ) ;
#123 = CARTESIAN_POINT ( 'NONE',  ( -44.99999999999999289, -45.00000000000000000, 0.000000000000000000 ) ) ;
#124 = CARTESIAN_POINT ( 'NONE',  ( 97.00000000000000000, 97.00000000000000000, -2.000000000000000000 ) ) ;
#125 = ORIENTED_EDGE ( 'NONE', *, *, #711, .F. ) ;
#126 = CYLINDRICAL_SURFACE ( 'NONE', #2092, 0.5999999999999998668 ) ;
#127 = DIRECTION ( 'NONE',  ( 1.000000000000000000, 0.000000000000000000, 0.000000000000000000 ) ) ;
#128 = ORIENTED_EDGE ( 'NONE', *, *, #916, .F. ) ;
#129 = DIRECTION ( 'NONE',  ( -0.7071067811865962005, 0.000000000000000000, -0.7071067811864989450 ) ) ;
#130 = ADVANCED_FACE ( 'NONE', ( #937 ), #644, .T. ) ;
#131 = VERTEX_POINT ( 'NONE', #1753 ) ;
#132 = EDGE_CURVE ( 'NONE', #139, #27, #220, .T. ) ;
#133 = CARTESIAN_POINT ( 'NONE',  ( -97.00000000000000000, 99.40000000000000568, 0.000000000000000000 ) ) ;
#134 = LINE ( 'NONE', #293, #348 ) ;
#135 = CARTESIAN_POINT ( 'NONE',  ( -44.99999999999999289, 45.00000000000000000, -2.000999999999999446 ) ) ;
#136 = ORIENTED_EDGE ( 'NONE', *, *, #2095, .F. ) ;
#137 = CARTESIAN_POINT ( 'NONE',  ( -99.40000000000000568, 0.000000000000000000, -0.5999999999999998668 ) ) ;
#138 = LINE ( 'NONE', #1138, #1301 ) ;
#139 = VERTEX_POINT ( 'NONE', #232 ) ;
#140 = DIRECTION ( 'NONE',  ( 0.000000000000000000, -0.000000000000000000, -1.000000000000000000 ) ) ;
#141 = DATE_TIME_ROLE ( 'creation_date' ) ;
#142 = ADVANCED_FACE ( 'NONE', ( #1741 ), #572, .T. ) ;
#143 = ORIENTED_EDGE ( 'NONE', *, *, #323, .F. ) ;
#144 = CARTESIAN_POINT ( 'NONE',  ( 42.95000000000000284, -45.00000000000000000, 7.860000000000038511 ) ) ;
#145 = ADVANCED_FACE ( 'NONE', ( #571 ), #766, .T. ) ;
#146 = CIRCLE ( 'NONE', #586, 5.599999999999994316 ) ;
#147 = PLANE ( 'NONE',  #662 ) ;
#148 = ORIENTED_EDGE ( 'NONE', *, *, #2106, .F. ) ;
#149 = CARTESIAN_POINT ( 'NONE',  ( 47.05000000000001137, -45.00000000000000000, -2.000999999999999446 ) ) ;
#150 = CIRCLE ( 'NONE', #1085, 3.000000000000002665 ) ;
#151 = ORIENTED_EDGE ( 'NONE', *, *, #1257, .F. ) ;
#152 = CARTESIAN_POINT ( 'NONE',  ( -44.99999999999999289, 45.00000000000000000, -1.860000000000052944 ) ) ;
#153 = ORIENTED_EDGE ( 'NONE', *, *, #1980, .F. ) ;
#154 = CONICAL_SURFACE ( 'NONE', #516, 2.050000000000003375, 0.7853981633974745913 ) ;
#155 = DIRECTION ( 'NONE',  ( 1.000000000000000000, 0.000000000000000000, 0.000000000000000000 ) ) ;
#156 = DIRECTION ( 'NONE',  ( 0.000000000000000000, 0.000000000000000000, -1.000000000000000000 ) ) ;
#157 = ORIENTED_EDGE ( 'NONE', *, *, #770, .T. ) ;
#158 = AXIS2_PLACEMENT_3D ( 'NONE', #2152, #1621, #1003 ) ;
#159 = EDGE_CURVE ( 'NONE', #1407, #1701, #2153, .T. ) ;
#160 = DIRECTION ( 'NONE',  ( -0.000000000000000000, -0.000000000000000000, 1.000000000000000000 ) ) ;
#161 = VERTEX_POINT ( 'NONE', #917 ) ;
#162 = CARTESIAN_POINT ( 'NONE',  ( 97.00000000000000000, 97.00000000000000000, -2.000000000000000000 ) ) ;
#163 = VERTEX_POINT ( 'NONE', #1775 ) ;
#164 = AXIS2_PLACEMENT_3D ( 'NONE', #354, #1362, #1044 ) ;
#165 = FACE_OUTER_BOUND ( 'NONE', #933, .T. ) ;
#166 = VERTEX_POINT ( 'NONE', #743 ) ;
#167 = EDGE_CURVE ( 'NONE', #893, #853, #389, .T. ) ;
#168 = CIRCLE ( 'NONE', #2036, 3.000000000000002665 ) ;
#169 = AXIS2_PLACEMENT_3D ( 'NONE', #1378, #2062, #523 ) ;
#170 = ORIENTED_EDGE ( 'NONE', *, *, #940, .F. ) ;
#171 = VECTOR ( 'NONE', #546, 1000.000000000000000 ) ;
#172 = EDGE_CURVE ( 'NONE', #853, #893, #1324, .T. ) ;
#173 = DIRECTION ( 'NONE',  ( 1.000000000000000000, 0.000000000000000000, 0.000000000000000000 ) ) ;
#174 = CARTESIAN_POINT ( 'NONE',  ( 45.00000000000000711, 45.00000000000000000, 8.000000000000000000 ) ) ;
#175 = ORIENTED_EDGE ( 'NONE', *, *, #1431, .F. ) ;
#176 = CARTESIAN_POINT ( 'NONE',  ( -44.99999999999999289, -45.00000000000000000, -2.000000000000000000 ) ) ;
#177 = CARTESIAN_POINT ( 'NONE',  ( 42.95000000000000284, 45.00000000000000000, -1.859999999999969678 ) ) ;
#178 = DIRECTION ( 'NONE',  ( 1.000000000000000000, 0.000000000000000000, 0.000000000000000000 ) ) ;
#179 = ORIENTED_EDGE ( 'NONE', *, *, #1620, .F. ) ;
#180 = AXIS2_PLACEMENT_3D ( 'NONE', #122, #1223, #4 ) ;
#181 = CARTESIAN_POINT ( 'NONE',  ( -44.99999999999999289, -45.00000000000000000, -1.860000000000052944 ) ) ;
#182 = CIRCLE ( 'NONE', #1449, 2.050000000000003375 ) ;
#183 = EDGE_CURVE ( 'NONE', #2068, #1576, #677, .T. ) ;
#184 = APPROVAL ( #1104, 'UNSPECIFIED' ) ;
#185 = EDGE_LOOP ( 'NONE', ( #359, #566, #542, #849 ) ) ;
#186 = SECURITY_CLASSIFICATION ( '', '', #2072 ) ;
#187 = CARTESIAN_POINT ( 'NONE',  ( -44.99999999999999289, -45.00000000000000000, 8.000000000000000000 ) ) ;
#188 = FACE_OUTER_BOUND ( 'NONE', #1191, .T. ) ;
#189 = AXIS2_PLACEMENT_3D ( 'NONE', #1485, #637, #828 ) ;
#190 = DIRECTION ( 'NONE',  ( 0.000000000000000000, 0.000000000000000000, -1.000000000000000000 ) ) ;
#191 = ORIENTED_EDGE ( 'NONE', *, *, #483, .F. ) ;
#192 = VECTOR ( 'NONE', #2061, 1000.000000000000114 ) ;
#193 = CARTESIAN_POINT ( 'NONE',  ( -99.40000000000000568, -97.00000000000000000, 0.000000000000000000 ) ) ;
#194 = DIRECTION ( 'NONE',  ( 0.000000000000000000, -0.7071067811865474617, -0.7071067811865474617 ) ) ;
#195 = ORIENTED_EDGE ( 'NONE', *, *, #1620, .T. ) ;
#196 = ADVANCED_FACE ( 'NONE', ( #1612, #1919 ), #560, .T. ) ;
#197 = LINE ( 'NONE', #551, #1725 ) ;
#198 = ORIENTED_EDGE ( 'NONE', *, *, #325, .F. ) ;
#199 = LINE ( 'NONE', #1200, #831 ) ;
#200 = VERTEX_POINT ( 'NONE', #1265 ) ;
#201 = EDGE_CURVE ( 'NONE', #1309, #166, #823, .T. ) ;
#202 = LINE ( 'NONE', #8, #1418 ) ;
#203 = DIRECTION ( 'NONE',  ( 0.000000000000000000, 0.000000000000000000, 1.000000000000000000 ) ) ;
#204 = EDGE_LOOP ( 'NONE', ( #151, #1282, #2183, #112 ) ) ;
#205 = EDGE_LOOP ( 'NONE', ( #602, #42 ) ) ;
#206 = CIRCLE ( 'NONE', #788, 0.6000000000000033085 ) ;
#207 = LINE ( 'NONE', #1053, #171 ) ;
#208 = TOROIDAL_SURFACE ( 'NONE', #1471, 5.599999999999996092, 0.5999999999999999778 ) ;
#209 = EDGE_LOOP ( 'NONE', ( #1662, #1408, #556, #198 ) ) ;
#210 = CARTESIAN_POINT ( 'NONE',  ( 47.18999999999997641, -45.00000000000000000, 8.000000000000000000 ) ) ;
#211 = ORIENTED_EDGE ( 'NONE', *, *, #1824, .T. ) ;
#212 = ADVANCED_FACE ( 'NONE', ( #1101 ), #463, .F. ) ;
#213 = ORIENTED_EDGE ( 'NONE', *, *, #575, .F. ) ;
#214 = EDGE_CURVE ( 'NONE', #1515, #1518, #1902, .T. ) ;
#215 = DIRECTION ( 'NONE',  ( 0.000000000000000000, 0.000000000000000000, -1.000000000000000000 ) ) ;
#216 = EDGE_CURVE ( 'NONE', #1658, #1562, #247, .T. ) ;
#217 = EDGE_LOOP ( 'NONE', ( #1031, #1216, #236, #314 ) ) ;
#218 = ORIENTED_EDGE ( 'NONE', *, *, #1728, .T. ) ;
#219 = CARTESIAN_POINT ( 'NONE',  ( 45.00000000000000711, -45.00000000000000000, 7.879999999999987459 ) ) ;
#220 = LINE ( 'NONE', #1472, #850 ) ;
#221 = AXIS2_PLACEMENT_3D ( 'NONE', #1782, #474, #989 ) ;
#222 = VECTOR ( 'NONE', #966, 1000.000000000000000 ) ;
#223 = CARTESIAN_POINT ( 'NONE',  ( 45.00000000000000711, -45.00000000000000000, 0.000000000000000000 ) ) ;
#224 = ORIENTED_EDGE ( 'NONE', *, *, #2075, .T. ) ;
#225 = APPROVAL_PERSON_ORGANIZATION ( #1614, #184, #274 ) ;
#226 = DIRECTION ( 'NONE',  ( 0.7071067811865661135, 0.000000000000000000, 0.7071067811865289210 ) ) ;
#227 = ORIENTED_EDGE ( 'NONE', *, *, #380, .T. ) ;
#228 = DIRECTION ( 'NONE',  ( 1.000000000000000000, 0.000000000000000000, 0.000000000000000000 ) ) ;
#229 = CIRCLE ( 'NONE', #1573, 2.189999999999969749 ) ;
#230 = VERTEX_POINT ( 'NONE', #1078 ) ;
#231 = EDGE_CURVE ( 'NONE', #2097, #422, #1940, .T. ) ;
#232 = CARTESIAN_POINT ( 'NONE',  ( 47.05000000000001137, -45.00000000000000000, -1.859999999999969678 ) ) ;
#233 = ORIENTED_EDGE ( 'NONE', *, *, #1832, .T. ) ;
#234 = VECTOR ( 'NONE', #2069, 1000.000000000000000 ) ;
#235 = DIRECTION ( 'NONE',  ( 0.7071067811865661135, 0.000000000000000000, 0.7071067811865289210 ) ) ;
#236 = ORIENTED_EDGE ( 'NONE', *, *, #1619, .F. ) ;
#237 = DIRECTION ( 'NONE',  ( -0.000000000000000000, 0.000000000000000000, 1.000000000000000000 ) ) ;
#238 = ORIENTED_EDGE ( 'NONE', *, *, #1664, .F. ) ;
#239 = EDGE_CURVE ( 'NONE', #372, #1701, #437, .T. ) ;
#240 = DIRECTION ( 'NONE',  ( -0.7071067811866023067, 0.000000000000000000, -0.7071067811864927277 ) ) ;
#241 = CARTESIAN_POINT ( 'NONE',  ( -44.99999999999999289, -45.00000000000000000, -1.860000000000052944 ) ) ;
#242 = DIRECTION ( 'NONE',  ( 0.000000000000000000, 0.000000000000000000, -1.000000000000000000 ) ) ;
#243 = SHAPE_DEFINITION_REPRESENTATION ( #1206, #1770 ) ;
#244 = CIRCLE ( 'NONE', #164, 4.880000000000050520 ) ;
#245 = DIRECTION ( 'NONE',  ( -1.000000000000000000, 0.000000000000000000, 0.000000000000000000 ) ) ;
#246 = AXIS2_PLACEMENT_3D ( 'NONE', #187, #1233, #1207 ) ;
#247 = CIRCLE ( 'NONE', #349, 2.050000000000003375 ) ;
#248 = CIRCLE ( 'NONE', #824, 4.999999999999997335 ) ;
#249 = DIRECTION ( 'NONE',  ( 1.000000000000000000, 0.000000000000000000, 0.000000000000000000 ) ) ;
#250 = ORIENTED_EDGE ( 'NONE', *, *, #1158, .F. ) ;
#251 = LINE ( 'NONE', #750, #713 ) ;
#252 = ORIENTED_EDGE ( 'NONE', *, *, #2004, .F. ) ;
#253 = CARTESIAN_POINT ( 'NONE',  ( 45.00000000000000711, -45.00000000000000000, 8.000000000000000000 ) ) ;
#254 = DIRECTION ( 'NONE',  ( 0.000000000000000000, 0.000000000000000000, -1.000000000000000000 ) ) ;
#255 = DIRECTION ( 'NONE',  ( 0.7071067811865475727, 0.000000000000000000, -0.7071067811865475727 ) ) ;
#256 = EDGE_CURVE ( 'NONE', #139, #626, #2112, .T. ) ;
#257 = CONICAL_SURFACE ( 'NONE', #1840, 4.880000000000050520, 0.7853981633975170018 ) ;
#258 = EDGE_CURVE ( 'NONE', #1579, #1784, #206, .T. ) ;
#259 = AXIS2_PLACEMENT_3D ( 'NONE', #1315, #1606, #1942 ) ;
#260 = PERSON_AND_ORGANIZATION ( #1983, #1129 ) ;
#261 = CARTESIAN_POINT ( 'NONE',  ( -39.99999999999999289, -45.00000000000000000, 0.5999999999999998668 ) ) ;
#262 = DIRECTION ( 'NONE',  ( 1.000000000000000000, 0.000000000000000000, 0.000000000000000000 ) ) ;
#263 = ORIENTED_EDGE ( 'NONE', *, *, #465, .T. ) ;
#264 = DIRECTION ( 'NONE',  ( -0.000000000000000000, 0.000000000000000000, 1.000000000000000000 ) ) ;
#265 = AXIS2_PLACEMENT_3D ( 'NONE', #1694, #12, #390 ) ;
#266 = DIRECTION ( 'NONE',  ( 0.000000000000000000, 0.000000000000000000, -1.000000000000000000 ) ) ;
#267 = DIRECTION ( 'NONE',  ( 1.000000000000000000, 0.000000000000000000, 0.000000000000000000 ) ) ;
#268 = VECTOR ( 'NONE', #1318, 1000.000000000000000 ) ;
#269 = CARTESIAN_POINT ( 'NONE',  ( 0.000000000000000000, -99.40000000000000568, -0.5999999999999999778 ) ) ;
#270 = CARTESIAN_POINT ( 'NONE',  ( 47.18999999999997641, 45.00000000000000000, 8.000000000000000000 ) ) ;
#271 = CARTESIAN_POINT ( 'NONE',  ( 45.00000000000000711, -45.00000000000000000, -1.859999999999969678 ) ) ;
#272 = ORIENTED_EDGE ( 'NONE', *, *, #1179, .F. ) ;
#273 = LINE ( 'NONE', #765, #442 ) ;
#274 = APPROVAL_ROLE ( '' ) ;
#275 = ORIENTED_EDGE ( 'NONE', *, *, #1331, .F. ) ;
#276 = ORIENTED_EDGE ( 'NONE', *, *, #167, .T. ) ;
#277 = CARTESIAN_POINT ( 'NONE',  ( -44.99999999999999289, 45.00000000000000000, 0.5999999999999998668 ) ) ;
#278 = AXIS2_PLACEMENT_3D ( 'NONE', #891, #1041, #1403 ) ;
#279 = AXIS2_PLACEMENT_3D ( 'NONE', #351, #1229, #1693 ) ;
#280 = CARTESIAN_POINT ( 'NONE',  ( -40.11999999999994060, -45.00000000000000000, 8.000000000000000000 ) ) ;
#281 = CARTESIAN_POINT ( 'NONE',  ( -97.00000000000000000, 97.00000000000000000, -2.000000000000000000 ) ) ;
#282 = CIRCLE ( 'NONE', #753, 4.999999999999997335 ) ;
#283 = CARTESIAN_POINT ( 'NONE',  ( -39.99999999999999289, 45.00000000000000000, 7.880000000000070948 ) ) ;
#284 = EDGE_CURVE ( 'NONE', #422, #569, #2134, .T. ) ;
#285 = CARTESIAN_POINT ( 'NONE',  ( 45.00000000000000711, 45.00000000000000000, -1.859999999999969678 ) ) ;
#286 = VERTEX_POINT ( 'NONE', #1627 ) ;
#287 = DIRECTION ( 'NONE',  ( 0.000000000000000000, 0.000000000000000000, -1.000000000000000000 ) ) ;
#288 = DIRECTION ( 'NONE',  ( -0.000000000000000000, -0.000000000000000000, -1.000000000000000000 ) ) ;
#289 = VERTEX_POINT ( 'NONE', #1668 ) ;
#290 = CYLINDRICAL_SURFACE ( 'NONE', #616, 0.5999999999999999778 ) ;
#291 = CARTESIAN_POINT ( 'NONE',  ( 99.85999999999999943, -97.00000000000000000, -2.000000000000000000 ) ) ;
#292 = CIRCLE ( 'NONE', #1808, 2.189999999999969749 ) ;
#293 = CARTESIAN_POINT ( 'NONE',  ( -40.11999999999994060, 45.00000000000000000, 8.000000000000000000 ) ) ;
#294 = DIRECTION ( 'NONE',  ( 1.000000000000000000, 0.000000000000000000, 0.000000000000000000 ) ) ;
#295 = VERTEX_POINT ( 'NONE', #2121 ) ;
#296 = LINE ( 'NONE', #470, #2017 ) ;
#297 = CARTESIAN_POINT ( 'NONE',  ( -44.99999999999999289, -45.00000000000000000, 0.5999999999999998668 ) ) ;
#298 = EDGE_CURVE ( 'NONE', #1402, #2117, #102, .T. ) ;
#299 = ADVANCED_FACE ( 'NONE', ( #807 ), #1486, .F. ) ;
#300 = CARTESIAN_POINT ( 'NONE',  ( 45.00000000000000711, 45.00000000000000000, 0.000000000000000000 ) ) ;
#301 = AXIS2_PLACEMENT_3D ( 'NONE', #1366, #510, #714 ) ;
#302 = EDGE_LOOP ( 'NONE', ( #1421, #1405, #1749, #826 ) ) ;
#303 = ORIENTED_EDGE ( 'NONE', *, *, #1894, .T. ) ;
#304 = AXIS2_PLACEMENT_3D ( 'NONE', #1529, #341, #2063 ) ;
#305 = DIRECTION ( 'NONE',  ( 0.7071067811865962005, 8.659560562355529434E-17, -0.7071067811864989450 ) ) ;
#306 = CARTESIAN_POINT ( 'NONE',  ( 42.81000000000003780, 45.00000000000000000, 8.000000000000000000 ) ) ;
#307 = ORIENTED_EDGE ( 'NONE', *, *, #1736, .F. ) ;
#308 = DIRECTION ( 'NONE',  ( 1.000000000000000000, 0.000000000000000000, 0.000000000000000000 ) ) ;
#309 = LINE ( 'NONE', #471, #384 ) ;
#310 = EDGE_CURVE ( 'NONE', #2136, #66, #309, .T. ) ;
#311 = VERTEX_POINT ( 'NONE', #1056 ) ;
#312 = ADVANCED_FACE ( 'NONE', ( #1393 ), #2149, .F. ) ;
#313 = ORIENTED_EDGE ( 'NONE', *, *, #1708, .F. ) ;
#314 = ORIENTED_EDGE ( 'NONE', *, *, #2161, .T. ) ;
#315 = DIRECTION ( 'NONE',  ( 0.000000000000000000, -0.000000000000000000, -1.000000000000000000 ) ) ;
#316 = VECTOR ( 'NONE', #1631, 1000.000000000000114 ) ;
#317 = DIRECTION ( 'NONE',  ( -0.000000000000000000, 0.000000000000000000, 1.000000000000000000 ) ) ;
#318 = EDGE_LOOP ( 'NONE', ( #2118, #157, #675, #2154 ) ) ;
#319 = DIRECTION ( 'NONE',  ( 1.000000000000000000, 0.000000000000000000, 0.000000000000000000 ) ) ;
#320 = AXIS2_PLACEMENT_3D ( 'NONE', #2048, #514, #1707 ) ;
#321 = ORIENTED_EDGE ( 'NONE', *, *, #796, .F. ) ;
#322 = DIRECTION ( 'NONE',  ( -0.7071067811865661135, 8.659560562355160888E-17, 0.7071067811865289210 ) ) ;
#323 = EDGE_CURVE ( 'NONE', #1898, #200, #244, .T. ) ;
#324 = EDGE_LOOP ( 'NONE', ( #1871, #903, #1199, #1528 ) ) ;
#325 = EDGE_CURVE ( 'NONE', #1382, #716, #1190, .T. ) ;
#326 = EDGE_CURVE ( 'NONE', #569, #1799, #673, .T. ) ;
#327 = AXIS2_PLACEMENT_3D ( 'NONE', #1072, #1726, #215 ) ;
#328 = CARTESIAN_POINT ( 'NONE',  ( 100.0000000000000000, 97.00000000000000000, -1.859999999999998765 ) ) ;
#329 = EDGE_LOOP ( 'NONE', ( #2041, #1150, #1988, #2010 ) ) ;
#330 = DIRECTION ( 'NONE',  ( 0.000000000000000000, 0.000000000000000000, 1.000000000000000000 ) ) ;
#331 = AXIS2_PLACEMENT_3D ( 'NONE', #610, #264, #91 ) ;
#332 = LOCAL_TIME ( 9, 24, 0.000000000000000000, #2087 ) ;
#333 = ORIENTED_EDGE ( 'NONE', *, *, #1460, .T. ) ;
#334 = ORIENTED_EDGE ( 'NONE', *, *, #1821, .T. ) ;
#335 = ORIENTED_EDGE ( 'NONE', *, *, #1100, .F. ) ;
#336 = VECTOR ( 'NONE', #2012, 1000.000000000000114 ) ;
#337 = EDGE_CURVE ( 'NONE', #691, #392, #780, .T. ) ;
#338 = CARTESIAN_POINT ( 'NONE',  ( -100.0000000000000000, -97.00000000000000000, -0.5999999999999998668 ) ) ;
#339 = ORIENTED_EDGE ( 'NONE', *, *, #757, .T. ) ;
#340 = ORIENTED_EDGE ( 'NONE', *, *, #844, .F. ) ;
#341 = DIRECTION ( 'NONE',  ( -0.000000000000000000, 0.000000000000000000, 1.000000000000000000 ) ) ;
#342 = ORIENTED_EDGE ( 'NONE', *, *, #1038, .F. ) ;
#343 = ORIENTED_EDGE ( 'NONE', *, *, #326, .T. ) ;
#344 = DIRECTION ( 'NONE',  ( 0.000000000000000000, 0.000000000000000000, -1.000000000000000000 ) ) ;
#345 = CARTESIAN_POINT ( 'NONE',  ( -47.04999999999999716, -45.00000000000000000, 7.860000000000038511 ) ) ;
#346 = DIRECTION ( 'NONE',  ( 0.000000000000000000, 0.000000000000000000, 1.000000000000000000 ) ) ;
#347 = EDGE_CURVE ( 'NONE', #522, #1392, #367, .T. ) ;
#348 = VECTOR ( 'NONE', #305, 999.9999999999998863 ) ;
#349 = AXIS2_PLACEMENT_3D ( 'NONE', #47, #2109, #1287 ) ;
#350 = VECTOR ( 'NONE', #288, 1000.000000000000000 ) ;
#351 = CARTESIAN_POINT ( 'NONE',  ( -97.00000000000000000, 97.00000000000000000, -2.000000000000000000 ) ) ;
#352 = FACE_OUTER_BOUND ( 'NONE', #1173, .T. ) ;
#353 = EDGE_LOOP ( 'NONE', ( #2045, #1081, #1666, #1340 ) ) ;
#354 = CARTESIAN_POINT ( 'NONE',  ( -44.99999999999999289, 45.00000000000000000, 8.000000000000000000 ) ) ;
#355 = DIRECTION ( 'NONE',  ( -0.000000000000000000, -0.000000000000000000, 1.000000000000000000 ) ) ;
#356 = DIRECTION ( 'NONE',  ( 0.000000000000000000, -1.000000000000000000, 0.000000000000000000 ) ) ;
#357 = DIRECTION ( 'NONE',  ( -0.7071067811865661135, 8.659560562355160888E-17, 0.7071067811865289210 ) ) ;
#358 = DIRECTION ( 'NONE',  ( 0.000000000000000000, 1.000000000000000000, 0.000000000000000000 ) ) ;
#359 = ORIENTED_EDGE ( 'NONE', *, *, #2199, .T. ) ;
#360 = ADVANCED_FACE ( 'NONE', ( #1948 ), #1961, .T. ) ;
#361 = VECTOR ( 'NONE', #967, 1000.000000000000000 ) ;
#362 = DIRECTION ( 'NONE',  ( 1.000000000000000000, 0.000000000000000000, 0.000000000000000000 ) ) ;
#363 = CARTESIAN_POINT ( 'NONE',  ( -100.0000000000000000, -97.00000000000000000, -1.859999999999998765 ) ) ;
#364 = VECTOR ( 'NONE', #57, 1000.000000000000000 ) ;
#365 = ORIENTED_EDGE ( 'NONE', *, *, #1778, .T. ) ;
#366 = EDGE_CURVE ( 'NONE', #1600, #1579, #666, .T. ) ;
#367 = LINE ( 'NONE', #1710, #84 ) ;
#368 = CARTESIAN_POINT ( 'NONE',  ( -44.99999999999999289, 45.00000000000000000, 7.880000000000070948 ) ) ;
#369 = ORIENTED_EDGE ( 'NONE', *, *, #1284, .T. ) ;
#370 = AXIS2_PLACEMENT_3D ( 'NONE', #456, #2176, #1805 ) ;
#371 = LINE ( 'NONE', #2194, #910 ) ;
#372 = VERTEX_POINT ( 'NONE', #114 ) ;
#373 = FACE_OUTER_BOUND ( 'NONE', #1055, .T. ) ;
#374 = ORIENTED_EDGE ( 'NONE', *, *, #985, .T. ) ;
#375 = CARTESIAN_POINT ( 'NONE',  ( 45.00000000000000711, -45.00000000000000000, 8.000000000000000000 ) ) ;
#376 = DIRECTION ( 'NONE',  ( 0.000000000000000000, 0.000000000000000000, -1.000000000000000000 ) ) ;
#377 = EDGE_CURVE ( 'NONE', #1234, #104, #1167, .T. ) ;
#378 = ORIENTED_EDGE ( 'NONE', *, *, #453, .T. ) ;
#379 = DIRECTION ( 'NONE',  ( -0.000000000000000000, -0.000000000000000000, -1.000000000000000000 ) ) ;
#380 = EDGE_CURVE ( 'NONE', #1898, #1239, #138, .T. ) ;
#381 = ORIENTED_EDGE ( 'NONE', *, *, #1571, .T. ) ;
#382 = DIRECTION ( 'NONE',  ( 1.000000000000000000, 0.000000000000000000, 0.000000000000000000 ) ) ;
#383 = EDGE_LOOP ( 'NONE', ( #568, #1849, #252, #335 ) ) ;
#384 = VECTOR ( 'NONE', #1864, 1000.000000000000000 ) ;
#385 = VERTEX_POINT ( 'NONE', #960 ) ;
#386 = CARTESIAN_POINT ( 'NONE',  ( 45.00000000000000711, 45.00000000000000000, 7.879999999999987459 ) ) ;
#387 = CARTESIAN_POINT ( 'NONE',  ( -97.00000000000000000, 99.40000000000000568, 0.000000000000000000 ) ) ;
#388 = AXIS2_PLACEMENT_3D ( 'NONE', #2144, #1820, #1975 ) ;
#389 = CIRCLE ( 'NONE', #2078, 2.050000000000003375 ) ;
#390 = DIRECTION ( 'NONE',  ( 1.000000000000000000, 0.000000000000000000, 0.000000000000000000 ) ) ;
#391 = CIRCLE ( 'NONE', #1625, 0.5999999999999999778 ) ;
#392 = VERTEX_POINT ( 'NONE', #92 ) ;
#393 = CARTESIAN_POINT ( 'NONE',  ( -47.18999999999996220, -45.00000000000000000, 8.000000000000000000 ) ) ;
#394 = EDGE_LOOP ( 'NONE', ( #818, #1734, #1256, #2026 ) ) ;
#395 = ADVANCED_FACE ( 'NONE', ( #1626 ), #868, .T. ) ;
#396 = LINE ( 'NONE', #423, #234 ) ;
#397 = EDGE_LOOP ( 'NONE', ( #1773, #1232, #1915, #1718 ) ) ;
#398 = CARTESIAN_POINT ( 'NONE',  ( 99.40000000000000568, 0.000000000000000000, 0.000000000000000000 ) ) ;
#399 = DIRECTION ( 'NONE',  ( 1.000000000000000000, 0.000000000000000000, 0.000000000000000000 ) ) ;
#400 = COORDINATED_UNIVERSAL_TIME_OFFSET ( 3, 0, .BEHIND. ) ;
#401 = FACE_OUTER_BOUND ( 'NONE', #103, .T. ) ;
#402 = AXIS2_PLACEMENT_3D ( 'NONE', #1384, #356, #710 ) ;
#403 = AXIS2_PLACEMENT_3D ( 'NONE', #1310, #2108, #2132 ) ;
#404 = CARTESIAN_POINT ( 'NONE',  ( -44.99999999999999289, 45.00000000000000000, 8.000000000000000000 ) ) ;
#405 = ORIENTED_EDGE ( 'NONE', *, *, #1158, .T. ) ;
#406 = ORIENTED_EDGE ( 'NONE', *, *, #1592, .T. ) ;
#407 = EDGE_CURVE ( 'NONE', #1887, #621, #1090, .T. ) ;
#408 = DIRECTION ( 'NONE',  ( -0.000000000000000000, 0.000000000000000000, 1.000000000000000000 ) ) ;
#409 = ORIENTED_EDGE ( 'NONE', *, *, #1846, .F. ) ;
#410 = DIRECTION ( 'NONE',  ( -0.000000000000000000, 0.000000000000000000, 1.000000000000000000 ) ) ;
#411 = AXIS2_PLACEMENT_3D ( 'NONE', #421, #1107, #567 ) ;
#412 = EDGE_LOOP ( 'NONE', ( #218, #54, #1448, #1443 ) ) ;
#413 = FACE_OUTER_BOUND ( 'NONE', #1945, .T. ) ;
#414 = DIRECTION ( 'NONE',  ( 0.000000000000000000, 0.000000000000000000, -1.000000000000000000 ) ) ;
#415 = CARTESIAN_POINT ( 'NONE',  ( -50.59999999999998721, 45.00000000000000000, 0.5999999999999998668 ) ) ;
#416 = PERSON_AND_ORGANIZATION_ROLE ( 'creator' ) ;
#417 = VECTOR ( 'NONE', #1203, 1000.000000000000114 ) ;
#418 = AXIS2_PLACEMENT_3D ( 'NONE', #297, #1124, #949 ) ;
#419 = DIRECTION ( 'NONE',  ( 0.000000000000000000, 0.000000000000000000, -1.000000000000000000 ) ) ;
#420 = APPROVAL_ROLE ( '' ) ;
#421 = CARTESIAN_POINT ( 'NONE',  ( -44.99999999999999289, 45.00000000000000000, -2.000000000000000000 ) ) ;
#422 = VERTEX_POINT ( 'NONE', #817 ) ;
#423 = CARTESIAN_POINT ( 'NONE',  ( 0.000000000000000000, 100.0000000000000000, -1.859999999999998765 ) ) ;
#424 = EDGE_CURVE ( 'NONE', #66, #2082, #1853, .T. ) ;
#425 = DIRECTION ( 'NONE',  ( 1.000000000000000000, 0.000000000000000000, 0.000000000000000000 ) ) ;
#426 = DIRECTION ( 'NONE',  ( -1.000000000000000000, 0.000000000000000000, 0.000000000000000000 ) ) ;
#427 = VECTOR ( 'NONE', #1238, 1000.000000000000000 ) ;
#428 = APPROVAL_DATE_TIME ( #1102, #885 ) ;
#429 = DIRECTION ( 'NONE',  ( 1.000000000000000000, 0.000000000000000000, 0.000000000000000000 ) ) ;
#430 = ADVANCED_FACE ( 'NONE', ( #689 ), #2031, .T. ) ;
#431 = DIRECTION ( 'NONE',  ( -0.000000000000000000, 0.000000000000000000, 1.000000000000000000 ) ) ;
#432 = CONICAL_SURFACE ( 'NONE', #1831, 2.050000000000003375, 0.7853981633975257726 ) ;
#433 = AXIS2_PLACEMENT_3D ( 'NONE', #576, #431, #1950 ) ;
#434 = CARTESIAN_POINT ( 'NONE',  ( 47.05000000000001137, -45.00000000000000000, 7.860000000000038511 ) ) ;
#435 = VERTEX_POINT ( 'NONE', #1717 ) ;
#436 = DIRECTION ( 'NONE',  ( -0.000000000000000000, -0.000000000000000000, -1.000000000000000000 ) ) ;
#437 = LINE ( 'NONE', #387, #1210 ) ;
#438 = CARTESIAN_POINT ( 'NONE',  ( 100.0000000000000000, -97.00000000000000000, -2.000000000000000000 ) ) ;
#439 = EDGE_CURVE ( 'NONE', #1829, #2097, #396, .T. ) ;
#440 = AXIS2_PLACEMENT_3D ( 'NONE', #1143, #1630, #107 ) ;
#441 = AXIS2_PLACEMENT_3D ( 'NONE', #241, #669, #1818 ) ;
#442 = VECTOR ( 'NONE', #959, 1000.000000000000000 ) ;
#443 = PERSON_AND_ORGANIZATION_ROLE ( 'creator' ) ;
#444 = DIRECTION ( 'NONE',  ( 1.000000000000000000, 0.000000000000000000, 0.000000000000000000 ) ) ;
#445 = LINE ( 'NONE', #1790, #1522 ) ;
#446 = ORIENTED_EDGE ( 'NONE', *, *, #898, .F. ) ;
#447 = ORIENTED_EDGE ( 'NONE', *, *, #2095, .T. ) ;
#448 = DIRECTION ( 'NONE',  ( -0.000000000000000000, -0.000000000000000000, -1.000000000000000000 ) ) ;
#449 = AXIS2_PLACEMENT_3D ( 'NONE', #528, #190, #1677 ) ;
#450 = DIRECTION ( 'NONE',  ( -0.000000000000000000, -0.000000000000000000, 1.000000000000000000 ) ) ;
#451 = CARTESIAN_POINT ( 'NONE',  ( 45.00000000000000711, -45.00000000000000000, 0.5999999999999998668 ) ) ;
#452 = CIRCLE ( 'NONE', #1711, 4.999999999999997335 ) ;
#453 = EDGE_CURVE ( 'NONE', #1239, #1309, #55, .T. ) ;
#454 = DIRECTION ( 'NONE',  ( 1.000000000000000000, 0.000000000000000000, 0.000000000000000000 ) ) ;
#455 = CYLINDRICAL_SURFACE ( 'NONE', #440, 4.999999999999997335 ) ;
#456 = CARTESIAN_POINT ( 'NONE',  ( 45.00000000000000711, 45.00000000000000000, 7.860000000000038511 ) ) ;
#457 = ORIENTED_EDGE ( 'NONE', *, *, #1780, .T. ) ;
#458 = DIRECTION ( 'NONE',  ( 0.000000000000000000, 0.000000000000000000, 1.000000000000000000 ) ) ;
#459 = DIRECTION ( 'NONE',  ( -1.000000000000000000, 0.000000000000000000, 0.000000000000000000 ) ) ;
#460 = CARTESIAN_POINT ( 'NONE',  ( 50.60000000000000142, 45.00000000000000000, -5.421010862427522170E-17 ) ) ;
#461 = CIRCLE ( 'NONE', #279, 2.860000000000001208 ) ;
#462 = CIRCLE ( 'NONE', #97, 5.599999999999994316 ) ;
#463 = TOROIDAL_SURFACE ( 'NONE', #755, 5.599999999999996092, 0.5999999999999999778 ) ;
#464 = AXIS2_PLACEMENT_3D ( 'NONE', #277, #105, #797 ) ;
#465 = EDGE_CURVE ( 'NONE', #1004, #1600, #251, .T. ) ;
#466 = CARTESIAN_POINT ( 'NONE',  ( -97.00000000000000000, -97.00000000000000000, -1.859999999999998765 ) ) ;
#467 = EDGE_CURVE ( 'NONE', #621, #1887, #1319, .T. ) ;
#468 = CARTESIAN_POINT ( 'NONE',  ( -44.99999999999999289, -45.00000000000000000, 7.880000000000070948 ) ) ;
#469 = VERTEX_POINT ( 'NONE', #1729 ) ;
#470 = CARTESIAN_POINT ( 'NONE',  ( -42.94999999999998863, 45.00000000000000000, 7.860000000000038511 ) ) ;
#471 = CARTESIAN_POINT ( 'NONE',  ( 40.00000000000000711, 45.00000000000000000, 8.000000000000000000 ) ) ;
#472 = ORIENTED_EDGE ( 'NONE', *, *, #1468, .F. ) ;
#473 = EDGE_LOOP ( 'NONE', ( #1520, #1876, #2142, #1434 ) ) ;
#474 = DIRECTION ( 'NONE',  ( 1.000000000000000000, 0.000000000000000000, -0.000000000000000000 ) ) ;
#475 = AXIS2_PLACEMENT_3D ( 'NONE', #700, #2028, #1506 ) ;
#476 = CYLINDRICAL_SURFACE ( 'NONE', #1585, 2.050000000000003375 ) ;
#477 = ADVANCED_FACE ( 'NONE', ( #373 ), #553, .T. ) ;
#478 = AXIS2_PLACEMENT_3D ( 'NONE', #1582, #1929, #1294 ) ;
#479 = DIRECTION ( 'NONE',  ( 1.000000000000000000, 0.000000000000000000, 0.000000000000000000 ) ) ;
#480 = ORIENTED_EDGE ( 'NONE', *, *, #2075, .F. ) ;
#481 = DIRECTION ( 'NONE',  ( 1.000000000000000000, 0.000000000000000000, 0.000000000000000000 ) ) ;
#482 = DIRECTION ( 'NONE',  ( 1.000000000000000000, 0.000000000000000000, 0.000000000000000000 ) ) ;
#483 = EDGE_CURVE ( 'NONE', #691, #1962, #1567, .T. ) ;
#484 = ORIENTED_EDGE ( 'NONE', *, *, #89, .T. ) ;
#485 = DIRECTION ( 'NONE',  ( 1.000000000000000000, 0.000000000000000000, 0.000000000000000000 ) ) ;
#486 = EDGE_LOOP ( 'NONE', ( #981, #2001 ) ) ;
#487 = EDGE_LOOP ( 'NONE', ( #2, #170, #90, #672 ) ) ;
#488 = CIRCLE ( 'NONE', #598, 4.880000000000050520 ) ;
#489 = CARTESIAN_POINT ( 'NONE',  ( 47.05000000000001137, -45.00000000000000000, 7.860000000000038511 ) ) ;
#490 = DIRECTION ( 'NONE',  ( 1.000000000000000000, 0.000000000000000000, 0.000000000000000000 ) ) ;
#491 = DIRECTION ( 'NONE',  ( -1.000000000000000000, 0.000000000000000000, 0.000000000000000000 ) ) ;
#492 = EDGE_LOOP ( 'NONE', ( #148, #1825, #378, #1359 ) ) ;
#493 = CARTESIAN_POINT ( 'NONE',  ( 100.0000000000000000, -97.00000000000000000, -0.5999999999999998668 ) ) ;
#494 = AXIS2_PLACEMENT_3D ( 'NONE', #1446, #203, #228 ) ;
#495 = ORIENTED_EDGE ( 'NONE', *, *, #544, .F. ) ;
#496 = ADVANCED_FACE ( 'NONE', ( #2083, #67 ), #2096, .T. ) ;
#497 = ORIENTED_EDGE ( 'NONE', *, *, #1038, .T. ) ;
#498 = ADVANCED_FACE ( 'NONE', ( #43 ), #521, .F. ) ;
#499 = DIRECTION ( 'NONE',  ( 1.000000000000000000, 0.000000000000000000, 0.000000000000000000 ) ) ;
#500 = AXIS2_PLACEMENT_3D ( 'NONE', #656, #88, #262 ) ;
#501 = CARTESIAN_POINT ( 'NONE',  ( -49.99999999999998579, 45.00000000000000000, 0.5999999999999998668 ) ) ;
#502 = EDGE_LOOP ( 'NONE', ( #1293, #24, #1419, #406 ) ) ;
#503 = FACE_OUTER_BOUND ( 'NONE', #1469, .T. ) ;
#504 = ORIENTED_EDGE ( 'NONE', *, *, #1415, .T. ) ;
#505 = EDGE_CURVE ( 'NONE', #200, #1898, #1548, .T. ) ;
#506 = ORIENTED_EDGE ( 'NONE', *, *, #859, .F. ) ;
#507 = ORIENTED_EDGE ( 'NONE', *, *, #1270, .T. ) ;
#508 = CARTESIAN_POINT ( 'NONE',  ( -50.59999999999998721, -45.00000000000000000, -5.421010862427522170E-17 ) ) ;
#509 = CIRCLE ( 'NONE', #221, 0.5999999999999999778 ) ;
#510 = DIRECTION ( 'NONE',  ( -0.000000000000000000, 0.000000000000000000, 1.000000000000000000 ) ) ;
#511 = DIRECTION ( 'NONE',  ( 1.000000000000000000, 0.000000000000000000, 0.000000000000000000 ) ) ;
#512 = AXIS2_PLACEMENT_3D ( 'NONE', #595, #448, #1111 ) ;
#513 = LINE ( 'NONE', #193, #676 ) ;
#514 = DIRECTION ( 'NONE',  ( 0.000000000000000000, -0.000000000000000000, -1.000000000000000000 ) ) ;
#515 = EDGE_LOOP ( 'NONE', ( #2009, #1503, #313, #914 ) ) ;
#516 = AXIS2_PLACEMENT_3D ( 'NONE', #687, #519, #2029 ) ;
#517 = DIRECTION ( 'NONE',  ( 1.000000000000000000, 0.000000000000000000, 0.000000000000000000 ) ) ;
#518 = ADVANCED_FACE ( 'NONE', ( #738 ), #1598, .T. ) ;
#519 = DIRECTION ( 'NONE',  ( 0.000000000000000000, 0.000000000000000000, 1.000000000000000000 ) ) ;
#520 = ORIENTED_EDGE ( 'NONE', *, *, #1499, .F. ) ;
#521 = CONICAL_SURFACE ( 'NONE', #494, 2.050000000000003375, 0.7853981633974745913 ) ;
#522 = VERTEX_POINT ( 'NONE', #593 ) ;
#523 = DIRECTION ( 'NONE',  ( 1.000000000000000000, 0.000000000000000000, 0.000000000000000000 ) ) ;
#524 = CARTESIAN_POINT ( 'NONE',  ( -42.94999999999998863, -45.00000000000000000, -1.860000000000052944 ) ) ;
#525 = DIRECTION ( 'NONE',  ( 1.000000000000000000, 0.000000000000000000, 0.000000000000000000 ) ) ;
#526 = DIRECTION ( 'NONE',  ( 0.000000000000000000, -0.7071067811865475727, 0.7071067811865475727 ) ) ;
#527 = ADVANCED_FACE ( 'NONE', ( #913 ), #1578, .T. ) ;
#528 = CARTESIAN_POINT ( 'NONE',  ( 45.00000000000000711, 45.00000000000000000, 7.879999999999987459 ) ) ;
#529 = ORIENTED_EDGE ( 'NONE', *, *, #1546, .T. ) ;
#530 = CIRCLE ( 'NONE', #1074, 5.599999999999994316 ) ;
#531 = ADVANCED_FACE ( 'NONE', ( #76 ), #1885, .T. ) ;
#532 = EDGE_LOOP ( 'NONE', ( #1172, #1328, #1338, #28, #688, #343, #838, #1563 ) ) ;
#533 = AXIS2_PLACEMENT_3D ( 'NONE', #1811, #1326, #2182 ) ;
#534 = LINE ( 'NONE', #1217, #1863 ) ;
#535 = DIRECTION ( 'NONE',  ( 0.7071067811865475727, -0.000000000000000000, 0.7071067811865475727 ) ) ;
#536 = ORIENTED_EDGE ( 'NONE', *, *, #1386, .F. ) ;
#537 = DIRECTION ( 'NONE',  ( -0.000000000000000000, -0.000000000000000000, -1.000000000000000000 ) ) ;
#538 = CARTESIAN_POINT ( 'NONE',  ( -97.00000000000000000, 100.0000000000000000, -0.5999999999999998668 ) ) ;
#539 = VERTEX_POINT ( 'NONE', #32 ) ;
#540 = CARTESIAN_POINT ( 'NONE',  ( 0.000000000000000000, 0.000000000000000000, 8.000000000000000000 ) ) ;
#541 = EDGE_CURVE ( 'NONE', #392, #691, #1880, .T. ) ;
#542 = ORIENTED_EDGE ( 'NONE', *, *, #337, .T. ) ;
#543 = CIRCLE ( 'NONE', #180, 0.5999999999999999778 ) ;
#544 = EDGE_CURVE ( 'NONE', #723, #2068, #951, .T. ) ;
#545 = CARTESIAN_POINT ( 'NONE',  ( 40.00000000000000711, 45.00000000000000000, 0.5999999999999998668 ) ) ;
#546 = DIRECTION ( 'NONE',  ( 0.7071067811865960895, 8.659560562355528202E-17, -0.7071067811864990560 ) ) ;
#547 = TOROIDAL_SURFACE ( 'NONE', #478, 2.400000000000000355, 0.5999999999999999778 ) ;
#548 = ORIENTED_EDGE ( 'NONE', *, *, #1554, .F. ) ;
#549 = CARTESIAN_POINT ( 'NONE',  ( -44.99999999999999289, 45.00000000000000000, 7.860000000000038511 ) ) ;
#550 = LOCAL_TIME ( 9, 24, 0.000000000000000000, #400 ) ;
#551 = CARTESIAN_POINT ( 'NONE',  ( -97.00000000000000000, -100.0000000000000000, -2.000000000000000000 ) ) ;
#552 = ORIENTED_EDGE ( 'NONE', *, *, #1227, .F. ) ;
#553 = CONICAL_SURFACE ( 'NONE', #1705, 2.860000000000001208, 0.7853981633974391752 ) ;
#554 = AXIS2_PLACEMENT_3D ( 'NONE', #1145, #111, #1184 ) ;
#555 = DIRECTION ( 'NONE',  ( 0.000000000000000000, -0.000000000000000000, -1.000000000000000000 ) ) ;
#556 = ORIENTED_EDGE ( 'NONE', *, *, #884, .F. ) ;
#557 = CARTESIAN_POINT ( 'NONE',  ( -97.00000000000000000, -97.00000000000000000, -2.000000000000000000 ) ) ;
#558 = ORIENTED_EDGE ( 'NONE', *, *, #985, .F. ) ;
#559 = CIRCLE ( 'NONE', #121, 2.189999999999969749 ) ;
#560 = PLANE ( 'NONE',  #1152 ) ;
#561 = CARTESIAN_POINT ( 'NONE',  ( -100.0000000000000000, 0.000000000000000000, -2.000000000000000000 ) ) ;
#562 = EDGE_CURVE ( 'NONE', #1576, #539, #1139, .T. ) ;
#563 = EDGE_LOOP ( 'NONE', ( #1523, #935, #834, #1426 ) ) ;
#564 = DIRECTION ( 'NONE',  ( -0.000000000000000000, 0.000000000000000000, 1.000000000000000000 ) ) ;
#565 = ADVANCED_FACE ( 'NONE', ( #1116 ), #918, .T. ) ;
#566 = ORIENTED_EDGE ( 'NONE', *, *, #630, .T. ) ;
#567 = DIRECTION ( 'NONE',  ( 1.000000000000000000, 0.000000000000000000, 0.000000000000000000 ) ) ;
#568 = ORIENTED_EDGE ( 'NONE', *, *, #615, .F. ) ;
#569 = VERTEX_POINT ( 'NONE', #938 ) ;
#570 = CIRCLE ( 'NONE', #2115, 2.050000000000003375 ) ;
#571 = FACE_OUTER_BOUND ( 'NONE', #747, .T. ) ;
#572 = CONICAL_SURFACE ( 'NONE', #2037, 4.879999999999967919, 0.7853981633975168908 ) ;
#573 = DIRECTION ( 'NONE',  ( 1.000000000000000000, 0.000000000000000000, 0.000000000000000000 ) ) ;
#574 = VECTOR ( 'NONE', #1127, 1000.000000000000000 ) ;
#575 = EDGE_CURVE ( 'NONE', #2117, #161, #612, .T. ) ;
#576 = CARTESIAN_POINT ( 'NONE',  ( 45.00000000000000711, 45.00000000000000000, -2.000000000000000000 ) ) ;
#577 = VERTEX_POINT ( 'NONE', #756 ) ;
#578 = CARTESIAN_POINT ( 'NONE',  ( -99.85999999999999943, -97.00000000000000000, -2.000000000000000000 ) ) ;
#579 = ORIENTED_EDGE ( 'NONE', *, *, #258, .T. ) ;
#580 = CARTESIAN_POINT ( 'NONE',  ( -97.00000000000000000, 97.00000000000000000, -2.000000000000000000 ) ) ;
#581 = EDGE_LOOP ( 'NONE', ( #78, #1333, #830, #640 ) ) ;
#582 = CARTESIAN_POINT ( 'NONE',  ( -97.00000000000000000, -100.0000000000000000, -1.859999999999998765 ) ) ;
#583 = DIRECTION ( 'NONE',  ( 1.000000000000000000, 0.000000000000000000, -0.000000000000000000 ) ) ;
#584 = CARTESIAN_POINT ( 'NONE',  ( -97.00000000000000000, -97.00000000000000000, -2.000000000000000000 ) ) ;
#585 = CALENDAR_DATE ( 2026, 28, 7 ) ;
#586 = AXIS2_PLACEMENT_3D ( 'NONE', #1002, #6, #2018 ) ;
#587 = CIRCLE ( 'NONE', #799, 0.5999999999999999778 ) ;
#588 = CARTESIAN_POINT ( 'NONE',  ( -97.00000000000000000, 97.00000000000000000, 0.000000000000000000 ) ) ;
#589 = MECHANICAL_CONTEXT ( 'NONE', #1335, 'mechanical' ) ;
#590 = ADVANCED_FACE ( 'NONE', ( #1613 ), #964, .T. ) ;
#591 = FACE_OUTER_BOUND ( 'NONE', #1221, .T. ) ;
#592 = ORIENTED_EDGE ( 'NONE', *, *, #575, .T. ) ;
#593 = CARTESIAN_POINT ( 'NONE',  ( -42.94999999999998863, 45.00000000000000000, -1.860000000000052944 ) ) ;
#594 = VECTOR ( 'NONE', #226, 1000.000000000000000 ) ;
#595 = CARTESIAN_POINT ( 'NONE',  ( -44.99999999999999289, 45.00000000000000000, 8.000000000000000000 ) ) ;
#596 = CARTESIAN_POINT ( 'NONE',  ( 45.00000000000000711, 45.00000000000000000, 0.5999999999999998668 ) ) ;
#597 = PERSON_AND_ORGANIZATION ( #1983, #1129 ) ;
#598 = AXIS2_PLACEMENT_3D ( 'NONE', #915, #1750, #905 ) ;
#599 = CARTESIAN_POINT ( 'NONE',  ( -44.99999999999999289, 45.00000000000000000, 8.000000000000000000 ) ) ;
#600 = ORIENTED_EDGE ( 'NONE', *, *, #1889, .T. ) ;
#601 = EDGE_CURVE ( 'NONE', #522, #392, #744, .T. ) ;
#602 = ORIENTED_EDGE ( 'NONE', *, *, #214, .T. ) ;
#603 = ADVANCED_FACE ( 'NONE', ( #401 ), #1182, .F. ) ;
#604 = DIRECTION ( 'NONE',  ( -0.000000000000000000, 0.000000000000000000, 1.000000000000000000 ) ) ;
#605 = AXIS2_PLACEMENT_3D ( 'NONE', #176, #1721, #1080 ) ;
#606 = LINE ( 'NONE', #1455, #222 ) ;
#607 = DIRECTION ( 'NONE',  ( -0.000000000000000000, 0.000000000000000000, 1.000000000000000000 ) ) ;
#608 = EDGE_LOOP ( 'NONE', ( #639, #1259, #2159, #276 ) ) ;
#609 = EDGE_CURVE ( 'NONE', #626, #621, #1297, .T. ) ;
#610 = CARTESIAN_POINT ( 'NONE',  ( 0.000000000000000000, 0.000000000000000000, 0.000000000000000000 ) ) ;
#611 = PERSON_AND_ORGANIZATION ( #1983, #1129 ) ;
#612 = LINE ( 'NONE', #438, #1657 ) ;
#613 = ORIENTED_EDGE ( 'NONE', *, *, #1648, .F. ) ;
#614 = ADVANCED_FACE ( 'NONE', ( #1777 ), #1949, .F. ) ;
#615 = EDGE_CURVE ( 'NONE', #1382, #1458, #643, .T. ) ;
#616 = AXIS2_PLACEMENT_3D ( 'NONE', #269, #454, #1641 ) ;
#617 = DIRECTION ( 'NONE',  ( 1.224646799147353207E-16, 1.000000000000000000, 0.000000000000000000 ) ) ;
#618 = FACE_OUTER_BOUND ( 'NONE', #1400, .T. ) ;
#619 = DIRECTION ( 'NONE',  ( -1.000000000000000000, 0.000000000000000000, 0.000000000000000000 ) ) ;
#620 = FACE_OUTER_BOUND ( 'NONE', #185, .T. ) ;
#621 = VERTEX_POINT ( 'NONE', #1618 ) ;
#622 = CYLINDRICAL_SURFACE ( 'NONE', #512, 4.999999999999997335 ) ;
#623 = DIRECTION ( 'NONE',  ( -0.000000000000000000, -0.000000000000000000, -1.000000000000000000 ) ) ;
#624 = AXIS2_PLACEMENT_3D ( 'NONE', #841, #1387, #1848 ) ;
#625 = CARTESIAN_POINT ( 'NONE',  ( -0.000000000000000000, 99.85999999999999943, -2.000000000000000000 ) ) ;
#626 = VERTEX_POINT ( 'NONE', #955 ) ;
#627 = VERTEX_POINT ( 'NONE', #1652 ) ;
#628 = CARTESIAN_POINT ( 'NONE',  ( -49.88000000000004519, -45.00000000000000000, 8.000000000000000000 ) ) ;
#629 = AXIS2_PLACEMENT_3D ( 'NONE', #549, #1220, #1877 ) ;
#630 = EDGE_CURVE ( 'NONE', #289, #691, #1979, .T. ) ;
#631 =( NAMED_UNIT ( * ) PLANE_ANGLE_UNIT ( ) SI_UNIT ( $, .RADIAN. ) );
#632 = DIRECTION ( 'NONE',  ( 0.000000000000000000, 0.000000000000000000, 1.000000000000000000 ) ) ;
#633 = DIRECTION ( 'NONE',  ( -1.000000000000000000, 0.000000000000000000, 0.000000000000000000 ) ) ;
#634 = CARTESIAN_POINT ( 'NONE',  ( 0.000000000000000000, -100.0000000000000000, -0.5999999999999998668 ) ) ;
#635 = ORIENTED_EDGE ( 'NONE', *, *, #660, .F. ) ;
#636 = DIRECTION ( 'NONE',  ( 0.000000000000000000, 0.000000000000000000, 1.000000000000000000 ) ) ;
#637 = DIRECTION ( 'NONE',  ( 0.000000000000000000, 0.000000000000000000, -1.000000000000000000 ) ) ;
#638 = AXIS2_PLACEMENT_3D ( 'NONE', #1073, #2057, #763 ) ;
#639 = ORIENTED_EDGE ( 'NONE', *, *, #1329, .F. ) ;
#640 = ORIENTED_EDGE ( 'NONE', *, *, #439, .T. ) ;
#641 = ADVANCED_FACE ( 'NONE', ( #1135 ), #1968, .F. ) ;
#642 = VERTEX_POINT ( 'NONE', #98 ) ;
#643 = CIRCLE ( 'NONE', #1861, 0.5999999999999999778 ) ;
#644 = CONICAL_SURFACE ( 'NONE', #1794, 4.879999999999967919, 0.7853981633975168908 ) ;
#645 = CIRCLE ( 'NONE', #1974, 2.399999999999999467 ) ;
#646 = DIRECTION ( 'NONE',  ( -0.000000000000000000, -0.000000000000000000, 1.000000000000000000 ) ) ;
#647 = DIRECTION ( 'NONE',  ( -0.000000000000000000, -0.000000000000000000, 1.000000000000000000 ) ) ;
#648 = ORIENTED_EDGE ( 'NONE', *, *, #757, .F. ) ;
#649 = CARTESIAN_POINT ( 'NONE',  ( 49.87999999999997414, -45.00000000000000000, 8.000000000000000000 ) ) ;
#650 = VERTEX_POINT ( 'NONE', #1121 ) ;
#651 = EDGE_LOOP ( 'NONE', ( #600, #1312, #1833, #1136 ) ) ;
#652 = ORIENTED_EDGE ( 'NONE', *, *, #201, .F. ) ;
#653 = DIRECTION ( 'NONE',  ( -1.000000000000000000, 0.000000000000000000, 0.000000000000000000 ) ) ;
#654 = CIRCLE ( 'NONE', #36, 4.999999999999997335 ) ;
#655 = DIRECTION ( 'NONE',  ( 0.000000000000000000, 0.000000000000000000, -1.000000000000000000 ) ) ;
#656 = CARTESIAN_POINT ( 'NONE',  ( -44.99999999999999289, 45.00000000000000000, 8.000000000000000000 ) ) ;
#657 = CYLINDRICAL_SURFACE ( 'NONE', #1095, 3.000000000000002665 ) ;
#658 = EDGE_LOOP ( 'NONE', ( #858, #1676 ) ) ;
#659 = LINE ( 'NONE', #1005, #1533 ) ;
#660 = EDGE_CURVE ( 'NONE', #200, #694, #134, .T. ) ;
#661 = ORIENTED_EDGE ( 'NONE', *, *, #467, .T. ) ;
#662 = AXIS2_PLACEMENT_3D ( 'NONE', #1411, #1517, #1673 ) ;
#663 = EDGE_LOOP ( 'NONE', ( #1862, #908, #2013, #671 ) ) ;
#664 = AXIS2_PLACEMENT_3D ( 'NONE', #2000, #957, #1482 ) ;
#665 = PLANE ( 'NONE',  #402 ) ;
#666 = CIRCLE ( 'NONE', #418, 4.999999999999997335 ) ;
#667 = CARTESIAN_POINT ( 'NONE',  ( -40.11999999999994060, -45.00000000000000000, 8.000000000000000000 ) ) ;
#668 = CARTESIAN_POINT ( 'NONE',  ( 45.00000000000000711, 45.00000000000000000, 0.5999999999999998668 ) ) ;
#669 = DIRECTION ( 'NONE',  ( 0.000000000000000000, 0.000000000000000000, -1.000000000000000000 ) ) ;
#670 = EDGE_CURVE ( 'NONE', #900, #1493, #1771, .T. ) ;
#671 = ORIENTED_EDGE ( 'NONE', *, *, #20, .F. ) ;
#672 = ORIENTED_EDGE ( 'NONE', *, *, #1343, .F. ) ;
#673 = CIRCLE ( 'NONE', #1654, 2.860000000000001208 ) ;
#674 = DIRECTION ( 'NONE',  ( 0.000000000000000000, 0.000000000000000000, -1.000000000000000000 ) ) ;
#675 = ORIENTED_EDGE ( 'NONE', *, *, #601, .T. ) ;
#676 = VECTOR ( 'NONE', #1874, 1000.000000000000000 ) ;
#677 = CIRCLE ( 'NONE', #1115, 2.860000000000001208 ) ;
#678 = CIRCLE ( 'NONE', #1683, 2.189999999999969749 ) ;
#679 = CARTESIAN_POINT ( 'NONE',  ( 42.95000000000000284, -45.00000000000000000, -1.859999999999969678 ) ) ;
#680 = ORIENTED_EDGE ( 'NONE', *, *, #467, .F. ) ;
#681 = DIRECTION ( 'NONE',  ( 1.000000000000000000, 0.000000000000000000, 0.000000000000000000 ) ) ;
#682 = ADVANCED_FACE ( 'NONE', ( #2128 ), #476, .F. ) ;
#683 = APPROVAL ( #977, 'UNSPECIFIED' ) ;
#684 = VERTEX_POINT ( 'NONE', #1330 ) ;
#685 = LINE ( 'NONE', #177, #1636 ) ;
#686 = VECTOR ( 'NONE', #867, 1000.000000000000114 ) ;
#687 = CARTESIAN_POINT ( 'NONE',  ( 45.00000000000000711, -45.00000000000000000, 7.860000000000038511 ) ) ;
#688 = ORIENTED_EDGE ( 'NONE', *, *, #284, .T. ) ;
#689 = FACE_OUTER_BOUND ( 'NONE', #1759, .T. ) ;
#690 = AXIS2_PLACEMENT_3D ( 'NONE', #1470, #436, #1589 ) ;
#691 = VERTEX_POINT ( 'NONE', #2163 ) ;
#692 = FACE_OUTER_BOUND ( 'NONE', #1489, .T. ) ;
#693 = DIRECTION ( 'NONE',  ( -0.000000000000000000, 0.000000000000000000, 1.000000000000000000 ) ) ;
#694 = VERTEX_POINT ( 'NONE', #283 ) ;
#695 = EDGE_CURVE ( 'NONE', #163, #1962, #23, .T. ) ;
#696 = CIRCLE ( 'NONE', #798, 4.999999999999997335 ) ;
#697 = DIRECTION ( 'NONE',  ( 1.000000000000000000, -0.000000000000000000, 0.000000000000000000 ) ) ;
#698 = ORIENTED_EDGE ( 'NONE', *, *, #670, .T. ) ;
#699 = EDGE_LOOP ( 'NONE', ( #652, #125, #1552, #1704 ) ) ;
#700 = CARTESIAN_POINT ( 'NONE',  ( 45.00000000000000711, 45.00000000000000000, -1.859999999999969678 ) ) ;
#701 = EDGE_CURVE ( 'NONE', #1412, #1882, #1556, .T. ) ;
#702 = CIRCLE ( 'NONE', #1304, 0.5999999999999999778 ) ;
#703 = FACE_OUTER_BOUND ( 'NONE', #473, .T. ) ;
#704 = CARTESIAN_POINT ( 'NONE',  ( -97.00000000000000000, -99.85999999999999943, -2.000000000000000000 ) ) ;
#705 = DIRECTION ( 'NONE',  ( -0.000000000000000000, 0.000000000000000000, 1.000000000000000000 ) ) ;
#706 = LINE ( 'NONE', #1551, #741 ) ;
#707 = AXIS2_PLACEMENT_3D ( 'NONE', #2157, #21, #511 ) ;
#708 = ORIENTED_EDGE ( 'NONE', *, *, #1069, .F. ) ;
#709 = CARTESIAN_POINT ( 'NONE',  ( 100.0000000000000000, 0.000000000000000000, -2.000000000000000000 ) ) ;
#710 = DIRECTION ( 'NONE',  ( 0.000000000000000000, -0.000000000000000000, -1.000000000000000000 ) ) ;
#711 = EDGE_CURVE ( 'NONE', #1545, #1309, #890, .T. ) ;
#712 = VERTEX_POINT ( 'NONE', #1467 ) ;
#713 = VECTOR ( 'NONE', #1084, 1000.000000000000000 ) ;
#714 = DIRECTION ( 'NONE',  ( 1.000000000000000000, 0.000000000000000000, 0.000000000000000000 ) ) ;
#715 = ADVANCED_FACE ( 'NONE', ( #792 ), #1164, .T. ) ;
#716 = VERTEX_POINT ( 'NONE', #109 ) ;
#717 = CIRCLE ( 'NONE', #1437, 5.599999999999994316 ) ;
#718 = FACE_OUTER_BOUND ( 'NONE', #412, .T. ) ;
#719 = DIRECTION ( 'NONE',  ( 1.000000000000000000, -0.000000000000000000, 0.000000000000000000 ) ) ;
#720 = ORIENTED_EDGE ( 'NONE', *, *, #1519, .F. ) ;
#721 = DIRECTION ( 'NONE',  ( 1.000000000000000000, 0.000000000000000000, 0.000000000000000000 ) ) ;
#722 = DIRECTION ( 'NONE',  ( 1.000000000000000000, 0.000000000000000000, 0.000000000000000000 ) ) ;
#723 = VERTEX_POINT ( 'NONE', #1944 ) ;
#724 = CARTESIAN_POINT ( 'NONE',  ( 47.19000000000006168, 45.00000000000000000, -2.000000000000000000 ) ) ;
#725 = CARTESIAN_POINT ( 'NONE',  ( -44.99999999999999289, 45.00000000000000000, 7.860000000000038511 ) ) ;
#726 = EDGE_CURVE ( 'NONE', #869, #1562, #445, .T. ) ;
#727 = CIRCLE ( 'NONE', #1010, 3.000000000000002665 ) ;
#728 = EDGE_LOOP ( 'NONE', ( #484, #405 ) ) ;
#729 = AXIS2_PLACEMENT_3D ( 'NONE', #2179, #1838, #330 ) ;
#730 = EDGE_CURVE ( 'NONE', #385, #1234, #168, .T. ) ;
#731 = CYLINDRICAL_SURFACE ( 'NONE', #1622, 2.050000000000003375 ) ;
#732 = FACE_BOUND ( 'NONE', #1897, .T. ) ;
#733 = DIRECTION ( 'NONE',  ( 0.000000000000000000, 1.000000000000000000, -0.000000000000000000 ) ) ;
#734 = EDGE_LOOP ( 'NONE', ( #1063, #1670, #224, #1141 ) ) ;
#735 = VECTOR ( 'NONE', #2093, 1000.000000000000000 ) ;
#736 = DIRECTION ( 'NONE',  ( 1.000000000000000000, 0.000000000000000000, 0.000000000000000000 ) ) ;
#737 = ORIENTED_EDGE ( 'NONE', *, *, #239, .T. ) ;
#738 = FACE_OUTER_BOUND ( 'NONE', #988, .T. ) ;
#739 = ORIENTED_EDGE ( 'NONE', *, *, #347, .T. ) ;
#740 = ORIENTED_EDGE ( 'NONE', *, *, #1543, .T. ) ;
#741 = VECTOR ( 'NONE', #194, 1000.000000000000114 ) ;
#742 = ADVANCED_FACE ( 'NONE', ( #990 ), #432, .F. ) ;
#743 = CARTESIAN_POINT ( 'NONE',  ( -50.59999999999998721, 45.00000000000000000, -5.421010862427522170E-17 ) ) ;
#744 = LINE ( 'NONE', #2088, #1209 ) ;
#745 = CARTESIAN_POINT ( 'NONE',  ( 40.00000000000000711, -45.00000000000000000, 7.879999999999987459 ) ) ;
#746 = ORIENTED_EDGE ( 'NONE', *, *, #231, .T. ) ;
#747 = EDGE_LOOP ( 'NONE', ( #213, #1336, #13, #365 ) ) ;
#748 = DIRECTION ( 'NONE',  ( 0.000000000000000000, 0.000000000000000000, -1.000000000000000000 ) ) ;
#749 = ORIENTED_EDGE ( 'NONE', *, *, #1546, .F. ) ;
#750 = CARTESIAN_POINT ( 'NONE',  ( -39.99999999999999289, -45.00000000000000000, 8.000000000000000000 ) ) ;
#751 = ORIENTED_EDGE ( 'NONE', *, *, #89, .F. ) ;
#752 = DIRECTION ( 'NONE',  ( -0.000000000000000000, 0.000000000000000000, 1.000000000000000000 ) ) ;
#753 = AXIS2_PLACEMENT_3D ( 'NONE', #2065, #564, #1574 ) ;
#754 = DIRECTION ( 'NONE',  ( 1.000000000000000000, 0.000000000000000000, 0.000000000000000000 ) ) ;
#755 = AXIS2_PLACEMENT_3D ( 'NONE', #596, #604, #1765 ) ;
#756 = CARTESIAN_POINT ( 'NONE',  ( 42.81000000000003780, -45.00000000000000000, 8.000000000000000000 ) ) ;
#757 = EDGE_CURVE ( 'NONE', #650, #1784, #530, .T. ) ;
#758 = ORIENTED_EDGE ( 'NONE', *, *, #1872, .T. ) ;
#759 = VECTOR ( 'NONE', #926, 1000.000000000000000 ) ;
#760 = DIRECTION ( 'NONE',  ( 1.000000000000000000, 0.000000000000000000, 0.000000000000000000 ) ) ;
#761 = DIRECTION ( 'NONE',  ( -0.000000000000000000, -0.000000000000000000, -1.000000000000000000 ) ) ;
#762 = ORIENTED_EDGE ( 'NONE', *, *, #1889, .F. ) ;
#763 = DIRECTION ( 'NONE',  ( 1.000000000000000000, 0.000000000000000000, 0.000000000000000000 ) ) ;
#764 = ORIENTED_EDGE ( 'NONE', *, *, #1179, .T. ) ;
#765 = CARTESIAN_POINT ( 'NONE',  ( 40.12000000000004007, -45.00000000000000000, 8.000000000000000000 ) ) ;
#766 = CYLINDRICAL_SURFACE ( 'NONE', #1435, 3.000000000000002665 ) ;
#767 = CIRCLE ( 'NONE', #1373, 0.5999999999999999778 ) ;
#768 = DIRECTION ( 'NONE',  ( 0.000000000000000000, -1.000000000000000000, 0.000000000000000000 ) ) ;
#769 = CC_DESIGN_APPROVAL ( #683, ( #1508 ) ) ;
#770 = EDGE_CURVE ( 'NONE', #289, #522, #570, .T. ) ;
#771 = DIRECTION ( 'NONE',  ( 1.000000000000000000, 0.000000000000000000, 0.000000000000000000 ) ) ;
#772 = CARTESIAN_POINT ( 'NONE',  ( 45.00000000000000711, -45.00000000000000000, -1.859999999999969678 ) ) ;
#773 = ADVANCED_FACE ( 'NONE', ( #2025 ), #1867, .F. ) ;
#774 = ORIENTED_EDGE ( 'NONE', *, *, #1846, .T. ) ;
#775 = FACE_OUTER_BOUND ( 'NONE', #397, .T. ) ;
#776 = DIRECTION ( 'NONE',  ( 1.000000000000000000, 0.000000000000000000, 0.000000000000000000 ) ) ;
#777 = DATE_TIME_ROLE ( 'classification_date' ) ;
#778 = CARTESIAN_POINT ( 'NONE',  ( 100.0000000000000000, 0.000000000000000000, -1.859999999999998765 ) ) ;
#779 = AXIS2_PLACEMENT_3D ( 'NONE', #668, #1492, #1510 ) ;
#780 = CIRCLE ( 'NONE', #629, 2.050000000000003375 ) ;
#781 = EDGE_CURVE ( 'NONE', #694, #1239, #1935, .T. ) ;
#782 = CYLINDRICAL_SURFACE ( 'NONE', #1531, 2.050000000000003375 ) ;
#783 = DIRECTION ( 'NONE',  ( -0.000000000000000000, 0.000000000000000000, 1.000000000000000000 ) ) ;
#784 = ADVANCED_FACE ( 'NONE', ( #1045, #1698 ), #1879, .T. ) ;
#785 = VERTEX_POINT ( 'NONE', #1733 ) ;
#786 = CARTESIAN_POINT ( 'NONE',  ( 97.00000000000000000, -97.00000000000000000, -2.000000000000000000 ) ) ;
#787 = DIRECTION ( 'NONE',  ( 0.000000000000000000, -0.7071067811865474617, -0.7071067811865474617 ) ) ;
#788 = AXIS2_PLACEMENT_3D ( 'NONE', #961, #1006, #459 ) ;
#789 = DIRECTION ( 'NONE',  ( -1.000000000000000000, 0.000000000000000000, 0.000000000000000000 ) ) ;
#790 = AXIS2_PLACEMENT_3D ( 'NONE', #1553, #39, #1175 ) ;
#791 = PERSON_AND_ORGANIZATION_ROLE ( 'design_owner' ) ;
#792 = FACE_OUTER_BOUND ( 'NONE', #1325, .T. ) ;
#793 = CYLINDRICAL_SURFACE ( 'NONE', #158, 4.999999999999997335 ) ;
#794 = ORIENTED_EDGE ( 'NONE', *, *, #1000, .F. ) ;
#795 = DIRECTION ( 'NONE',  ( 1.000000000000000000, 0.000000000000000000, 0.000000000000000000 ) ) ;
#796 = EDGE_CURVE ( 'NONE', #1882, #1412, #999, .T. ) ;
#797 = DIRECTION ( 'NONE',  ( 1.000000000000000000, 0.000000000000000000, 0.000000000000000000 ) ) ;
#798 = AXIS2_PLACEMENT_3D ( 'NONE', #1596, #607, #249 ) ;
#799 = AXIS2_PLACEMENT_3D ( 'NONE', #1285, #1764, #1939 ) ;
#800 = LOCAL_TIME ( 9, 24, 0.000000000000000000, #1278 ) ;
#801 = DIRECTION ( 'NONE',  ( 1.000000000000000000, 0.000000000000000000, 0.000000000000000000 ) ) ;
#802 = DIRECTION ( 'NONE',  ( -1.000000000000000000, 0.000000000000000000, 0.000000000000000000 ) ) ;
#803 = ORIENTED_EDGE ( 'NONE', *, *, #670, .F. ) ;
#804 = CARTESIAN_POINT ( 'NONE',  ( 99.40000000000000568, -97.00000000000000000, -0.5999999999999999778 ) ) ;
#805 = DIRECTION ( 'NONE',  ( -0.7071067811865962005, 0.000000000000000000, -0.7071067811864989450 ) ) ;
#806 = AXIS2_PLACEMENT_3D ( 'NONE', #1934, #1747, #2104 ) ;
#807 = FACE_OUTER_BOUND ( 'NONE', #663, .T. ) ;
#808 = ADVANCED_FACE ( 'NONE', ( #872 ), #1222, .T. ) ;
#809 = ORIENTED_EDGE ( 'NONE', *, *, #1168, .F. ) ;
#810 = AXIS2_PLACEMENT_3D ( 'NONE', #219, #1570, #1076 ) ;
#811 = FACE_OUTER_BOUND ( 'NONE', #1839, .T. ) ;
#812 = ORIENTED_EDGE ( 'NONE', *, *, #1201, .F. ) ;
#813 = DIRECTION ( 'NONE',  ( -0.000000000000000000, -0.000000000000000000, 1.000000000000000000 ) ) ;
#814 = LINE ( 'NONE', #2165, #1779 ) ;
#815 = ORIENTED_EDGE ( 'NONE', *, *, #1995, .T. ) ;
#816 = DIRECTION ( 'NONE',  ( 0.000000000000000000, 0.000000000000000000, -1.000000000000000000 ) ) ;
#817 = CARTESIAN_POINT ( 'NONE',  ( -97.00000000000000000, 99.85999999999999943, -2.000000000000000000 ) ) ;
#818 = ORIENTED_EDGE ( 'NONE', *, *, #1890, .T. ) ;
#819 = AXIS2_PLACEMENT_3D ( 'NONE', #152, #674, #1381 ) ;
#820 = ADVANCED_FACE ( 'NONE', ( #1712 ), #208, .F. ) ;
#821 = CC_DESIGN_DATE_AND_TIME_ASSIGNMENT ( #1473, #777, ( #186 ) ) ;
#822 = AXIS2_PLACEMENT_3D ( 'NONE', #778, #255, #48 ) ;
#823 = CIRCLE ( 'NONE', #1250, 0.6000000000000033085 ) ;
#824 = AXIS2_PLACEMENT_3D ( 'NONE', #857, #376, #848 ) ;
#825 = DIRECTION ( 'NONE',  ( 1.000000000000000000, 0.000000000000000000, 0.000000000000000000 ) ) ;
#826 = ORIENTED_EDGE ( 'NONE', *, *, #1751, .F. ) ;
#827 = CARTESIAN_POINT ( 'NONE',  ( 50.60000000000000142, -45.00000000000000000, -5.421010862427522170E-17 ) ) ;
#828 = DIRECTION ( 'NONE',  ( -1.000000000000000000, 0.000000000000000000, 0.000000000000000000 ) ) ;
#829 = VERTEX_POINT ( 'NONE', #210 ) ;
#830 = ORIENTED_EDGE ( 'NONE', *, *, #1605, .T. ) ;
#831 = VECTOR ( 'NONE', #882, 1000.000000000000000 ) ;
#832 = AXIS2_PLACEMENT_3D ( 'NONE', #1155, #1629, #771 ) ;
#833 = FACE_OUTER_BOUND ( 'NONE', #2105, .T. ) ;
#834 = ORIENTED_EDGE ( 'NONE', *, *, #231, .F. ) ;
#835 = DIRECTION ( 'NONE',  ( 0.000000000000000000, 0.000000000000000000, -1.000000000000000000 ) ) ;
#836 = VECTOR ( 'NONE', #1819, 1000.000000000000000 ) ;
#837 = AXIS2_PLACEMENT_3D ( 'NONE', #468, #1159, #1828 ) ;
#838 = ORIENTED_EDGE ( 'NONE', *, *, #1713, .T. ) ;
#839 = CONICAL_SURFACE ( 'NONE', #370, 2.050000000000003375, 0.7853981633974745913 ) ;
#840 = FACE_OUTER_BOUND ( 'NONE', #563, .T. ) ;
#841 = CARTESIAN_POINT ( 'NONE',  ( -44.99999999999999289, -45.00000000000000000, 7.860000000000038511 ) ) ;
#842 = ORIENTED_EDGE ( 'NONE', *, *, #366, .T. ) ;
#843 = DIRECTION ( 'NONE',  ( -1.000000000000000000, 0.000000000000000000, 0.000000000000000000 ) ) ;
#844 = EDGE_CURVE ( 'NONE', #1562, #1658, #1151, .T. ) ;
#845 = EDGE_CURVE ( 'NONE', #642, #1234, #197, .T. ) ;
#846 = EDGE_LOOP ( 'NONE', ( #2160, #1097, #195, #40 ) ) ;
#847 = LINE ( 'NONE', #1550, #1248 ) ;
#848 = DIRECTION ( 'NONE',  ( 1.000000000000000000, 0.000000000000000000, 0.000000000000000000 ) ) ;
#849 = ORIENTED_EDGE ( 'NONE', *, *, #601, .F. ) ;
#850 = VECTOR ( 'NONE', #1087, 1000.000000000000114 ) ;
#851 = CONICAL_SURFACE ( 'NONE', #1035, 4.880000000000050520, 0.7853981633975170018 ) ;
#852 = DIRECTION ( 'NONE',  ( 0.000000000000000000, 0.000000000000000000, -1.000000000000000000 ) ) ;
#853 = VERTEX_POINT ( 'NONE', #881 ) ;
#854 = EDGE_LOOP ( 'NONE', ( #1959, #1998, #874, #1046 ) ) ;
#855 = EDGE_CURVE ( 'NONE', #2070, #33, #462, .T. ) ;
#856 = CARTESIAN_POINT ( 'NONE',  ( 49.87999999999997414, 45.00000000000000000, 8.000000000000000000 ) ) ;
#857 = CARTESIAN_POINT ( 'NONE',  ( -44.99999999999999289, -45.00000000000000000, 7.880000000000070948 ) ) ;
#858 = ORIENTED_EDGE ( 'NONE', *, *, #855, .T. ) ;
#859 = EDGE_CURVE ( 'NONE', #1037, #869, #1495, .T. ) ;
#860 = DIRECTION ( 'NONE',  ( 0.000000000000000000, 0.000000000000000000, 1.000000000000000000 ) ) ;
#861 = ORIENTED_EDGE ( 'NONE', *, *, #888, .F. ) ;
#862 = LINE ( 'NONE', #144, #2168 ) ;
#863 = AXIS2_PLACEMENT_3D ( 'NONE', #1194, #526, #517 ) ;
#864 = DIRECTION ( 'NONE',  ( 0.000000000000000000, -1.000000000000000000, 0.000000000000000000 ) ) ;
#865 = AXIS2_PLACEMENT_3D ( 'NONE', #2125, #617, #1595 ) ;
#866 = CC_DESIGN_APPROVAL ( #184, ( #1300 ) ) ;
#867 = DIRECTION ( 'NONE',  ( 0.7071067811865474617, 0.000000000000000000, 0.7071067811865474617 ) ) ;
#868 = CONICAL_SURFACE ( 'NONE', #189, 4.879999999999967919, 0.7853981633975168908 ) ;
#869 = VERTEX_POINT ( 'NONE', #1827 ) ;
#870 = LINE ( 'NONE', #2191, #1140 ) ;
#871 = EDGE_CURVE ( 'NONE', #311, #33, #2005, .T. ) ;
#872 = FACE_OUTER_BOUND ( 'NONE', #1575, .T. ) ;
#873 = EDGE_CURVE ( 'NONE', #1518, #1515, #678, .T. ) ;
#874 = ORIENTED_EDGE ( 'NONE', *, *, #1201, .T. ) ;
#875 = CARTESIAN_POINT ( 'NONE',  ( 45.00000000000000711, 45.00000000000000000, -1.859999999999969678 ) ) ;
#876 = CARTESIAN_POINT ( 'NONE',  ( -99.40000000000000568, -97.00000000000000000, 0.000000000000000000 ) ) ;
#877 = CARTESIAN_POINT ( 'NONE',  ( -100.0000000000000000, 97.00000000000000000, -2.000000000000000000 ) ) ;
#878 = EDGE_LOOP ( 'NONE', ( #1094, #1722, #1566, #749 ) ) ;
#879 = DIRECTION ( 'NONE',  ( 0.7071067811866023067, 8.659560562355603390E-17, -0.7071067811864927277 ) ) ;
#880 = EDGE_LOOP ( 'NONE', ( #1527, #1972 ) ) ;
#881 = CARTESIAN_POINT ( 'NONE',  ( 42.95000000000000284, 45.00000000000000000, 7.860000000000038511 ) ) ;
#882 = DIRECTION ( 'NONE',  ( -0.000000000000000000, -0.000000000000000000, 1.000000000000000000 ) ) ;
#883 = EDGE_LOOP ( 'NONE', ( #758, #1163 ) ) ;
#884 = EDGE_CURVE ( 'NONE', #716, #469, #391, .T. ) ;
#885 = APPROVAL ( #1254, 'UNSPECIFIED' ) ;
#886 = DIRECTION ( 'NONE',  ( 0.000000000000000000, -0.000000000000000000, -1.000000000000000000 ) ) ;
#887 = ORIENTED_EDGE ( 'NONE', *, *, #1100, .T. ) ;
#888 = EDGE_CURVE ( 'NONE', #2082, #66, #282, .T. ) ;
#889 = DIRECTION ( 'NONE',  ( -0.000000000000000000, -0.000000000000000000, -1.000000000000000000 ) ) ;
#890 = CIRCLE ( 'NONE', #2189, 4.999999999999997335 ) ;
#891 = CARTESIAN_POINT ( 'NONE',  ( 97.00000000000000000, -97.00000000000000000, -2.000000000000000000 ) ) ;
#892 = FACE_OUTER_BOUND ( 'NONE', #486, .T. ) ;
#893 = VERTEX_POINT ( 'NONE', #50 ) ;
#894 = ORIENTED_EDGE ( 'NONE', *, *, #1912, .T. ) ;
#895 = DIRECTION ( 'NONE',  ( 1.000000000000000000, 0.000000000000000000, 0.000000000000000000 ) ) ;
#896 = VERTEX_POINT ( 'NONE', #745 ) ;
#897 = VERTEX_POINT ( 'NONE', #1754 ) ;
#898 = EDGE_CURVE ( 'NONE', #2052, #385, #1131, .T. ) ;
#899 = FACE_OUTER_BOUND ( 'NONE', #1009, .T. ) ;
#900 = VERTEX_POINT ( 'NONE', #942 ) ;
#901 = DIRECTION ( 'NONE',  ( 1.000000000000000000, 0.000000000000000000, 0.000000000000000000 ) ) ;
#902 = VECTOR ( 'NONE', #761, 1000.000000000000000 ) ;
#903 = ORIENTED_EDGE ( 'NONE', *, *, #483, .T. ) ;
#904 = AXIS2_PLACEMENT_3D ( 'NONE', #1161, #835, #319 ) ;
#905 = DIRECTION ( 'NONE',  ( 1.000000000000000000, 0.000000000000000000, 0.000000000000000000 ) ) ;
#906 = CARTESIAN_POINT ( 'NONE',  ( 45.00000000000000711, -45.00000000000000000, 8.000000000000000000 ) ) ;
#907 = CARTESIAN_POINT ( 'NONE',  ( 39.40000000000001279, -45.00000000000000000, 0.5999999999999998668 ) ) ;
#908 = ORIENTED_EDGE ( 'NONE', *, *, #726, .T. ) ;
#909 = ORIENTED_EDGE ( 'NONE', *, *, #609, .T. ) ;
#910 = VECTOR ( 'NONE', #1062, 1000.000000000000000 ) ;
#911 = DIRECTION ( 'NONE',  ( 1.000000000000000000, 0.000000000000000000, 0.000000000000000000 ) ) ;
#912 = ORIENTED_EDGE ( 'NONE', *, *, #1592, .F. ) ;
#913 = FACE_OUTER_BOUND ( 'NONE', #217, .T. ) ;
#914 = ORIENTED_EDGE ( 'NONE', *, *, #1157, .F. ) ;
#915 = CARTESIAN_POINT ( 'NONE',  ( -44.99999999999999289, -45.00000000000000000, 8.000000000000000000 ) ) ;
#916 = EDGE_CURVE ( 'NONE', #1719, #311, #1033, .T. ) ;
#917 = CARTESIAN_POINT ( 'NONE',  ( 100.0000000000000000, -97.00000000000000000, -1.859999999999998765 ) ) ;
#918 = PLANE ( 'NONE',  #822 ) ;
#919 = DIRECTION ( 'NONE',  ( 0.000000000000000000, -0.000000000000000000, -1.000000000000000000 ) ) ;
#920 = ORIENTED_EDGE ( 'NONE', *, *, #1260, .T. ) ;
#921 = ORIENTED_EDGE ( 'NONE', *, *, #701, .F. ) ;
#922 = CARTESIAN_POINT ( 'NONE',  ( -97.00000000000000000, -99.40000000000000568, -0.5999999999999999778 ) ) ;
#923 = AXIS2_PLACEMENT_3D ( 'NONE', #368, #344, #722 ) ;
#924 = DIRECTION ( 'NONE',  ( 0.000000000000000000, -0.000000000000000000, -1.000000000000000000 ) ) ;
#925 = VECTOR ( 'NONE', #787, 1000.000000000000114 ) ;
#926 = DIRECTION ( 'NONE',  ( -1.000000000000000000, 0.000000000000000000, -0.000000000000000000 ) ) ;
#927 = CIRCLE ( 'NONE', #1498, 5.599999999999994316 ) ;
#928 = ADVANCED_FACE ( 'NONE', ( #1279 ), #2039, .F. ) ;
#929 = LINE ( 'NONE', #1593, #64 ) ;
#930 = ADVANCED_FACE ( 'NONE', ( #1787 ), #2080, .F. ) ;
#931 = COORDINATED_UNIVERSAL_TIME_OFFSET ( 3, 0, .BEHIND. ) ;
#932 = CARTESIAN_POINT ( 'NONE',  ( -47.04999999999999716, -45.00000000000000000, 7.860000000000038511 ) ) ;
#933 = EDGE_LOOP ( 'NONE', ( #680, #211, #971, #179 ) ) ;
#934 = DIRECTION ( 'NONE',  ( 1.000000000000000000, 0.000000000000000000, 0.000000000000000000 ) ) ;
#935 = ORIENTED_EDGE ( 'NONE', *, *, #284, .F. ) ;
#936 = FACE_OUTER_BOUND ( 'NONE', #2030, .T. ) ;
#937 = FACE_OUTER_BOUND ( 'NONE', #2192, .T. ) ;
#938 = CARTESIAN_POINT ( 'NONE',  ( 97.00000000000000000, 99.85999999999999943, -2.000000000000000000 ) ) ;
#939 = CIRCLE ( 'NONE', #327, 0.5999999999999999778 ) ;
#940 = EDGE_CURVE ( 'NONE', #1701, #469, #645, .T. ) ;
#941 = AXIS2_PLACEMENT_3D ( 'NONE', #2143, #636, #2113 ) ;
#942 = CARTESIAN_POINT ( 'NONE',  ( 47.05000000000001137, 45.00000000000000000, -1.859999999999969678 ) ) ;
#943 = EDGE_CURVE ( 'NONE', #1493, #131, #1686, .T. ) ;
#944 = COORDINATED_UNIVERSAL_TIME_OFFSET ( 3, 0, .BEHIND. ) ;
#945 = LINE ( 'NONE', #53, #1735 ) ;
#946 = CIRCLE ( 'NONE', #265, 2.399999999999999467 ) ;
#947 = EDGE_LOOP ( 'NONE', ( #1181, #861, #1909, #1368 ) ) ;
#948 = FACE_BOUND ( 'NONE', #658, .T. ) ;
#949 = DIRECTION ( 'NONE',  ( 1.000000000000000000, 0.000000000000000000, 0.000000000000000000 ) ) ;
#950 = CARTESIAN_POINT ( 'NONE',  ( 45.00000000000000711, 45.00000000000000000, 7.860000000000038511 ) ) ;
#951 = LINE ( 'NONE', #1266, #759 ) ;
#952 = CARTESIAN_POINT ( 'NONE',  ( -97.00000000000000000, 97.00000000000000000, -1.859999999999998765 ) ) ;
#953 = ADVANCED_FACE ( 'NONE', ( #1267 ), #851, .T. ) ;
#954 = CARTESIAN_POINT ( 'NONE',  ( 99.85999999999999943, -97.00000000000000000, -2.000000000000000000 ) ) ;
#955 = CARTESIAN_POINT ( 'NONE',  ( 42.95000000000000284, -45.00000000000000000, -1.859999999999969678 ) ) ;
#956 = EDGE_CURVE ( 'NONE', #2052, #539, #929, .T. ) ;
#957 = DIRECTION ( 'NONE',  ( 0.000000000000000000, -1.000000000000000000, 0.000000000000000000 ) ) ;
#958 = ORIENTED_EDGE ( 'NONE', *, *, #1804, .F. ) ;
#959 = DIRECTION ( 'NONE',  ( -0.7071067811865960895, 0.000000000000000000, -0.7071067811864990560 ) ) ;
#960 = CARTESIAN_POINT ( 'NONE',  ( -100.0000000000000000, -97.00000000000000000, -1.859999999999998765 ) ) ;
#961 = CARTESIAN_POINT ( 'NONE',  ( -50.59999999999998721, -45.00000000000000000, 0.5999999999999998668 ) ) ;
#962 = VECTOR ( 'NONE', #115, 1000.000000000000000 ) ;
#963 = AXIS2_PLACEMENT_3D ( 'NONE', #11, #705, #1187 ) ;
#964 = TOROIDAL_SURFACE ( 'NONE', #1433, 2.400000000000000355, 0.5999999999999999778 ) ;
#965 = AXIS2_PLACEMENT_3D ( 'NONE', #580, #1261, #1274 ) ;
#966 = DIRECTION ( 'NONE',  ( -0.7071067811866023067, 0.000000000000000000, -0.7071067811864927277 ) ) ;
#967 = DIRECTION ( 'NONE',  ( 0.000000000000000000, -1.000000000000000000, 0.000000000000000000 ) ) ;
#968 = CARTESIAN_POINT ( 'NONE',  ( 0.000000000000000000, 99.40000000000000568, -0.5999999999999998668 ) ) ;
#969 = EDGE_CURVE ( 'NONE', #1246, #896, #1289, .T. ) ;
#970 = CARTESIAN_POINT ( 'NONE',  ( 45.00000000000000711, -45.00000000000000000, -2.000000000000000000 ) ) ;
#971 = ORIENTED_EDGE ( 'NONE', *, *, #1488, .F. ) ;
#972 = FACE_OUTER_BOUND ( 'NONE', #209, .T. ) ;
#973 = DIRECTION ( 'NONE',  ( -0.000000000000000000, 0.000000000000000000, 1.000000000000000000 ) ) ;
#974 = AXIS2_PLACEMENT_3D ( 'NONE', #1272, #1120, #1925 ) ;
#975 = CIRCLE ( 'NONE', #2053, 0.5999999999999998668 ) ;
#976 = ORIENTED_EDGE ( 'NONE', *, *, #1648, .T. ) ;
#977 = APPROVAL_STATUS ( 'not_yet_approved' ) ;
#978 = DIRECTION ( 'NONE',  ( 0.7071067811865474617, 0.000000000000000000, 0.7071067811865474617 ) ) ;
#979 = DIRECTION ( 'NONE',  ( 1.000000000000000000, 0.000000000000000000, 0.000000000000000000 ) ) ;
#980 = CARTESIAN_POINT ( 'NONE',  ( 45.00000000000000711, 45.00000000000000000, 8.000000000000000000 ) ) ;
#981 = ORIENTED_EDGE ( 'NONE', *, *, #323, .T. ) ;
#982 = FACE_BOUND ( 'NONE', #1487, .T. ) ;
#983 = CARTESIAN_POINT ( 'NONE',  ( 97.00000000000000000, -100.0000000000000000, -1.859999999999998765 ) ) ;
#984 = CONICAL_SURFACE ( 'NONE', #624, 2.050000000000003375, 0.7853981633974745913 ) ;
#985 = EDGE_CURVE ( 'NONE', #853, #1305, #1963, .T. ) ;
#986 = ADVANCED_FACE ( 'NONE', ( #1514 ), #1397, .F. ) ;
#987 = DIRECTION ( 'NONE',  ( 0.000000000000000000, -0.000000000000000000, -1.000000000000000000 ) ) ;
#988 = EDGE_LOOP ( 'NONE', ( #1043, #1645, #2107, #2043 ) ) ;
#989 = DIRECTION ( 'NONE',  ( 0.000000000000000000, 0.000000000000000000, -1.000000000000000000 ) ) ;
#990 = FACE_OUTER_BOUND ( 'NONE', #1375, .T. ) ;
#991 = CYLINDRICAL_SURFACE ( 'NONE', #554, 3.000000000000002665 ) ;
#992 = ORIENTED_EDGE ( 'NONE', *, *, #796, .T. ) ;
#993 = CARTESIAN_POINT ( 'NONE',  ( 50.00000000000000000, 45.00000000000000000, 0.5999999999999998668 ) ) ;
#994 = ORIENTED_EDGE ( 'NONE', *, *, #183, .F. ) ;
#995 = CARTESIAN_POINT ( 'NONE',  ( -42.94999999999998863, -45.00000000000000000, -1.860000000000052944 ) ) ;
#996 = ADVANCED_FACE ( 'NONE', ( #811 ), #1762, .T. ) ;
#997 = VERTEX_POINT ( 'NONE', #460 ) ;
#998 = ORIENTED_EDGE ( 'NONE', *, *, #916, .T. ) ;
#999 = CIRCLE ( 'NONE', #605, 2.189999999999969749 ) ;
#1000 = EDGE_CURVE ( 'NONE', #997, #230, #717, .T. ) ;
#1001 = CIRCLE ( 'NONE', #1936, 3.000000000000002665 ) ;
#1002 = CARTESIAN_POINT ( 'NONE',  ( 45.00000000000000711, 45.00000000000000000, 0.000000000000000000 ) ) ;
#1003 = DIRECTION ( 'NONE',  ( -1.000000000000000000, 0.000000000000000000, 0.000000000000000000 ) ) ;
#1004 = VERTEX_POINT ( 'NONE', #1497 ) ;
#1005 = CARTESIAN_POINT ( 'NONE',  ( -39.99999999999999289, 45.00000000000000000, 8.000000000000000000 ) ) ;
#1006 = DIRECTION ( 'NONE',  ( 1.224646799147353207E-16, 1.000000000000000000, 0.000000000000000000 ) ) ;
#1007 = ORIENTED_EDGE ( 'NONE', *, *, #1069, .T. ) ;
#1008 = EDGE_CURVE ( 'NONE', #2187, #2082, #1976, .T. ) ;
#1009 = EDGE_LOOP ( 'NONE', ( #1091, #2177, #1351, #1075 ) ) ;
#1010 = AXIS2_PLACEMENT_3D ( 'NONE', #2162, #1012, #2174 ) ;
#1011 = AXIS2_PLACEMENT_3D ( 'NONE', #1785, #414, #1918 ) ;
#1012 = DIRECTION ( 'NONE',  ( 0.000000000000000000, -0.000000000000000000, -1.000000000000000000 ) ) ;
#1013 = EDGE_CURVE ( 'NONE', #1388, #1763, #1649, .T. ) ;
#1014 = DIRECTION ( 'NONE',  ( -0.7071067811865960895, 0.000000000000000000, -0.7071067811864990560 ) ) ;
#1015 = EDGE_LOOP ( 'NONE', ( #15, #740, #1977, #1569 ) ) ;
#1016 = DIRECTION ( 'NONE',  ( 0.000000000000000000, 1.000000000000000000, 0.000000000000000000 ) ) ;
#1017 = ORIENTED_EDGE ( 'NONE', *, *, #86, .T. ) ;
#1018 = AXIS2_PLACEMENT_3D ( 'NONE', #2114, #41, #2067 ) ;
#1019 = CARTESIAN_POINT ( 'NONE',  ( 97.00000000000000000, -100.0000000000000000, -1.859999999999998765 ) ) ;
#1020 = FACE_OUTER_BOUND ( 'NONE', #204, .T. ) ;
#1021 = ORIENTED_EDGE ( 'NONE', *, *, #1605, .F. ) ;
#1022 = DIRECTION ( 'NONE',  ( 0.000000000000000000, 1.000000000000000000, -0.000000000000000000 ) ) ;
#1023 = VECTOR ( 'NONE', #240, 1000.000000000000000 ) ;
#1024 = CARTESIAN_POINT ( 'NONE',  ( 97.00000000000000000, -99.85999999999999943, -2.000000000000000000 ) ) ;
#1025 = ORIENTED_EDGE ( 'NONE', *, *, #2175, .F. ) ;
#1026 = ADVANCED_FACE ( 'NONE', ( #1020 ), #1153, .F. ) ;
#1027 = CARTESIAN_POINT ( 'NONE',  ( -44.99999999999999289, 45.00000000000000000, -2.000999999999999446 ) ) ;
#1028 = ORIENTED_EDGE ( 'NONE', *, *, #2199, .F. ) ;
#1029 = CARTESIAN_POINT ( 'NONE',  ( 47.19000000000006168, -45.00000000000000000, -2.000000000000000000 ) ) ;
#1030 = DIRECTION ( 'NONE',  ( 1.000000000000000000, 0.000000000000000000, 0.000000000000000000 ) ) ;
#1031 = ORIENTED_EDGE ( 'NONE', *, *, #1195, .F. ) ;
#1032 = DIRECTION ( 'NONE',  ( 0.000000000000000000, -0.000000000000000000, -1.000000000000000000 ) ) ;
#1033 = CIRCLE ( 'NONE', #1323, 4.999999999999997335 ) ;
#1034 = AXIS2_PLACEMENT_3D ( 'NONE', #1841, #1067, #1539 ) ;
#1035 = AXIS2_PLACEMENT_3D ( 'NONE', #404, #419, #245 ) ;
#1036 = CARTESIAN_POINT ( 'NONE',  ( 42.80999999999995254, -45.00000000000000000, -2.000000000000000000 ) ) ;
#1037 = VERTEX_POINT ( 'NONE', #995 ) ;
#1038 = EDGE_CURVE ( 'NONE', #1784, #650, #927, .T. ) ;
#1039 = AXIS2_PLACEMENT_3D ( 'NONE', #1064, #889, #1560 ) ;
#1040 = CARTESIAN_POINT ( 'NONE',  ( 99.85999999999999943, 97.00000000000000000, -2.000000000000000000 ) ) ;
#1041 = DIRECTION ( 'NONE',  ( 0.000000000000000000, 0.000000000000000000, 1.000000000000000000 ) ) ;
#1042 = CARTESIAN_POINT ( 'NONE',  ( -99.85999999999999943, 0.000000000000000000, -2.000000000000000000 ) ) ;
#1043 = ORIENTED_EDGE ( 'NONE', *, *, #1008, .F. ) ;
#1044 = DIRECTION ( 'NONE',  ( 1.000000000000000000, 0.000000000000000000, 0.000000000000000000 ) ) ;
#1045 = FACE_OUTER_BOUND ( 'NONE', #880, .T. ) ;
#1046 = ORIENTED_EDGE ( 'NONE', *, *, #1571, .F. ) ;
#1047 = DIRECTION ( 'NONE',  ( 1.000000000000000000, 0.000000000000000000, 0.000000000000000000 ) ) ;
#1048 = AXIS2_PLACEMENT_3D ( 'NONE', #875, #655, #1341 ) ;
#1049 = CARTESIAN_POINT ( 'NONE',  ( -49.88000000000004519, -45.00000000000000000, 8.000000000000000000 ) ) ;
#1050 = ORIENTED_EDGE ( 'NONE', *, *, #1996, .F. ) ;
#1051 = CARTESIAN_POINT ( 'NONE',  ( 42.95000000000000284, 45.00000000000000000, -1.859999999999969678 ) ) ;
#1052 = ORIENTED_EDGE ( 'NONE', *, *, #1490, .T. ) ;
#1053 = CARTESIAN_POINT ( 'NONE',  ( 49.87999999999997414, -45.00000000000000000, 8.000000000000000000 ) ) ;
#1054 = ADVANCED_FACE ( 'NONE', ( #1997 ), #1851, .F. ) ;
#1055 = EDGE_LOOP ( 'NONE', ( #303, #1597, #764, #994 ) ) ;
#1056 = CARTESIAN_POINT ( 'NONE',  ( 40.00000000000000711, -45.00000000000000000, 0.5999999999999998668 ) ) ;
#1057 = CARTESIAN_POINT ( 'NONE',  ( -44.99999999999999289, 45.00000000000000000, 0.5999999999999998668 ) ) ;
#1058 = EDGE_CURVE ( 'NONE', #1004, #1763, #248, .T. ) ;
#1059 = ORIENTED_EDGE ( 'NONE', *, *, #256, .T. ) ;
#1060 = EDGE_LOOP ( 'NONE', ( #2181, #263, #842, #275 ) ) ;
#1061 = CIRCLE ( 'NONE', #2022, 2.189999999999969749 ) ;
#1062 = DIRECTION ( 'NONE',  ( -0.000000000000000000, 0.000000000000000000, 1.000000000000000000 ) ) ;
#1063 = ORIENTED_EDGE ( 'NONE', *, *, #609, .F. ) ;
#1064 = CARTESIAN_POINT ( 'NONE',  ( -44.99999999999999289, -45.00000000000000000, 8.000000000000000000 ) ) ;
#1065 = ORIENTED_EDGE ( 'NONE', *, *, #541, .F. ) ;
#1066 = AXIS2_PLACEMENT_3D ( 'NONE', #1916, #410, #1225 ) ;
#1067 = DIRECTION ( 'NONE',  ( -0.000000000000000000, 0.000000000000000000, 1.000000000000000000 ) ) ;
#1068 = ORIENTED_EDGE ( 'NONE', *, *, #1257, .T. ) ;
#1069 = EDGE_CURVE ( 'NONE', #286, #1402, #1001, .T. ) ;
#1070 = DIRECTION ( 'NONE',  ( 1.000000000000000000, 0.000000000000000000, 0.000000000000000000 ) ) ;
#1071 = ORIENTED_EDGE ( 'NONE', *, *, #424, .F. ) ;
#1072 = CARTESIAN_POINT ( 'NONE',  ( 50.60000000000000142, 45.00000000000000000, 0.5999999999999998668 ) ) ;
#1073 = CARTESIAN_POINT ( 'NONE',  ( 45.00000000000000711, -45.00000000000000000, 7.860000000000038511 ) ) ;
#1074 = AXIS2_PLACEMENT_3D ( 'NONE', #123, #26, #1687 ) ;
#1075 = ORIENTED_EDGE ( 'NONE', *, *, #1013, .F. ) ;
#1076 = DIRECTION ( 'NONE',  ( 1.000000000000000000, 0.000000000000000000, 0.000000000000000000 ) ) ;
#1077 = DIRECTION ( 'NONE',  ( 0.000000000000000000, 0.000000000000000000, -1.000000000000000000 ) ) ;
#1078 = CARTESIAN_POINT ( 'NONE',  ( 39.40000000000001279, 45.00000000000000000, -5.421010862427522170E-17 ) ) ;
#1079 = FACE_OUTER_BOUND ( 'NONE', #383, .T. ) ;
#1080 = DIRECTION ( 'NONE',  ( 1.000000000000000000, 0.000000000000000000, 0.000000000000000000 ) ) ;
#1081 = ORIENTED_EDGE ( 'NONE', *, *, #1872, .F. ) ;
#1082 = EDGE_CURVE ( 'NONE', #2094, #1246, #207, .T. ) ;
#1083 = LINE ( 'NONE', #75, #594 ) ;
#1084 = DIRECTION ( 'NONE',  ( -0.000000000000000000, -0.000000000000000000, -1.000000000000000000 ) ) ;
#1085 = AXIS2_PLACEMENT_3D ( 'NONE', #1183, #1688, #155 ) ;
#1086 = CIRCLE ( 'NONE', #865, 0.6000000000000033085 ) ;
#1087 = DIRECTION ( 'NONE',  ( 0.7071067811866024178, 8.659560562355603390E-17, -0.7071067811864927277 ) ) ;
#1088 = CARTESIAN_POINT ( 'NONE',  ( -99.40000000000000568, -97.00000000000000000, -0.5999999999999998668 ) ) ;
#1089 = CC_DESIGN_SECURITY_CLASSIFICATION ( #186, ( #1300 ) ) ;
#1090 = CIRCLE ( 'NONE', #1650, 2.050000000000003375 ) ;
#1091 = ORIENTED_EDGE ( 'NONE', *, *, #1180, .F. ) ;
#1092 = AXIS2_PLACEMENT_3D ( 'NONE', #772, #1457, #1584 ) ;
#1093 = CARTESIAN_POINT ( 'NONE',  ( -42.81000000000002359, -45.00000000000000000, 8.000000000000000000 ) ) ;
#1094 = ORIENTED_EDGE ( 'NONE', *, *, #1708, .T. ) ;
#1095 = AXIS2_PLACEMENT_3D ( 'NONE', #124, #1793, #491 ) ;
#1096 = EDGE_CURVE ( 'NONE', #33, #2070, #25, .T. ) ;
#1097 = ORIENTED_EDGE ( 'NONE', *, *, #407, .F. ) ;
#1098 = CARTESIAN_POINT ( 'NONE',  ( -49.99999999999998579, 45.00000000000000000, 7.880000000000070948 ) ) ;
#1099 = FACE_BOUND ( 'NONE', #2172, .T. ) ;
#1100 = EDGE_CURVE ( 'NONE', #1458, #627, #946, .T. ) ;
#1101 = FACE_OUTER_BOUND ( 'NONE', #947, .T. ) ;
#1102 = DATE_AND_TIME ( #1742, #550 ) ;
#1103 = DIRECTION ( 'NONE',  ( 0.000000000000000000, 1.000000000000000000, 0.000000000000000000 ) ) ;
#1104 = APPROVAL_STATUS ( 'not_yet_approved' ) ;
#1105 = DIRECTION ( 'NONE',  ( -0.000000000000000000, 0.000000000000000000, 1.000000000000000000 ) ) ;
#1106 = CALENDAR_DATE ( 2026, 28, 7 ) ;
#1107 = DIRECTION ( 'NONE',  ( -0.000000000000000000, 0.000000000000000000, 1.000000000000000000 ) ) ;
#1108 = CLOSED_SHELL ( 'NONE', ( #395, #1679, #953, #130, #1507, #71, #1638, #2102, #603, #1242, #1026, #820, #2008, #742, #1873, #29, #1290, #682, #117, #299, #531, #1928, #1245, #1938, #1766, #1054, #641, #808, #2046, #1941, #1723, #1118, #430, #496, #518, #196, #360, #784, #614, #1661, #773, #1767, #527, #1314, #145, #1347, #1413, #565, #1792, #46, #1692, #1371, #1170, #477, #312, #1298, #1966, #928, #1142, #2146, #2060, #1951, #590, #2119, #715, #1695, #930, #1930, #212, #986, #1243, #498, #1500, #2135, #1398, #1616, #996, #142 ) ) ;
#1109 = ORIENTED_EDGE ( 'NONE', *, *, #726, .F. ) ;
#1110 = EDGE_CURVE ( 'NONE', #1829, #569, #706, .T. ) ;
#1111 = DIRECTION ( 'NONE',  ( -1.000000000000000000, 0.000000000000000000, 0.000000000000000000 ) ) ;
#1112 = AXIS2_PLACEMENT_3D ( 'NONE', #1803, #2151, #1609 ) ;
#1113 = DIRECTION ( 'NONE',  ( 1.224646799147353207E-16, 1.000000000000000000, 0.000000000000000000 ) ) ;
#1114 = PERSON_AND_ORGANIZATION_ROLE ( 'design_supplier' ) ;
#1115 = AXIS2_PLACEMENT_3D ( 'NONE', #584, #924, #2099 ) ;
#1116 = FACE_OUTER_BOUND ( 'NONE', #394, .T. ) ;
#1117 = AXIS2_PLACEMENT_3D ( 'NONE', #2089, #2111, #789 ) ;
#1118 = ADVANCED_FACE ( 'NONE', ( #892, #732 ), #1417, .T. ) ;
#1119 = DATE_AND_TIME ( #1106, #77 ) ;
#1120 = DIRECTION ( 'NONE',  ( 0.000000000000000000, 0.000000000000000000, 1.000000000000000000 ) ) ;
#1121 = CARTESIAN_POINT ( 'NONE',  ( -39.39999999999999858, -45.00000000000000000, -5.421010862427522170E-17 ) ) ;
#1122 = ORIENTED_EDGE ( 'NONE', *, *, #1132, .F. ) ;
#1123 = FACE_OUTER_BOUND ( 'NONE', #2131, .T. ) ;
#1124 = DIRECTION ( 'NONE',  ( -0.000000000000000000, 0.000000000000000000, 1.000000000000000000 ) ) ;
#1125 = CARTESIAN_POINT ( 'NONE',  ( 97.00000000000000000, -97.00000000000000000, -2.000000000000000000 ) ) ;
#1126 = CALENDAR_DATE ( 2026, 28, 7 ) ;
#1127 = DIRECTION ( 'NONE',  ( -0.000000000000000000, -0.000000000000000000, 1.000000000000000000 ) ) ;
#1128 = VECTOR ( 'NONE', #357, 1000.000000000000000 ) ;
#1129 = ORGANIZATION ( 'UNSPECIFIED', 'UNSPECIFIED', '' ) ;
#1130 = EDGE_CURVE ( 'NONE', #435, #372, #1275, .T. ) ;
#1131 = LINE ( 'NONE', #1442, #1969 ) ;
#1132 = EDGE_CURVE ( 'NONE', #869, #1037, #1608, .T. ) ;
#1133 = CALENDAR_DATE ( 2026, 28, 7 ) ;
#1134 = CIRCLE ( 'NONE', #301, 2.190000000000052793 ) ;
#1135 = FACE_OUTER_BOUND ( 'NONE', #581, .T. ) ;
#1136 = ORIENTED_EDGE ( 'NONE', *, *, #310, .F. ) ;
#1137 = FACE_OUTER_BOUND ( 'NONE', #1699, .T. ) ;
#1138 = CARTESIAN_POINT ( 'NONE',  ( -49.88000000000004519, 45.00000000000000000, 8.000000000000000000 ) ) ;
#1139 = LINE ( 'NONE', #82, #2139 ) ;
#1140 = VECTOR ( 'NONE', #1682, 1000.000000000000000 ) ;
#1141 = ORIENTED_EDGE ( 'NONE', *, *, #407, .T. ) ;
#1142 = ADVANCED_FACE ( 'NONE', ( #1079 ), #1542, .T. ) ;
#1143 = CARTESIAN_POINT ( 'NONE',  ( -44.99999999999999289, 45.00000000000000000, 8.000000000000000000 ) ) ;
#1144 = CARTESIAN_POINT ( 'NONE',  ( 47.05000000000001137, 45.00000000000000000, -1.859999999999969678 ) ) ;
#1145 = CARTESIAN_POINT ( 'NONE',  ( -97.00000000000000000, -97.00000000000000000, -2.000000000000000000 ) ) ;
#1146 = ORIENTED_EDGE ( 'NONE', *, *, #159, .T. ) ;
#1147 = CARTESIAN_POINT ( 'NONE',  ( -44.99999999999999289, -45.00000000000000000, 8.000000000000000000 ) ) ;
#1148 = CARTESIAN_POINT ( 'NONE',  ( 100.0000000000000000, 0.000000000000000000, -0.5999999999999998668 ) ) ;
#1149 = AXIS2_PLACEMENT_3D ( 'NONE', #375, #1681, #173 ) ;
#1150 = ORIENTED_EDGE ( 'NONE', *, *, #1357, .T. ) ;
#1151 = CIRCLE ( 'NONE', #1758, 2.050000000000003375 ) ;
#1152 = AXIS2_PLACEMENT_3D ( 'NONE', #1277, #1931, #1590 ) ;
#1153 = TOROIDAL_SURFACE ( 'NONE', #1866, 5.599999999999996092, 0.5999999999999999778 ) ;
#1154 = EDGE_LOOP ( 'NONE', ( #1438, #447, #998, #613 ) ) ;
#1155 = CARTESIAN_POINT ( 'NONE',  ( -44.99999999999999289, 45.00000000000000000, 0.5999999999999998668 ) ) ;
#1156 = DIRECTION ( 'NONE',  ( 1.000000000000000000, 0.000000000000000000, 0.000000000000000000 ) ) ;
#1157 = EDGE_CURVE ( 'NONE', #627, #712, #870, .T. ) ;
#1158 = EDGE_CURVE ( 'NONE', #295, #100, #1957, .T. ) ;
#1159 = DIRECTION ( 'NONE',  ( 0.000000000000000000, 0.000000000000000000, -1.000000000000000000 ) ) ;
#1160 = ORIENTED_EDGE ( 'NONE', *, *, #326, .F. ) ;
#1161 = CARTESIAN_POINT ( 'NONE',  ( 45.00000000000000711, 45.00000000000000000, -1.859999999999969678 ) ) ;
#1162 = DIRECTION ( 'NONE',  ( -0.000000000000000000, 0.000000000000000000, 1.000000000000000000 ) ) ;
#1163 = ORIENTED_EDGE ( 'NONE', *, *, #62, .T. ) ;
#1164 = CYLINDRICAL_SURFACE ( 'NONE', #61, 0.5999999999999999778 ) ;
#1165 = VERTEX_POINT ( 'NONE', #2024 ) ;
#1166 = FACE_BOUND ( 'NONE', #2145, .T. ) ;
#1167 = LINE ( 'NONE', #983, #836 ) ;
#1168 = EDGE_CURVE ( 'NONE', #1037, #1882, #1540, .T. ) ;
#1169 = DIRECTION ( 'NONE',  ( 1.000000000000000000, 0.000000000000000000, 0.000000000000000000 ) ) ;
#1170 = ADVANCED_FACE ( 'NONE', ( #352 ), #2035, .F. ) ;
#1171 = VECTOR ( 'NONE', #1981, 1000.000000000000000 ) ;
#1172 = ORIENTED_EDGE ( 'NONE', *, *, #544, .T. ) ;
#1173 = EDGE_LOOP ( 'NONE', ( #1852, #1678, #272, #446 ) ) ;
#1174 = DIRECTION ( 'NONE',  ( -0.7071067811865661135, 8.659560562355160888E-17, 0.7071067811865289210 ) ) ;
#1175 = DIRECTION ( 'NONE',  ( 1.000000000000000000, 0.000000000000000000, 0.000000000000000000 ) ) ;
#1176 = LINE ( 'NONE', #634, #268 ) ;
#1177 = CYLINDRICAL_SURFACE ( 'NONE', #729, 0.5999999999999999778 ) ;
#1178 = DIRECTION ( 'NONE',  ( -0.000000000000000000, -0.000000000000000000, -1.000000000000000000 ) ) ;
#1179 = EDGE_CURVE ( 'NONE', #385, #1576, #1875, .T. ) ;
#1180 = EDGE_CURVE ( 'NONE', #1860, #1388, #488, .T. ) ;
#1181 = ORIENTED_EDGE ( 'NONE', *, *, #2193, .F. ) ;
#1182 = TOROIDAL_SURFACE ( 'NONE', #1525, 5.599999999999996092, 0.5999999999999999778 ) ;
#1183 = CARTESIAN_POINT ( 'NONE',  ( 97.00000000000000000, 97.00000000000000000, -1.859999999999998765 ) ) ;
#1184 = DIRECTION ( 'NONE',  ( -1.000000000000000000, 0.000000000000000000, 0.000000000000000000 ) ) ;
#1185 = ORIENTED_EDGE ( 'NONE', *, *, #2027, .T. ) ;
#1186 = CARTESIAN_POINT ( 'NONE',  ( -100.0000000000000000, 97.00000000000000000, -1.859999999999998765 ) ) ;
#1187 = DIRECTION ( 'NONE',  ( 1.000000000000000000, 0.000000000000000000, 0.000000000000000000 ) ) ;
#1188 = CARTESIAN_POINT ( 'NONE',  ( 45.00000000000000711, -45.00000000000000000, 0.5999999999999998668 ) ) ;
#1189 = EDGE_LOOP ( 'NONE', ( #1059, #909, #661, #480 ) ) ;
#1190 = LINE ( 'NONE', #1696, #1615 ) ;
#1191 = EDGE_LOOP ( 'NONE', ( #68, #698, #472, #958 ) ) ;
#1192 = CIRCLE ( 'NONE', #1447, 4.879999999999967919 ) ;
#1193 = VECTOR ( 'NONE', #1302, 999.9999999999998863 ) ;
#1194 = CARTESIAN_POINT ( 'NONE',  ( 0.000000000000000000, 99.85999999999999943, -2.000000000000000000 ) ) ;
#1195 = EDGE_CURVE ( 'NONE', #716, #2052, #1706, .T. ) ;
#1196 = CARTESIAN_POINT ( 'NONE',  ( -44.99999999999999289, 45.00000000000000000, 7.880000000000070948 ) ) ;
#1197 = CIRCLE ( 'NONE', #1642, 3.000000000000002665 ) ;
#1198 = ORIENTED_EDGE ( 'NONE', *, *, #969, .T. ) ;
#1199 = ORIENTED_EDGE ( 'NONE', *, *, #695, .F. ) ;
#1200 = CARTESIAN_POINT ( 'NONE',  ( 47.05000000000001137, 45.00000000000000000, -2.000999999999999446 ) ) ;
#1201 = EDGE_CURVE ( 'NONE', #289, #1165, #1899, .T. ) ;
#1202 = CARTESIAN_POINT ( 'NONE',  ( 97.00000000000000000, -97.00000000000000000, -1.859999999999998765 ) ) ;
#1203 = DIRECTION ( 'NONE',  ( -0.7071067811866024178, 0.000000000000000000, -0.7071067811864927277 ) ) ;
#1204 = ORIENTED_EDGE ( 'NONE', *, *, #1058, .F. ) ;
#1205 = DIRECTION ( 'NONE',  ( 1.000000000000000000, 0.000000000000000000, 0.000000000000000000 ) ) ;
#1206 = PRODUCT_DEFINITION_SHAPE ( 'NONE', 'NONE',  #1508 ) ;
#1207 = DIRECTION ( 'NONE',  ( 1.000000000000000000, 0.000000000000000000, -0.000000000000000000 ) ) ;
#1208 = LINE ( 'NONE', #345, #1128 ) ;
#1209 = VECTOR ( 'NONE', #1921, 1000.000000000000000 ) ;
#1210 = VECTOR ( 'NONE', #1732, 1000.000000000000000 ) ;
#1211 = VECTOR ( 'NONE', #322, 1000.000000000000000 ) ;
#1212 = DESIGN_CONTEXT ( 'detailed design', #17, 'design' ) ;
#1213 = CARTESIAN_POINT ( 'NONE',  ( 45.00000000000000711, 45.00000000000000000, 8.000000000000000000 ) ) ;
#1214 = EDGE_CURVE ( 'NONE', #896, #1246, #1344, .T. ) ;
#1215 = CC_DESIGN_PERSON_AND_ORGANIZATION_ASSIGNMENT ( #597, #94, ( #186 ) ) ;
#1216 = ORIENTED_EDGE ( 'NONE', *, *, #1343, .T. ) ;
#1217 = CARTESIAN_POINT ( 'NONE',  ( 97.00000000000000000, -100.0000000000000000, -2.000000000000000000 ) ) ;
#1218 = DIRECTION ( 'NONE',  ( 0.000000000000000000, 1.000000000000000000, 0.000000000000000000 ) ) ;
#1219 = ORIENTED_EDGE ( 'NONE', *, *, #1490, .F. ) ;
#1220 = DIRECTION ( 'NONE',  ( 0.000000000000000000, 0.000000000000000000, 1.000000000000000000 ) ) ;
#1221 = EDGE_LOOP ( 'NONE', ( #635, #143, #227, #1895 ) ) ;
#1222 = PLANE ( 'NONE',  #2077 ) ;
#1223 = DIRECTION ( 'NONE',  ( 0.000000000000000000, 1.000000000000000000, 0.000000000000000000 ) ) ;
#1224 = CARTESIAN_POINT ( 'NONE',  ( -42.81000000000002359, 45.00000000000000000, -2.000000000000000000 ) ) ;
#1225 = DIRECTION ( 'NONE',  ( 1.000000000000000000, 0.000000000000000000, 0.000000000000000000 ) ) ;
#1226 = EDGE_LOOP ( 'NONE', ( #45, #1845, #1355, #1160 ) ) ;
#1227 = EDGE_CURVE ( 'NONE', #1982, #435, #1731, .T. ) ;
#1228 = DIRECTION ( 'NONE',  ( -0.000000000000000000, -0.000000000000000000, -1.000000000000000000 ) ) ;
#1229 = DIRECTION ( 'NONE',  ( 0.000000000000000000, -0.000000000000000000, -1.000000000000000000 ) ) ;
#1230 = DIRECTION ( 'NONE',  ( 1.000000000000000000, 0.000000000000000000, 0.000000000000000000 ) ) ;
#1231 = VECTOR ( 'NONE', #879, 1000.000000000000000 ) ;
#1232 = ORIENTED_EDGE ( 'NONE', *, *, #2106, .T. ) ;
#1233 = DIRECTION ( 'NONE',  ( 0.000000000000000000, 0.000000000000000000, 1.000000000000000000 ) ) ;
#1234 = VERTEX_POINT ( 'NONE', #582 ) ;
#1235 = AXIS2_PLACEMENT_3D ( 'NONE', #2130, #1958, #825 ) ;
#1236 = CARTESIAN_POINT ( 'NONE',  ( 45.00000000000000711, -45.00000000000000000, 8.000000000000000000 ) ) ;
#1237 = ORIENTED_EDGE ( 'NONE', *, *, #377, .F. ) ;
#1238 = DIRECTION ( 'NONE',  ( -0.000000000000000000, -0.000000000000000000, -1.000000000000000000 ) ) ;
#1239 = VERTEX_POINT ( 'NONE', #1098 ) ;
#1240 = DIRECTION ( 'NONE',  ( 1.000000000000000000, 0.000000000000000000, 0.000000000000000000 ) ) ;
#1241 = DIRECTION ( 'NONE',  ( 0.000000000000000000, 0.000000000000000000, -1.000000000000000000 ) ) ;
#1242 = ADVANCED_FACE ( 'NONE', ( #413 ), #1746, .F. ) ;
#1243 = ADVANCED_FACE ( 'NONE', ( #833 ), #839, .F. ) ;
#1244 = DIRECTION ( 'NONE',  ( 0.000000000000000000, 0.000000000000000000, -1.000000000000000000 ) ) ;
#1245 = ADVANCED_FACE ( 'NONE', ( #1970 ), #793, .T. ) ;
#1246 = VERTEX_POINT ( 'NONE', #1354 ) ;
#1247 = ORIENTED_EDGE ( 'NONE', *, *, #380, .F. ) ;
#1248 = VECTOR ( 'NONE', #34, 1000.000000000000000 ) ;
#1249 = LINE ( 'NONE', #1904, #735 ) ;
#1250 = AXIS2_PLACEMENT_3D ( 'NONE', #415, #1113, #1572 ) ;
#1251 = VECTOR ( 'NONE', #813, 1000.000000000000000 ) ;
#1252 = ORIENTED_EDGE ( 'NONE', *, *, #1401, .T. ) ;
#1253 = DIRECTION ( 'NONE',  ( 1.000000000000000000, 0.000000000000000000, 0.000000000000000000 ) ) ;
#1254 = APPROVAL_STATUS ( 'not_yet_approved' ) ;
#1255 = EDGE_LOOP ( 'NONE', ( #1028, #739, #31, #812 ) ) ;
#1256 = ORIENTED_EDGE ( 'NONE', *, *, #1728, .F. ) ;
#1257 = EDGE_CURVE ( 'NONE', #311, #1719, #452, .T. ) ;
#1258 = DIRECTION ( 'NONE',  ( 0.000000000000000000, 0.000000000000000000, 1.000000000000000000 ) ) ;
#1259 = ORIENTED_EDGE ( 'NONE', *, *, #1855, .T. ) ;
#1260 = EDGE_CURVE ( 'NONE', #1380, #27, #2178, .T. ) ;
#1261 = DIRECTION ( 'NONE',  ( 0.000000000000000000, 0.000000000000000000, 1.000000000000000000 ) ) ;
#1262 = VECTOR ( 'NONE', #752, 1000.000000000000000 ) ;
#1263 = VECTOR ( 'NONE', #2155, 1000.000000000000000 ) ;
#1264 = FACE_OUTER_BOUND ( 'NONE', #2090, .T. ) ;
#1265 = CARTESIAN_POINT ( 'NONE',  ( -40.11999999999994060, 45.00000000000000000, 8.000000000000000000 ) ) ;
#1266 = CARTESIAN_POINT ( 'NONE',  ( -97.00000000000000000, -99.85999999999999943, -2.000000000000000000 ) ) ;
#1267 = FACE_OUTER_BOUND ( 'NONE', #1461, .T. ) ;
#1268 = ORIENTED_EDGE ( 'NONE', *, *, #298, .T. ) ;
#1269 = VECTOR ( 'NONE', #358, 1000.000000000000000 ) ;
#1270 = EDGE_CURVE ( 'NONE', #1719, #2070, #1604, .T. ) ;
#1271 = DIRECTION ( 'NONE',  ( 1.000000000000000000, 0.000000000000000000, 0.000000000000000000 ) ) ;
#1272 = CARTESIAN_POINT ( 'NONE',  ( -44.99999999999999289, 45.00000000000000000, 7.860000000000038511 ) ) ;
#1273 = ORIENTED_EDGE ( 'NONE', *, *, #1479, .T. ) ;
#1274 = DIRECTION ( 'NONE',  ( 1.000000000000000000, 0.000000000000000000, 0.000000000000000000 ) ) ;
#1275 = CIRCLE ( 'NONE', #1459, 2.399999999999999467 ) ;
#1276 = FACE_BOUND ( 'NONE', #1348, .T. ) ;
#1277 = CARTESIAN_POINT ( 'NONE',  ( 0.000000000000000000, 0.000000000000000000, 8.000000000000000000 ) ) ;
#1278 = COORDINATED_UNIVERSAL_TIME_OFFSET ( 3, 0, .BEHIND. ) ;
#1279 = FACE_OUTER_BOUND ( 'NONE', #1610, .T. ) ;
#1280 = LINE ( 'NONE', #280, #1193 ) ;
#1281 = CARTESIAN_POINT ( 'NONE',  ( -97.00000000000000000, 100.0000000000000000, -2.000000000000000000 ) ) ;
#1282 = ORIENTED_EDGE ( 'NONE', *, *, #871, .T. ) ;
#1283 = ORIENTED_EDGE ( 'NONE', *, *, #1804, .T. ) ;
#1284 = EDGE_CURVE ( 'NONE', #1709, #1305, #1061, .T. ) ;
#1285 = CARTESIAN_POINT ( 'NONE',  ( -39.39999999999999858, 45.00000000000000000, 0.5999999999999998668 ) ) ;
#1286 = AXIS2_PLACEMENT_3D ( 'NONE', #2073, #450, #573 ) ;
#1287 = DIRECTION ( 'NONE',  ( 1.000000000000000000, 0.000000000000000000, 0.000000000000000000 ) ) ;
#1288 = DIRECTION ( 'NONE',  ( 1.000000000000000000, 0.000000000000000000, 0.000000000000000000 ) ) ;
#1289 = CIRCLE ( 'NONE', #1327, 4.999999999999997335 ) ;
#1290 = ADVANCED_FACE ( 'NONE', ( #620 ), #1653, .F. ) ;
#1291 = CARTESIAN_POINT ( 'NONE',  ( 97.00000000000000000, 97.00000000000000000, -0.5999999999999998668 ) ) ;
#1292 = DIRECTION ( 'NONE',  ( 0.000000000000000000, 0.000000000000000000, 1.000000000000000000 ) ) ;
#1293 = ORIENTED_EDGE ( 'NONE', *, *, #465, .F. ) ;
#1294 = DIRECTION ( 'NONE',  ( 1.000000000000000000, 0.000000000000000000, 0.000000000000000000 ) ) ;
#1295 = AXIS2_PLACEMENT_3D ( 'NONE', #1202, #2011, #499 ) ;
#1296 = PERSON_AND_ORGANIZATION ( #1983, #1129 ) ;
#1297 = LINE ( 'NONE', #2110, #574 ) ;
#1298 = ADVANCED_FACE ( 'NONE', ( #1815 ), #83, .F. ) ;
#1299 = CONICAL_SURFACE ( 'NONE', #110, 2.050000000000003375, 0.7853981633974745913 ) ;
#1300 = PRODUCT_DEFINITION_FORMATION_WITH_SPECIFIED_SOURCE ( 'ANY', '', #1536, .NOT_KNOWN. ) ;
#1301 = VECTOR ( 'NONE', #805, 999.9999999999998863 ) ;
#1302 = DIRECTION ( 'NONE',  ( 0.7071067811865962005, 8.659560562355529434E-17, -0.7071067811864989450 ) ) ;
#1303 = CARTESIAN_POINT ( 'NONE',  ( -44.99999999999999289, -45.00000000000000000, 8.000000000000000000 ) ) ;
#1304 = AXIS2_PLACEMENT_3D ( 'NONE', #1399, #864, #1883 ) ;
#1305 = VERTEX_POINT ( 'NONE', #306 ) ;
#1306 = DIRECTION ( 'NONE',  ( 0.000000000000000000, 0.000000000000000000, -1.000000000000000000 ) ) ;
#1307 = ORIENTED_EDGE ( 'NONE', *, *, #132, .T. ) ;
#1308 = DIRECTION ( 'NONE',  ( -0.000000000000000000, -0.000000000000000000, -1.000000000000000000 ) ) ;
#1309 = VERTEX_POINT ( 'NONE', #501 ) ;
#1310 = CARTESIAN_POINT ( 'NONE',  ( 45.00000000000000711, -45.00000000000000000, 0.5999999999999998668 ) ) ;
#1311 = EDGE_LOOP ( 'NONE', ( #1639, #2166, #19, #1588 ) ) ;
#1312 = ORIENTED_EDGE ( 'NONE', *, *, #1008, .T. ) ;
#1313 = AXIS2_PLACEMENT_3D ( 'NONE', #1691, #1178, #843 ) ;
#1314 = ADVANCED_FACE ( 'NONE', ( #1632 ), #991, .T. ) ;
#1315 = CARTESIAN_POINT ( 'NONE',  ( 0.000000000000000000, 0.000000000000000000, 0.000000000000000000 ) ) ;
#1316 = DIRECTION ( 'NONE',  ( 1.000000000000000000, 0.000000000000000000, 0.000000000000000000 ) ) ;
#1317 = CARTESIAN_POINT ( 'NONE',  ( -47.04999999999999716, 45.00000000000000000, -2.000999999999999446 ) ) ;
#1318 = DIRECTION ( 'NONE',  ( -1.000000000000000000, -0.000000000000000000, -0.000000000000000000 ) ) ;
#1319 = CIRCLE ( 'NONE', #638, 2.050000000000003375 ) ;
#1320 = ORIENTED_EDGE ( 'NONE', *, *, #1894, .F. ) ;
#1321 = FACE_OUTER_BOUND ( 'NONE', #532, .T. ) ;
#1322 = CARTESIAN_POINT ( 'NONE',  ( 45.00000000000000711, -45.00000000000000000, 7.860000000000038511 ) ) ;
#1323 = AXIS2_PLACEMENT_3D ( 'NONE', #451, #2076, #267 ) ;
#1324 = CIRCLE ( 'NONE', #63, 2.050000000000003375 ) ;
#1325 = EDGE_LOOP ( 'NONE', ( #1146, #1727, #1367, #1050 ) ) ;
#1326 = DIRECTION ( 'NONE',  ( 0.000000000000000000, 0.000000000000000000, -1.000000000000000000 ) ) ;
#1327 = AXIS2_PLACEMENT_3D ( 'NONE', #1453, #2100, #1358 ) ;
#1328 = ORIENTED_EDGE ( 'NONE', *, *, #183, .T. ) ;
#1329 = EDGE_CURVE ( 'NONE', #1891, #853, #1991, .T. ) ;
#1330 = CARTESIAN_POINT ( 'NONE',  ( 100.0000000000000000, 97.00000000000000000, -1.859999999999998765 ) ) ;
#1331 = EDGE_CURVE ( 'NONE', #1763, #1579, #814, .T. ) ;
#1332 = DIRECTION ( 'NONE',  ( -0.000000000000000000, 0.000000000000000000, 1.000000000000000000 ) ) ;
#1333 = ORIENTED_EDGE ( 'NONE', *, *, #1996, .T. ) ;
#1334 = CARTESIAN_POINT ( 'NONE',  ( -97.00000000000000000, 100.0000000000000000, -1.859999999999998765 ) ) ;
#1335 = APPLICATION_CONTEXT ( 'configuration controlled 3d designs of mechanical parts and assemblies' ) ;
#1336 = ORIENTED_EDGE ( 'NONE', *, *, #1857, .T. ) ;
#1337 = VECTOR ( 'NONE', #1258, 1000.000000000000000 ) ;
#1338 = ORIENTED_EDGE ( 'NONE', *, *, #562, .T. ) ;
#1339 = AXIS2_PLACEMENT_3D ( 'NONE', #786, #1947, #425 ) ;
#1340 = ORIENTED_EDGE ( 'NONE', *, *, #969, .F. ) ;
#1341 = DIRECTION ( 'NONE',  ( -1.000000000000000000, 0.000000000000000000, 0.000000000000000000 ) ) ;
#1342 = CARTESIAN_POINT ( 'NONE',  ( -44.99999999999999289, -45.00000000000000000, -2.000000000000000000 ) ) ;
#1343 = EDGE_CURVE ( 'NONE', #716, #1407, #1892, .T. ) ;
#1344 = CIRCLE ( 'NONE', #810, 4.999999999999997335 ) ;
#1345 = DIRECTION ( 'NONE',  ( 1.000000000000000000, 0.000000000000000000, 0.000000000000000000 ) ) ;
#1346 = PLANE ( 'NONE',  #1671 ) ;
#1347 = ADVANCED_FACE ( 'NONE', ( #1502 ), #657, .T. ) ;
#1348 = EDGE_LOOP ( 'NONE', ( #339, #497 ) ) ;
#1349 = AXIS2_PLACEMENT_3D ( 'NONE', #1391, #693, #681 ) ;
#1350 = DIRECTION ( 'NONE',  ( 1.000000000000000000, 0.000000000000000000, 0.000000000000000000 ) ) ;
#1351 = ORIENTED_EDGE ( 'NONE', *, *, #1360, .F. ) ;
#1352 = DIRECTION ( 'NONE',  ( 1.000000000000000000, 0.000000000000000000, 0.000000000000000000 ) ) ;
#1353 = UNCERTAINTY_MEASURE_WITH_UNIT (LENGTH_MEASURE( 1.000000000000000082E-05 ), #95, 'distance_accuracy_value', 'NONE');
#1354 = CARTESIAN_POINT ( 'NONE',  ( 50.00000000000000000, -45.00000000000000000, 7.879999999999987459 ) ) ;
#1355 = ORIENTED_EDGE ( 'NONE', *, *, #1890, .F. ) ;
#1356 = DIRECTION ( 'NONE',  ( -0.000000000000000000, 0.000000000000000000, 1.000000000000000000 ) ) ;
#1357 = EDGE_CURVE ( 'NONE', #785, #642, #1176, .T. ) ;
#1358 = DIRECTION ( 'NONE',  ( 1.000000000000000000, 0.000000000000000000, 0.000000000000000000 ) ) ;
#1359 = ORIENTED_EDGE ( 'NONE', *, *, #2164, .T. ) ;
#1360 = EDGE_CURVE ( 'NONE', #1763, #1004, #1513, .T. ) ;
#1361 = CONICAL_SURFACE ( 'NONE', #1617, 2.050000000000003375, 0.7853981633975257726 ) ;
#1362 = DIRECTION ( 'NONE',  ( -0.000000000000000000, 0.000000000000000000, 1.000000000000000000 ) ) ;
#1363 = EDGE_LOOP ( 'NONE', ( #2049, #1477, #504, #342 ) ) ;
#1364 = AXIS2_PLACEMENT_3D ( 'NONE', #907, #1893, #1532 ) ;
#1365 = CARTESIAN_POINT ( 'NONE',  ( -49.99999999999998579, -45.00000000000000000, 7.880000000000070948 ) ) ;
#1366 = CARTESIAN_POINT ( 'NONE',  ( 45.00000000000000711, 45.00000000000000000, -2.000000000000000000 ) ) ;
#1367 = ORIENTED_EDGE ( 'NONE', *, *, #1995, .F. ) ;
#1368 = ORIENTED_EDGE ( 'NONE', *, *, #1780, .F. ) ;
#1369 = ORIENTED_EDGE ( 'NONE', *, *, #695, .T. ) ;
#1370 = CARTESIAN_POINT ( 'NONE',  ( 97.00000000000000000, 97.00000000000000000, 0.000000000000000000 ) ) ;
#1371 = ADVANCED_FACE ( 'NONE', ( #1665 ), #147, .T. ) ;
#1372 = AXIS2_PLACEMENT_3D ( 'NONE', #1291, #1802, #444 ) ;
#1373 = AXIS2_PLACEMENT_3D ( 'NONE', #804, #1016, #1634 ) ;
#1374 = LINE ( 'NONE', #1024, #336 ) ;
#1375 = EDGE_LOOP ( 'NONE', ( #2023, #1307, #1844, #1730 ) ) ;
#1376 = ORIENTED_EDGE ( 'NONE', *, *, #20, .T. ) ;
#1377 = CIRCLE ( 'NONE', #1018, 2.189999999999969749 ) ;
#1378 = CARTESIAN_POINT ( 'NONE',  ( -44.99999999999999289, -45.00000000000000000, 7.860000000000038511 ) ) ;
#1379 = DIRECTION ( 'NONE',  ( 1.000000000000000000, 0.000000000000000000, 0.000000000000000000 ) ) ;
#1380 = VERTEX_POINT ( 'NONE', #1036 ) ;
#1381 = DIRECTION ( 'NONE',  ( -1.000000000000000000, 0.000000000000000000, 0.000000000000000000 ) ) ;
#1382 = VERTEX_POINT ( 'NONE', #338 ) ;
#1383 = CARTESIAN_POINT ( 'NONE',  ( -99.40000000000000568, 97.00000000000000000, -0.5999999999999998668 ) ) ;
#1384 = CARTESIAN_POINT ( 'NONE',  ( 0.000000000000000000, -100.0000000000000000, -2.000000000000000000 ) ) ;
#1385 = ORIENTED_EDGE ( 'NONE', *, *, #16, .F. ) ;
#1386 = EDGE_CURVE ( 'NONE', #1305, #1709, #559, .T. ) ;
#1387 = DIRECTION ( 'NONE',  ( 0.000000000000000000, 0.000000000000000000, 1.000000000000000000 ) ) ;
#1388 = VERTEX_POINT ( 'NONE', #1049 ) ;
#1389 = DIRECTION ( 'NONE',  ( 0.000000000000000000, -0.7071067811865474617, 0.7071067811865474617 ) ) ;
#1390 = CARTESIAN_POINT ( 'NONE',  ( 40.12000000000004007, 45.00000000000000000, 8.000000000000000000 ) ) ;
#1391 = CARTESIAN_POINT ( 'NONE',  ( -97.00000000000000000, -97.00000000000000000, -0.5999999999999998668 ) ) ;
#1392 = VERTEX_POINT ( 'NONE', #1224 ) ;
#1393 = FACE_OUTER_BOUND ( 'NONE', #854, .T. ) ;
#1394 = DIRECTION ( 'NONE',  ( 0.000000000000000000, 0.000000000000000000, -1.000000000000000000 ) ) ;
#1395 = ORIENTED_EDGE ( 'NONE', *, *, #940, .T. ) ;
#1396 = AXIS2_PLACEMENT_3D ( 'NONE', #1342, #1990, #979 ) ;
#1397 = TOROIDAL_SURFACE ( 'NONE', #1660, 5.599999999999996092, 0.5999999999999999778 ) ;
#1398 = ADVANCED_FACE ( 'NONE', ( #2186 ), #1675, .T. ) ;
#1399 = CARTESIAN_POINT ( 'NONE',  ( -39.39999999999999858, -45.00000000000000000, 0.5999999999999998668 ) ) ;
#1400 = EDGE_LOOP ( 'NONE', ( #1910, #708, #815, #1786 ) ) ;
#1401 = EDGE_CURVE ( 'NONE', #626, #1380, #1703, .T. ) ;
#1402 = VERTEX_POINT ( 'NONE', #1557 ) ;
#1403 = DIRECTION ( 'NONE',  ( 1.000000000000000000, 0.000000000000000000, 0.000000000000000000 ) ) ;
#1404 = DIRECTION ( 'NONE',  ( 0.000000000000000000, 0.000000000000000000, -1.000000000000000000 ) ) ;
#1405 = ORIENTED_EDGE ( 'NONE', *, *, #1329, .T. ) ;
#1406 = CARTESIAN_POINT ( 'NONE',  ( -44.99999999999999289, -45.00000000000000000, 7.860000000000038511 ) ) ;
#1407 = VERTEX_POINT ( 'NONE', #538 ) ;
#1408 = ORIENTED_EDGE ( 'NONE', *, *, #60, .F. ) ;
#1409 = AXIS2_PLACEMENT_3D ( 'NONE', #1663, #315, #1047 ) ;
#1410 = TOROIDAL_SURFACE ( 'NONE', #403, 5.599999999999996092, 0.5999999999999999778 ) ;
#1411 = CARTESIAN_POINT ( 'NONE',  ( 0.000000000000000000, -100.0000000000000000, -1.859999999999998765 ) ) ;
#1412 = VERTEX_POINT ( 'NONE', #30 ) ;
#1413 = ADVANCED_FACE ( 'NONE', ( #1856 ), #10, .T. ) ;
#1414 = ORIENTED_EDGE ( 'NONE', *, *, #298, .F. ) ;
#1415 = EDGE_CURVE ( 'NONE', #1600, #650, #702, .T. ) ;
#1416 = CARTESIAN_POINT ( 'NONE',  ( 45.00000000000000711, 45.00000000000000000, -2.000999999999999446 ) ) ;
#1417 = PLANE ( 'NONE',  #304 ) ;
#1418 = VECTOR ( 'NONE', #1014, 1000.000000000000000 ) ;
#1419 = ORIENTED_EDGE ( 'NONE', *, *, #1331, .T. ) ;
#1420 = DIRECTION ( 'NONE',  ( 0.000000000000000000, 0.000000000000000000, 1.000000000000000000 ) ) ;
#1421 = ORIENTED_EDGE ( 'NONE', *, *, #2019, .T. ) ;
#1422 = VECTOR ( 'NONE', #1228, 1000.000000000000000 ) ;
#1423 = DIRECTION ( 'NONE',  ( -0.000000000000000000, -0.000000000000000000, -1.000000000000000000 ) ) ;
#1424 = ORIENTED_EDGE ( 'NONE', *, *, #1580, .F. ) ;
#1425 = CARTESIAN_POINT ( 'NONE',  ( 45.00000000000000711, 45.00000000000000000, 8.000000000000000000 ) ) ;
#1426 = ORIENTED_EDGE ( 'NONE', *, *, #439, .F. ) ;
#1427 = EDGE_LOOP ( 'NONE', ( #746, #1474, #1884, #118 ) ) ;
#1428 = CARTESIAN_POINT ( 'NONE',  ( 45.00000000000000711, -45.00000000000000000, -1.859999999999969678 ) ) ;
#1429 = DIRECTION ( 'NONE',  ( -0.000000000000000000, 0.000000000000000000, 1.000000000000000000 ) ) ;
#1430 = DIRECTION ( 'NONE',  ( 1.000000000000000000, 0.000000000000000000, 0.000000000000000000 ) ) ;
#1431 = EDGE_CURVE ( 'NONE', #2187, #2136, #119, .T. ) ;
#1432 = DIRECTION ( 'NONE',  ( -1.000000000000000000, 0.000000000000000000, 0.000000000000000000 ) ) ;
#1433 = AXIS2_PLACEMENT_3D ( 'NONE', #1591, #1464, #70 ) ;
#1434 = ORIENTED_EDGE ( 'NONE', *, *, #873, .F. ) ;
#1435 = AXIS2_PLACEMENT_3D ( 'NONE', #1125, #1583, #1253 ) ;
#1436 = DIRECTION ( 'NONE',  ( -0.7071067811865661135, 8.659560562355160888E-17, 0.7071067811865289210 ) ) ;
#1437 = AXIS2_PLACEMENT_3D ( 'NONE', #300, #987, #2170 ) ;
#1438 = ORIENTED_EDGE ( 'NONE', *, *, #1214, .T. ) ;
#1439 = PLANE ( 'NONE',  #331 ) ;
#1440 = DIRECTION ( 'NONE',  ( 0.000000000000000000, 0.000000000000000000, 1.000000000000000000 ) ) ;
#1441 = EDGE_CURVE ( 'NONE', #161, #684, #1537, .T. ) ;
#1442 = CARTESIAN_POINT ( 'NONE',  ( -100.0000000000000000, 0.000000000000000000, -1.859999999999998765 ) ) ;
#1443 = ORIENTED_EDGE ( 'NONE', *, *, #1953, .F. ) ;
#1444 = APPLICATION_PROTOCOL_DEFINITION ( 'international standard', 'config_control_design', 1994, #1335 ) ;
#1445 = CARTESIAN_POINT ( 'NONE',  ( 45.00000000000000711, 45.00000000000000000, -2.000999999999999446 ) ) ;
#1446 = CARTESIAN_POINT ( 'NONE',  ( -44.99999999999999289, 45.00000000000000000, 7.860000000000038511 ) ) ;
#1447 = AXIS2_PLACEMENT_3D ( 'NONE', #1999, #1702, #1352 ) ;
#1448 = ORIENTED_EDGE ( 'NONE', *, *, #1479, .F. ) ;
#1449 = AXIS2_PLACEMENT_3D ( 'NONE', #1756, #2103, #760 ) ;
#1450 = FACE_OUTER_BOUND ( 'NONE', #651, .T. ) ;
#1451 = CARTESIAN_POINT ( 'NONE',  ( 45.00000000000000711, 45.00000000000000000, 8.000000000000000000 ) ) ;
#1452 = APPROVAL_PERSON_ORGANIZATION ( #1296, #885, #1932 ) ;
#1453 = CARTESIAN_POINT ( 'NONE',  ( 45.00000000000000711, -45.00000000000000000, 7.879999999999987459 ) ) ;
#1454 = AXIS2_PLACEMENT_3D ( 'NONE', #540, #237, #934 ) ;
#1455 = CARTESIAN_POINT ( 'NONE',  ( -47.04999999999999716, -45.00000000000000000, -1.860000000000052944 ) ) ;
#1456 = EDGE_CURVE ( 'NONE', #385, #1382, #371, .T. ) ;
#1457 = DIRECTION ( 'NONE',  ( 0.000000000000000000, 0.000000000000000000, -1.000000000000000000 ) ) ;
#1458 = VERTEX_POINT ( 'NONE', #876 ) ;
#1459 = AXIS2_PLACEMENT_3D ( 'NONE', #1370, #2016, #1205 ) ;
#1460 = EDGE_CURVE ( 'NONE', #166, #897, #2058, .T. ) ;
#1461 = EDGE_LOOP ( 'NONE', ( #1739, #1549, #520, #1247 ) ) ;
#1462 = FACE_OUTER_BOUND ( 'NONE', #878, .T. ) ;
#1463 = CARTESIAN_POINT ( 'NONE',  ( -44.99999999999999289, -45.00000000000000000, 8.000000000000000000 ) ) ;
#1464 = DIRECTION ( 'NONE',  ( -0.000000000000000000, 0.000000000000000000, 1.000000000000000000 ) ) ;
#1465 = CARTESIAN_POINT ( 'NONE',  ( 40.00000000000000711, 45.00000000000000000, 7.879999999999987459 ) ) ;
#1466 = LINE ( 'NONE', #434, #1943 ) ;
#1467 = CARTESIAN_POINT ( 'NONE',  ( 97.00000000000000000, -99.40000000000000568, 0.000000000000000000 ) ) ;
#1468 = EDGE_CURVE ( 'NONE', #131, #1493, #1134, .T. ) ;
#1469 = EDGE_LOOP ( 'NONE', ( #52, #374, #1748, #720 ) ) ;
#1470 = CARTESIAN_POINT ( 'NONE',  ( 45.00000000000000711, 45.00000000000000000, 8.000000000000000000 ) ) ;
#1471 = AXIS2_PLACEMENT_3D ( 'NONE', #1057, #2040, #2051 ) ;
#1472 = CARTESIAN_POINT ( 'NONE',  ( 47.05000000000001137, -45.00000000000000000, -1.859999999999969678 ) ) ;
#1473 = DATE_AND_TIME ( #585, #800 ) ;
#1474 = ORIENTED_EDGE ( 'NONE', *, *, #73, .F. ) ;
#1475 = CARTESIAN_POINT ( 'NONE',  ( 50.00000000000000000, 45.00000000000000000, 7.879999999999987459 ) ) ;
#1476 = DIRECTION ( 'NONE',  ( 0.000000000000000000, -0.000000000000000000, -1.000000000000000000 ) ) ;
#1477 = ORIENTED_EDGE ( 'NONE', *, *, #366, .F. ) ;
#1478 = CARTESIAN_POINT ( 'NONE',  ( 97.00000000000000000, 100.0000000000000000, -0.5999999999999998668 ) ) ;
#1479 = EDGE_CURVE ( 'NONE', #723, #104, #1374, .T. ) ;
#1480 = CIRCLE ( 'NONE', #1744, 2.189999999999969749 ) ;
#1481 = DIRECTION ( 'NONE',  ( -0.000000000000000000, -0.000000000000000000, 1.000000000000000000 ) ) ;
#1482 = DIRECTION ( 'NONE',  ( 0.000000000000000000, 0.000000000000000000, -1.000000000000000000 ) ) ;
#1483 = ORIENTED_EDGE ( 'NONE', *, *, #216, .T. ) ;
#1484 = DIRECTION ( 'NONE',  ( 0.7071067811865661135, 0.000000000000000000, 0.7071067811865289210 ) ) ;
#1485 = CARTESIAN_POINT ( 'NONE',  ( 45.00000000000000711, -45.00000000000000000, 8.000000000000000000 ) ) ;
#1486 = CYLINDRICAL_SURFACE ( 'NONE', #388, 2.050000000000003375 ) ;
#1487 = EDGE_LOOP ( 'NONE', ( #920, #1017 ) ) ;
#1488 = EDGE_CURVE ( 'NONE', #829, #577, #229, .T. ) ;
#1489 = EDGE_LOOP ( 'NONE', ( #340, #334, #1623, #1858 ) ) ;
#1490 = EDGE_CURVE ( 'NONE', #100, #2136, #202, .T. ) ;
#1491 = CARTESIAN_POINT ( 'NONE',  ( 45.00000000000000711, -45.00000000000000000, -2.000999999999999446 ) ) ;
#1492 = DIRECTION ( 'NONE',  ( -0.000000000000000000, 0.000000000000000000, 1.000000000000000000 ) ) ;
#1493 = VERTEX_POINT ( 'NONE', #724 ) ;
#1494 = LINE ( 'NONE', #149, #1263 ) ;
#1495 = CIRCLE ( 'NONE', #790, 2.050000000000003375 ) ;
#1496 = ORIENTED_EDGE ( 'NONE', *, *, #1488, .T. ) ;
#1497 = CARTESIAN_POINT ( 'NONE',  ( -39.99999999999999289, -45.00000000000000000, 7.880000000000070948 ) ) ;
#1498 = AXIS2_PLACEMENT_3D ( 'NONE', #1659, #140, #1350 ) ;
#1499 = EDGE_CURVE ( 'NONE', #1239, #694, #1672, .T. ) ;
#1500 = ADVANCED_FACE ( 'NONE', ( #703 ), #984, .F. ) ;
#1501 = DIRECTION ( 'NONE',  ( 1.000000000000000000, 0.000000000000000000, 0.000000000000000000 ) ) ;
#1502 = FACE_OUTER_BOUND ( 'NONE', #1816, .T. ) ;
#1503 = ORIENTED_EDGE ( 'NONE', *, *, #1357, .F. ) ;
#1504 = LINE ( 'NONE', #1830, #1774 ) ;
#1505 = EDGE_LOOP ( 'NONE', ( #369, #1903 ) ) ;
#1506 = DIRECTION ( 'NONE',  ( 1.000000000000000000, 0.000000000000000000, 0.000000000000000000 ) ) ;
#1507 = ADVANCED_FACE ( 'NONE', ( #165 ), #154, .F. ) ;
#1508 = PRODUCT_DEFINITION ( 'UNKNOWN', '', #1300, #1212 ) ;
#1509 = AXIS2_PLACEMENT_3D ( 'NONE', #174, #2198, #1379 ) ;
#1510 = DIRECTION ( 'NONE',  ( 1.000000000000000000, 0.000000000000000000, 0.000000000000000000 ) ) ;
#1511 = FACE_OUTER_BOUND ( 'NONE', #1865, .T. ) ;
#1512 = EDGE_CURVE ( 'NONE', #1658, #1515, #1083, .T. ) ;
#1513 = CIRCLE ( 'NONE', #837, 4.999999999999997335 ) ;
#1514 = FACE_OUTER_BOUND ( 'NONE', #1363, .T. ) ;
#1515 = VERTEX_POINT ( 'NONE', #1093 ) ;
#1516 = CARTESIAN_POINT ( 'NONE',  ( 99.85999999999999943, 97.00000000000000000, -2.000000000000000000 ) ) ;
#1517 = DIRECTION ( 'NONE',  ( -0.000000000000000000, -0.7071067811865475727, -0.7071067811865475727 ) ) ;
#1518 = VERTEX_POINT ( 'NONE', #393 ) ;
#1519 = EDGE_CURVE ( 'NONE', #893, #1709, #1249, .T. ) ;
#1520 = ORIENTED_EDGE ( 'NONE', *, *, #1821, .F. ) ;
#1521 = CONICAL_SURFACE ( 'NONE', #278, 2.860000000000001208, 0.7853981633974391752 ) ;
#1522 = VECTOR ( 'NONE', #1481, 1000.000000000000000 ) ;
#1523 = ORIENTED_EDGE ( 'NONE', *, *, #1110, .T. ) ;
#1524 = AXIS2_PLACEMENT_3D ( 'NONE', #1603, #81, #242 ) ;
#1525 = AXIS2_PLACEMENT_3D ( 'NONE', #2123, #1429, #1288 ) ;
#1526 = CARTESIAN_POINT ( 'NONE',  ( 97.00000000000000000, 97.00000000000000000, -2.000000000000000000 ) ) ;
#1527 = ORIENTED_EDGE ( 'NONE', *, *, #2007, .T. ) ;
#1528 = ORIENTED_EDGE ( 'NONE', *, *, #2027, .F. ) ;
#1529 = CARTESIAN_POINT ( 'NONE',  ( 0.000000000000000000, 0.000000000000000000, 8.000000000000000000 ) ) ;
#1530 = EDGE_LOOP ( 'NONE', ( #191, #1065, #1185, #548 ) ) ;
#1531 = AXIS2_PLACEMENT_3D ( 'NONE', #1445, #1896, #382 ) ;
#1532 = DIRECTION ( 'NONE',  ( -1.000000000000000000, 0.000000000000000000, 0.000000000000000000 ) ) ;
#1533 = VECTOR ( 'NONE', #1993, 1000.000000000000000 ) ;
#1534 = ORIENTED_EDGE ( 'NONE', *, *, #1227, .T. ) ;
#1535 = CARTESIAN_POINT ( 'NONE',  ( 97.00000000000000000, 100.0000000000000000, -1.859999999999998765 ) ) ;
#1536 = PRODUCT ( 'base_plana', 'base_plana', '', ( #589 ) ) ;
#1537 = LINE ( 'NONE', #328, #1269 ) ;
#1538 = LINE ( 'NONE', #704, #1911 ) ;
#1539 = DIRECTION ( 'NONE',  ( 1.000000000000000000, 0.000000000000000000, 0.000000000000000000 ) ) ;
#1540 = LINE ( 'NONE', #524, #1231 ) ;
#1541 = ORIENTED_EDGE ( 'NONE', *, *, #1157, .T. ) ;
#1542 = TOROIDAL_SURFACE ( 'NONE', #1349, 2.400000000000000355, 0.5999999999999999778 ) ;
#1543 = EDGE_CURVE ( 'NONE', #642, #1382, #1197, .T. ) ;
#1544 = CARTESIAN_POINT ( 'NONE',  ( 45.00000000000000711, -45.00000000000000000, -2.000999999999999446 ) ) ;
#1545 = VERTEX_POINT ( 'NONE', #1738 ) ;
#1546 = EDGE_CURVE ( 'NONE', #712, #1982, #7, .T. ) ;
#1547 = CARTESIAN_POINT ( 'NONE',  ( -44.99999999999999289, 45.00000000000000000, 0.000000000000000000 ) ) ;
#1548 = CIRCLE ( 'NONE', #1066, 4.880000000000050520 ) ;
#1549 = ORIENTED_EDGE ( 'NONE', *, *, #660, .T. ) ;
#1550 = CARTESIAN_POINT ( 'NONE',  ( -42.94999999999998863, -45.00000000000000000, -2.000999999999999446 ) ) ;
#1551 = CARTESIAN_POINT ( 'NONE',  ( 97.00000000000000000, 100.0000000000000000, -1.859999999999998765 ) ) ;
#1552 = ORIENTED_EDGE ( 'NONE', *, *, #1964, .T. ) ;
#1553 = CARTESIAN_POINT ( 'NONE',  ( -44.99999999999999289, -45.00000000000000000, -1.860000000000052944 ) ) ;
#1554 = EDGE_CURVE ( 'NONE', #1962, #163, #1377, .T. ) ;
#1555 = ORIENTED_EDGE ( 'NONE', *, *, #1554, .T. ) ;
#1556 = CIRCLE ( 'NONE', #1396, 2.189999999999969749 ) ;
#1557 = CARTESIAN_POINT ( 'NONE',  ( 100.0000000000000000, 97.00000000000000000, -0.5999999999999999778 ) ) ;
#1558 = EDGE_CURVE ( 'NONE', #1165, #1392, #2137, .T. ) ;
#1559 = ORIENTED_EDGE ( 'NONE', *, *, #1855, .F. ) ;
#1560 = DIRECTION ( 'NONE',  ( -1.000000000000000000, 0.000000000000000000, 0.000000000000000000 ) ) ;
#1561 = DIRECTION ( 'NONE',  ( 0.000000000000000000, 0.000000000000000000, 1.000000000000000000 ) ) ;
#1562 = VERTEX_POINT ( 'NONE', #932 ) ;
#1563 = ORIENTED_EDGE ( 'NONE', *, *, #1953, .T. ) ;
#1564 = CONICAL_SURFACE ( 'NONE', #941, 2.050000000000003375, 0.7853981633974745913 ) ;
#1565 = CARTESIAN_POINT ( 'NONE',  ( -42.94999999999998863, -45.00000000000000000, 7.860000000000038511 ) ) ;
#1566 = ORIENTED_EDGE ( 'NONE', *, *, #2124, .F. ) ;
#1567 = LINE ( 'NONE', #2044, #80 ) ;
#1568 = CC_DESIGN_PERSON_AND_ORGANIZATION_ASSIGNMENT ( #260, #443, ( #1508 ) ) ;
#1569 = ORIENTED_EDGE ( 'NONE', *, *, #730, .T. ) ;
#1570 = DIRECTION ( 'NONE',  ( 0.000000000000000000, 0.000000000000000000, -1.000000000000000000 ) ) ;
#1571 = EDGE_CURVE ( 'NONE', #1392, #1165, #1480, .T. ) ;
#1572 = DIRECTION ( 'NONE',  ( -1.000000000000000000, 0.000000000000000000, 0.000000000000000000 ) ) ;
#1573 = AXIS2_PLACEMENT_3D ( 'NONE', #1236, #1716, #2042 ) ;
#1574 = DIRECTION ( 'NONE',  ( 1.000000000000000000, 0.000000000000000000, 0.000000000000000000 ) ) ;
#1575 = EDGE_LOOP ( 'NONE', ( #2201, #1268, #592, #1978 ) ) ;
#1576 = VERTEX_POINT ( 'NONE', #578 ) ;
#1577 = CARTESIAN_POINT ( 'NONE',  ( -49.99999999999998579, -45.00000000000000000, 0.5999999999999998668 ) ) ;
#1578 = CYLINDRICAL_SURFACE ( 'NONE', #965, 3.000000000000002665 ) ;
#1579 = VERTEX_POINT ( 'NONE', #1577 ) ;
#1580 = EDGE_CURVE ( 'NONE', #626, #139, #2020, .T. ) ;
#1581 = DIRECTION ( 'NONE',  ( 0.000000000000000000, 1.000000000000000000, 0.000000000000000000 ) ) ;
#1582 = CARTESIAN_POINT ( 'NONE',  ( 97.00000000000000000, -97.00000000000000000, -0.5999999999999998668 ) ) ;
#1583 = DIRECTION ( 'NONE',  ( 0.000000000000000000, 0.000000000000000000, 1.000000000000000000 ) ) ;
#1584 = DIRECTION ( 'NONE',  ( 1.000000000000000000, 0.000000000000000000, 0.000000000000000000 ) ) ;
#1585 = AXIS2_PLACEMENT_3D ( 'NONE', #1491, #646, #801 ) ;
#1586 = EDGE_LOOP ( 'NONE', ( #2171, #1937, #2059, #153 ) ) ;
#1587 = VECTOR ( 'NONE', #129, 999.9999999999998863 ) ;
#1588 = ORIENTED_EDGE ( 'NONE', *, *, #898, .T. ) ;
#1589 = DIRECTION ( 'NONE',  ( -1.000000000000000000, 0.000000000000000000, 0.000000000000000000 ) ) ;
#1590 = DIRECTION ( 'NONE',  ( 1.000000000000000000, 0.000000000000000000, 0.000000000000000000 ) ) ;
#1591 = CARTESIAN_POINT ( 'NONE',  ( -97.00000000000000000, 97.00000000000000000, -0.5999999999999998668 ) ) ;
#1592 = EDGE_CURVE ( 'NONE', #1579, #1600, #696, .T. ) ;
#1593 = CARTESIAN_POINT ( 'NONE',  ( -100.0000000000000000, 97.00000000000000000, -1.859999999999998765 ) ) ;
#1594 = CC_DESIGN_PERSON_AND_ORGANIZATION_ASSIGNMENT ( #611, #416, ( #1300 ) ) ;
#1595 = DIRECTION ( 'NONE',  ( -1.000000000000000000, 0.000000000000000000, 0.000000000000000000 ) ) ;
#1596 = CARTESIAN_POINT ( 'NONE',  ( -44.99999999999999289, -45.00000000000000000, 0.5999999999999998668 ) ) ;
#1597 = ORIENTED_EDGE ( 'NONE', *, *, #730, .F. ) ;
#1598 = CYLINDRICAL_SURFACE ( 'NONE', #2185, 4.999999999999997335 ) ;
#1599 = CIRCLE ( 'NONE', #1409, 5.599999999999994316 ) ;
#1600 = VERTEX_POINT ( 'NONE', #261 ) ;
#1601 = CIRCLE ( 'NONE', #38, 0.5999999999999999778 ) ;
#1602 = CARTESIAN_POINT ( 'NONE',  ( 100.0000000000000000, 97.00000000000000000, 0.000000000000000000 ) ) ;
#1603 = CARTESIAN_POINT ( 'NONE',  ( -97.00000000000000000, 99.40000000000000568, -0.5999999999999998668 ) ) ;
#1604 = CIRCLE ( 'NONE', #664, 0.5999999999999999778 ) ;
#1605 = EDGE_CURVE ( 'NONE', #286, #1829, #945, .T. ) ;
#1606 = DIRECTION ( 'NONE',  ( 0.000000000000000000, 0.000000000000000000, 1.000000000000000000 ) ) ;
#1607 = CARTESIAN_POINT ( 'NONE',  ( 40.00000000000000711, -45.00000000000000000, 8.000000000000000000 ) ) ;
#1608 = CIRCLE ( 'NONE', #2101, 2.050000000000003375 ) ;
#1609 = DIRECTION ( 'NONE',  ( 0.000000000000000000, -0.000000000000000000, -1.000000000000000000 ) ) ;
#1610 = EDGE_LOOP ( 'NONE', ( #809, #1122, #1651, #321 ) ) ;
#1611 = DIRECTION ( 'NONE',  ( 0.000000000000000000, -0.000000000000000000, -1.000000000000000000 ) ) ;
#1612 = FACE_OUTER_BOUND ( 'NONE', #728, .T. ) ;
#1613 = FACE_OUTER_BOUND ( 'NONE', #487, .T. ) ;
#1614 = PERSON_AND_ORGANIZATION ( #1983, #1129 ) ;
#1615 = VECTOR ( 'NONE', #1022, 1000.000000000000000 ) ;
#1616 = ADVANCED_FACE ( 'NONE', ( #591 ), #1772, .T. ) ;
#1617 = AXIS2_PLACEMENT_3D ( 'NONE', #1888, #2047, #22 ) ;
#1618 = CARTESIAN_POINT ( 'NONE',  ( 42.95000000000000284, -45.00000000000000000, 7.860000000000038511 ) ) ;
#1619 = EDGE_CURVE ( 'NONE', #2097, #1407, #2081, .T. ) ;
#1620 = EDGE_CURVE ( 'NONE', #1887, #829, #1466, .T. ) ;
#1621 = DIRECTION ( 'NONE',  ( -0.000000000000000000, -0.000000000000000000, -1.000000000000000000 ) ) ;
#1622 = AXIS2_PLACEMENT_3D ( 'NONE', #1416, #160, #399 ) ;
#1623 = ORIENTED_EDGE ( 'NONE', *, *, #214, .F. ) ;
#1624 = FACE_BOUND ( 'NONE', #51, .T. ) ;
#1625 = AXIS2_PLACEMENT_3D ( 'NONE', #1383, #733, #1420 ) ;
#1626 = FACE_OUTER_BOUND ( 'NONE', #1586, .T. ) ;
#1627 = CARTESIAN_POINT ( 'NONE',  ( 97.00000000000000000, 100.0000000000000000, -0.5999999999999998668 ) ) ;
#1628 = ORIENTED_EDGE ( 'NONE', *, *, #132, .F. ) ;
#1629 = DIRECTION ( 'NONE',  ( -0.000000000000000000, 0.000000000000000000, 1.000000000000000000 ) ) ;
#1630 = DIRECTION ( 'NONE',  ( -0.000000000000000000, -0.000000000000000000, -1.000000000000000000 ) ) ;
#1631 = DIRECTION ( 'NONE',  ( 0.7071067811866024178, 8.659560562355603390E-17, -0.7071067811864927277 ) ) ;
#1632 = FACE_OUTER_BOUND ( 'NONE', #1015, .T. ) ;
#1633 = ORIENTED_EDGE ( 'NONE', *, *, #1096, .F. ) ;
#1634 = DIRECTION ( 'NONE',  ( 0.000000000000000000, 0.000000000000000000, 1.000000000000000000 ) ) ;
#1635 = DIRECTION ( 'NONE',  ( -1.000000000000000000, 0.000000000000000000, 0.000000000000000000 ) ) ;
#1636 = VECTOR ( 'NONE', #2184, 1000.000000000000114 ) ;
#1637 = CIRCLE ( 'NONE', #1339, 2.860000000000001208 ) ;
#1638 = ADVANCED_FACE ( 'NONE', ( #1913 ), #1697, .F. ) ;
#1639 = ORIENTED_EDGE ( 'NONE', *, *, #1456, .T. ) ;
#1640 = ORIENTED_EDGE ( 'NONE', *, *, #1901, .F. ) ;
#1641 = DIRECTION ( 'NONE',  ( 0.000000000000000000, 0.000000000000000000, -1.000000000000000000 ) ) ;
#1642 = AXIS2_PLACEMENT_3D ( 'NONE', #65, #919, #911 ) ;
#1643 = DIRECTION ( 'NONE',  ( 0.000000000000000000, 0.000000000000000000, 1.000000000000000000 ) ) ;
#1644 = DIRECTION ( 'NONE',  ( 1.000000000000000000, 0.000000000000000000, 0.000000000000000000 ) ) ;
#1645 = ORIENTED_EDGE ( 'NONE', *, *, #1431, .T. ) ;
#1646 = CARTESIAN_POINT ( 'NONE',  ( 0.000000000000000000, 0.000000000000000000, -2.000000000000000000 ) ) ;
#1647 = DIRECTION ( 'NONE',  ( 0.000000000000000000, 0.000000000000000000, 1.000000000000000000 ) ) ;
#1648 = EDGE_CURVE ( 'NONE', #896, #311, #1769, .T. ) ;
#1649 = LINE ( 'NONE', #628, #1587 ) ;
#1650 = AXIS2_PLACEMENT_3D ( 'NONE', #1322, #1647, #127 ) ;
#1651 = ORIENTED_EDGE ( 'NONE', *, *, #2180, .T. ) ;
#1652 = CARTESIAN_POINT ( 'NONE',  ( -97.00000000000000000, -99.40000000000000568, 0.000000000000000000 ) ) ;
#1653 = CYLINDRICAL_SURFACE ( 'NONE', #2064, 2.050000000000003375 ) ;
#1654 = AXIS2_PLACEMENT_3D ( 'NONE', #162, #2038, #721 ) ;
#1655 = EDGE_LOOP ( 'NONE', ( #1109, #1806, #1376, #1483 ) ) ;
#1656 = DIRECTION ( 'NONE',  ( 0.000000000000000000, -1.000000000000000000, 0.000000000000000000 ) ) ;
#1657 = VECTOR ( 'NONE', #59, 1000.000000000000000 ) ;
#1658 = VERTEX_POINT ( 'NONE', #1565 ) ;
#1659 = CARTESIAN_POINT ( 'NONE',  ( -44.99999999999999289, -45.00000000000000000, 0.000000000000000000 ) ) ;
#1660 = AXIS2_PLACEMENT_3D ( 'NONE', #1798, #1162, #485 ) ;
#1661 = ADVANCED_FACE ( 'NONE', ( #87 ), #782, .F. ) ;
#1662 = ORIENTED_EDGE ( 'NONE', *, *, #615, .T. ) ;
#1663 = CARTESIAN_POINT ( 'NONE',  ( -44.99999999999999289, 45.00000000000000000, 0.000000000000000000 ) ) ;
#1664 = EDGE_CURVE ( 'NONE', #2082, #997, #939, .T. ) ;
#1665 = FACE_OUTER_BOUND ( 'NONE', #2116, .T. ) ;
#1666 = ORIENTED_EDGE ( 'NONE', *, *, #1980, .T. ) ;
#1667 = FACE_BOUND ( 'NONE', #1715, .T. ) ;
#1668 = CARTESIAN_POINT ( 'NONE',  ( -47.04999999999999716, 45.00000000000000000, -1.860000000000052944 ) ) ;
#1669 = CIRCLE ( 'NONE', #475, 2.050000000000003375 ) ;
#1670 = ORIENTED_EDGE ( 'NONE', *, *, #1580, .T. ) ;
#1671 = AXIS2_PLACEMENT_3D ( 'NONE', #1646, #1356, #308 ) ;
#1672 = CIRCLE ( 'NONE', #1922, 4.999999999999997335 ) ;
#1673 = DIRECTION ( 'NONE',  ( -1.000000000000000000, 0.000000000000000000, 0.000000000000000000 ) ) ;
#1674 = FACE_OUTER_BOUND ( 'NONE', #302, .T. ) ;
#1675 = CONICAL_SURFACE ( 'NONE', #1783, 4.879999999999967919, 0.7853981633975168908 ) ;
#1676 = ORIENTED_EDGE ( 'NONE', *, *, #1096, .T. ) ;
#1677 = DIRECTION ( 'NONE',  ( 1.000000000000000000, 0.000000000000000000, 0.000000000000000000 ) ) ;
#1678 = ORIENTED_EDGE ( 'NONE', *, *, #562, .F. ) ;
#1679 = ADVANCED_FACE ( 'NONE', ( #899 ), #257, .T. ) ;
#1680 = ORIENTED_EDGE ( 'NONE', *, *, #1013, .T. ) ;
#1681 = DIRECTION ( 'NONE',  ( -0.000000000000000000, 0.000000000000000000, 1.000000000000000000 ) ) ;
#1682 = DIRECTION ( 'NONE',  ( 1.000000000000000000, 0.000000000000000000, 0.000000000000000000 ) ) ;
#1683 = AXIS2_PLACEMENT_3D ( 'NONE', #3, #379, #1070 ) ;
#1684 = ORIENTED_EDGE ( 'NONE', *, *, #1468, .T. ) ;
#1685 = CIRCLE ( 'NONE', #1034, 2.190000000000052793 ) ;
#1686 = CIRCLE ( 'NONE', #433, 2.190000000000052793 ) ;
#1687 = DIRECTION ( 'NONE',  ( 1.000000000000000000, 0.000000000000000000, 0.000000000000000000 ) ) ;
#1688 = DIRECTION ( 'NONE',  ( 0.000000000000000000, 0.000000000000000000, 1.000000000000000000 ) ) ;
#1689 = CARTESIAN_POINT ( 'NONE',  ( 45.00000000000000711, 45.00000000000000000, 8.000000000000000000 ) ) ;
#1690 = VERTEX_POINT ( 'NONE', #2126 ) ;
#1691 = CARTESIAN_POINT ( 'NONE',  ( 45.00000000000000711, -45.00000000000000000, 8.000000000000000000 ) ) ;
#1692 = ADVANCED_FACE ( 'NONE', ( #2173 ), #2196, .T. ) ;
#1693 = DIRECTION ( 'NONE',  ( 1.000000000000000000, 0.000000000000000000, 0.000000000000000000 ) ) ;
#1694 = CARTESIAN_POINT ( 'NONE',  ( -97.00000000000000000, -97.00000000000000000, 0.000000000000000000 ) ) ;
#1695 = ADVANCED_FACE ( 'NONE', ( #618 ), #2091, .T. ) ;
#1696 = CARTESIAN_POINT ( 'NONE',  ( -100.0000000000000000, 97.00000000000000000, -0.5999999999999998668 ) ) ;
#1697 = CONICAL_SURFACE ( 'NONE', #974, 2.050000000000003375, 0.7853981633974745913 ) ;
#1698 = FACE_BOUND ( 'NONE', #205, .T. ) ;
#1699 = EDGE_LOOP ( 'NONE', ( #1534, #2188, #737, #1395, #2195, #887, #1541, #529 ) ) ;
#1700 = CONICAL_SURFACE ( 'NONE', #441, 2.050000000000003375, 0.7853981633975257726 ) ;
#1701 = VERTEX_POINT ( 'NONE', #133 ) ;
#1702 = DIRECTION ( 'NONE',  ( -0.000000000000000000, 0.000000000000000000, 1.000000000000000000 ) ) ;
#1703 = LINE ( 'NONE', #679, #417 ) ;
#1704 = ORIENTED_EDGE ( 'NONE', *, *, #1460, .F. ) ;
#1705 = AXIS2_PLACEMENT_3D ( 'NONE', #557, #1927, #901 ) ;
#1706 = LINE ( 'NONE', #877, #1422 ) ;
#1707 = DIRECTION ( 'NONE',  ( 1.000000000000000000, 0.000000000000000000, 0.000000000000000000 ) ) ;
#1708 = EDGE_CURVE ( 'NONE', #712, #785, #509, .T. ) ;
#1709 = VERTEX_POINT ( 'NONE', #270 ) ;
#1710 = CARTESIAN_POINT ( 'NONE',  ( -42.94999999999998863, 45.00000000000000000, -1.860000000000052944 ) ) ;
#1711 = AXIS2_PLACEMENT_3D ( 'NONE', #99, #317, #294 ) ;
#1712 = FACE_OUTER_BOUND ( 'NONE', #1905, .T. ) ;
#1713 = EDGE_CURVE ( 'NONE', #1799, #1690, #1955, .T. ) ;
#1714 = ORIENTED_EDGE ( 'NONE', *, *, #2193, .T. ) ;
#1715 = EDGE_LOOP ( 'NONE', ( #2079, #992 ) ) ;
#1716 = DIRECTION ( 'NONE',  ( 0.000000000000000000, -0.000000000000000000, -1.000000000000000000 ) ) ;
#1717 = CARTESIAN_POINT ( 'NONE',  ( 99.40000000000000568, 97.00000000000000000, 0.000000000000000000 ) ) ;
#1718 = ORIENTED_EDGE ( 'NONE', *, *, #453, .F. ) ;
#1719 = VERTEX_POINT ( 'NONE', #1813 ) ;
#1720 = DIRECTION ( 'NONE',  ( 0.000000000000000000, -0.000000000000000000, -1.000000000000000000 ) ) ;
#1721 = DIRECTION ( 'NONE',  ( -0.000000000000000000, 0.000000000000000000, 1.000000000000000000 ) ) ;
#1722 = ORIENTED_EDGE ( 'NONE', *, *, #1857, .F. ) ;
#1723 = ADVANCED_FACE ( 'NONE', ( #1789 ), #455, .T. ) ;
#1724 = CC_DESIGN_PERSON_AND_ORGANIZATION_ASSIGNMENT ( #106, #791, ( #1536 ) ) ;
#1725 = VECTOR ( 'NONE', #537, 1000.000000000000000 ) ;
#1726 = DIRECTION ( 'NONE',  ( 0.000000000000000000, -1.000000000000000000, 0.000000000000000000 ) ) ;
#1727 = ORIENTED_EDGE ( 'NONE', *, *, #239, .F. ) ;
#1728 = EDGE_CURVE ( 'NONE', #1690, #161, #1965, .T. ) ;
#1729 = CARTESIAN_POINT ( 'NONE',  ( -99.40000000000000568, 97.00000000000000000, 0.000000000000000000 ) ) ;
#1730 = ORIENTED_EDGE ( 'NONE', *, *, #1401, .F. ) ;
#1731 = LINE ( 'NONE', #398, #1886 ) ;
#1732 = DIRECTION ( 'NONE',  ( -1.000000000000000000, 0.000000000000000000, -0.000000000000000000 ) ) ;
#1733 = CARTESIAN_POINT ( 'NONE',  ( 97.00000000000000000, -100.0000000000000000, -0.5999999999999998668 ) ) ;
#1734 = ORIENTED_EDGE ( 'NONE', *, *, #1441, .F. ) ;
#1735 = VECTOR ( 'NONE', #1423, 1000.000000000000000 ) ;
#1736 = EDGE_CURVE ( 'NONE', #435, #1402, #543, .T. ) ;
#1737 = CIRCLE ( 'NONE', #904, 2.050000000000003375 ) ;
#1738 = CARTESIAN_POINT ( 'NONE',  ( -39.99999999999999289, 45.00000000000000000, 0.5999999999999998668 ) ) ;
#1739 = ORIENTED_EDGE ( 'NONE', *, *, #505, .F. ) ;
#1740 = DIRECTION ( 'NONE',  ( -1.000000000000000000, 0.000000000000000000, 0.000000000000000000 ) ) ;
#1741 = FACE_OUTER_BOUND ( 'NONE', #353, .T. ) ;
#1742 = CALENDAR_DATE ( 2026, 28, 7 ) ;
#1743 = DIRECTION ( 'NONE',  ( 0.000000000000000000, 1.000000000000000000, -0.000000000000000000 ) ) ;
#1744 = AXIS2_PLACEMENT_3D ( 'NONE', #1757, #408, #736 ) ;
#1745 = ORIENTED_EDGE ( 'NONE', *, *, #1519, .T. ) ;
#1746 = TOROIDAL_SURFACE ( 'NONE', #779, 5.599999999999996092, 0.5999999999999999778 ) ;
#1747 = DIRECTION ( 'NONE',  ( -0.000000000000000000, 0.000000000000000000, 1.000000000000000000 ) ) ;
#1748 = ORIENTED_EDGE ( 'NONE', *, *, #1284, .F. ) ;
#1749 = ORIENTED_EDGE ( 'NONE', *, *, #172, .T. ) ;
#1750 = DIRECTION ( 'NONE',  ( 0.000000000000000000, 0.000000000000000000, 1.000000000000000000 ) ) ;
#1751 = EDGE_CURVE ( 'NONE', #900, #893, #199, .T. ) ;
#1752 = LINE ( 'NONE', #1478, #364 ) ;
#1753 = CARTESIAN_POINT ( 'NONE',  ( 42.80999999999995254, 45.00000000000000000, -2.000000000000000000 ) ) ;
#1754 = CARTESIAN_POINT ( 'NONE',  ( -39.39999999999999858, 45.00000000000000000, -5.421010862427522170E-17 ) ) ;
#1755 = VECTOR ( 'NONE', #2197, 1000.000000000000000 ) ;
#1756 = CARTESIAN_POINT ( 'NONE',  ( -44.99999999999999289, 45.00000000000000000, -1.860000000000052944 ) ) ;
#1757 = CARTESIAN_POINT ( 'NONE',  ( -44.99999999999999289, 45.00000000000000000, -2.000000000000000000 ) ) ;
#1758 = AXIS2_PLACEMENT_3D ( 'NONE', #1406, #860, #895 ) ;
#1759 = EDGE_LOOP ( 'NONE', ( #136, #1198, #976, #1068 ) ) ;
#1760 = CIRCLE ( 'NONE', #963, 4.879999999999967919 ) ;
#1761 = CARTESIAN_POINT ( 'NONE',  ( -49.99999999999998579, 45.00000000000000000, 8.000000000000000000 ) ) ;
#1762 = CONICAL_SURFACE ( 'NONE', #533, 4.880000000000050520, 0.7853981633975170018 ) ;
#1763 = VERTEX_POINT ( 'NONE', #1365 ) ;
#1764 = DIRECTION ( 'NONE',  ( 0.000000000000000000, -1.000000000000000000, 0.000000000000000000 ) ) ;
#1765 = DIRECTION ( 'NONE',  ( 1.000000000000000000, 0.000000000000000000, 0.000000000000000000 ) ) ;
#1766 = ADVANCED_FACE ( 'NONE', ( #1868 ), #665, .T. ) ;
#1767 = ADVANCED_FACE ( 'NONE', ( #1834 ), #2032, .F. ) ;
#1768 = APPROVAL_DATE_TIME ( #1119, #683 ) ;
#1769 = LINE ( 'NONE', #1607, #902 ) ;
#1770 = ADVANCED_BREP_SHAPE_REPRESENTATION ( 'base_plana', ( #1923, #259 ), #2169 ) ;
#1771 = LINE ( 'NONE', #1144, #316 ) ;
#1772 = CONICAL_SURFACE ( 'NONE', #108, 4.880000000000050520, 0.7853981633975170018 ) ;
#1773 = ORIENTED_EDGE ( 'NONE', *, *, #1499, .T. ) ;
#1774 = VECTOR ( 'NONE', #1973, 1000.000000000000000 ) ;
#1775 = CARTESIAN_POINT ( 'NONE',  ( -42.81000000000002359, 45.00000000000000000, 8.000000000000000000 ) ) ;
#1776 = APPROVAL_DATE_TIME ( #2122, #184 ) ;
#1777 = FACE_OUTER_BOUND ( 'NONE', #1655, .T. ) ;
#1778 = EDGE_CURVE ( 'NONE', #104, #161, #2014, .T. ) ;
#1779 = VECTOR ( 'NONE', #1308, 1000.000000000000000 ) ;
#1780 = EDGE_CURVE ( 'NONE', #230, #997, #146, .T. ) ;
#1781 = DATE_AND_TIME ( #1133, #1 ) ;
#1782 = CARTESIAN_POINT ( 'NONE',  ( 97.00000000000000000, -99.40000000000000568, -0.5999999999999999778 ) ) ;
#1783 = AXIS2_PLACEMENT_3D ( 'NONE', #1689, #852, #1870 ) ;
#1784 = VERTEX_POINT ( 'NONE', #508 ) ;
#1785 = CARTESIAN_POINT ( 'NONE',  ( 45.00000000000000711, -45.00000000000000000, -1.859999999999969678 ) ) ;
#1786 = ORIENTED_EDGE ( 'NONE', *, *, #1130, .F. ) ;
#1787 = FACE_OUTER_BOUND ( 'NONE', #699, .T. ) ;
#1788 = DIRECTION ( 'NONE',  ( 0.000000000000000000, 0.000000000000000000, 1.000000000000000000 ) ) ;
#1789 = FACE_OUTER_BOUND ( 'NONE', #492, .T. ) ;
#1790 = CARTESIAN_POINT ( 'NONE',  ( -47.04999999999999716, -45.00000000000000000, -2.000999999999999446 ) ) ;
#1791 = AXIS2_PLACEMENT_3D ( 'NONE', #1544, #355, #1430 ) ;
#1792 = ADVANCED_FACE ( 'NONE', ( #840 ), #1869, .F. ) ;
#1793 = DIRECTION ( 'NONE',  ( 0.000000000000000000, 0.000000000000000000, -1.000000000000000000 ) ) ;
#1794 = AXIS2_PLACEMENT_3D ( 'NONE', #1451, #254, #1908 ) ;
#1795 = ORIENTED_EDGE ( 'NONE', *, *, #2164, .F. ) ;
#1796 = DIRECTION ( 'NONE',  ( 1.000000000000000000, 0.000000000000000000, 0.000000000000000000 ) ) ;
#1797 = ORIENTED_EDGE ( 'NONE', *, *, #2124, .T. ) ;
#1798 = CARTESIAN_POINT ( 'NONE',  ( -44.99999999999999289, -45.00000000000000000, 0.5999999999999998668 ) ) ;
#1799 = VERTEX_POINT ( 'NONE', #1516 ) ;
#1800 = ORIENTED_EDGE ( 'NONE', *, *, #1000, .T. ) ;
#1801 = PERSON_AND_ORGANIZATION ( #1983, #1129 ) ;
#1802 = DIRECTION ( 'NONE',  ( -0.000000000000000000, 0.000000000000000000, 1.000000000000000000 ) ) ;
#1803 = CARTESIAN_POINT ( 'NONE',  ( 0.000000000000000000, 100.0000000000000000, -2.000000000000000000 ) ) ;
#1804 = EDGE_CURVE ( 'NONE', #1891, #131, #685, .T. ) ;
#1805 = DIRECTION ( 'NONE',  ( 1.000000000000000000, 0.000000000000000000, 0.000000000000000000 ) ) ;
#1806 = ORIENTED_EDGE ( 'NONE', *, *, #1132, .T. ) ;
#1807 = FACE_BOUND ( 'NONE', #1907, .T. ) ;
#1808 = AXIS2_PLACEMENT_3D ( 'NONE', #253, #1611, #2120 ) ;
#1809 = CIRCLE ( 'NONE', #1843, 3.000000000000002665 ) ;
#1810 = VERTEX_POINT ( 'NONE', #1854 ) ;
#1811 = CARTESIAN_POINT ( 'NONE',  ( -44.99999999999999289, -45.00000000000000000, 8.000000000000000000 ) ) ;
#1812 = AXIS2_PLACEMENT_3D ( 'NONE', #725, #1933, #429 ) ;
#1813 = CARTESIAN_POINT ( 'NONE',  ( 50.00000000000000000, -45.00000000000000000, 0.5999999999999998668 ) ) ;
#1814 = DIRECTION ( 'NONE',  ( 0.000000000000000000, 0.000000000000000000, 1.000000000000000000 ) ) ;
#1815 = FACE_OUTER_BOUND ( 'NONE', #2054, .T. ) ;
#1816 = EDGE_LOOP ( 'NONE', ( #1021, #1007, #1640, #233 ) ) ;
#1817 = AXIS2_PLACEMENT_3D ( 'NONE', #285, #2141, #802 ) ;
#1818 = DIRECTION ( 'NONE',  ( -1.000000000000000000, 0.000000000000000000, 0.000000000000000000 ) ) ;
#1819 = DIRECTION ( 'NONE',  ( 1.000000000000000000, 0.000000000000000000, 0.000000000000000000 ) ) ;
#1820 = DIRECTION ( 'NONE',  ( -0.000000000000000000, -0.000000000000000000, 1.000000000000000000 ) ) ;
#1821 = EDGE_CURVE ( 'NONE', #1562, #1518, #1208, .T. ) ;
#1822 = ORIENTED_EDGE ( 'NONE', *, *, #943, .F. ) ;
#1823 = DIRECTION ( 'NONE',  ( 1.000000000000000000, 0.000000000000000000, 0.000000000000000000 ) ) ;
#1824 = EDGE_CURVE ( 'NONE', #621, #577, #862, .T. ) ;
#1825 = ORIENTED_EDGE ( 'NONE', *, *, #781, .T. ) ;
#1826 = DIRECTION ( 'NONE',  ( 1.000000000000000000, 0.000000000000000000, 0.000000000000000000 ) ) ;
#1827 = CARTESIAN_POINT ( 'NONE',  ( -47.04999999999999716, -45.00000000000000000, -1.860000000000052944 ) ) ;
#1828 = DIRECTION ( 'NONE',  ( 1.000000000000000000, 0.000000000000000000, 0.000000000000000000 ) ) ;
#1829 = VERTEX_POINT ( 'NONE', #1535 ) ;
#1830 = CARTESIAN_POINT ( 'NONE',  ( 50.00000000000000000, -45.00000000000000000, 8.000000000000000000 ) ) ;
#1831 = AXIS2_PLACEMENT_3D ( 'NONE', #271, #1306, #633 ) ;
#1832 = EDGE_CURVE ( 'NONE', #684, #1829, #150, .T. ) ;
#1833 = ORIENTED_EDGE ( 'NONE', *, *, #888, .T. ) ;
#1834 = FACE_OUTER_BOUND ( 'NONE', #318, .T. ) ;
#1835 = DIRECTION ( 'NONE',  ( -0.000000000000000000, -0.000000000000000000, 1.000000000000000000 ) ) ;
#1836 = CARTESIAN_POINT ( 'NONE',  ( 42.95000000000000284, 45.00000000000000000, -2.000999999999999446 ) ) ;
#1837 = ORIENTED_EDGE ( 'NONE', *, *, #1415, .F. ) ;
#1838 = DIRECTION ( 'NONE',  ( 0.000000000000000000, 1.000000000000000000, 0.000000000000000000 ) ) ;
#1839 = EDGE_LOOP ( 'NONE', ( #1025, #2066, #1680, #1204 ) ) ;
#1840 = AXIS2_PLACEMENT_3D ( 'NONE', #1303, #96, #653 ) ;
#1841 = CARTESIAN_POINT ( 'NONE',  ( 45.00000000000000711, -45.00000000000000000, -2.000000000000000000 ) ) ;
#1842 = CARTESIAN_POINT ( 'NONE',  ( 42.95000000000000284, 45.00000000000000000, 7.860000000000038511 ) ) ;
#1843 = AXIS2_PLACEMENT_3D ( 'NONE', #952, #1788, #1271 ) ;
#1844 = ORIENTED_EDGE ( 'NONE', *, *, #1260, .F. ) ;
#1845 = ORIENTED_EDGE ( 'NONE', *, *, #1832, .F. ) ;
#1846 = EDGE_CURVE ( 'NONE', #897, #166, #1599, .T. ) ;
#1847 = CC_DESIGN_DATE_AND_TIME_ASSIGNMENT ( #1781, #141, ( #1508 ) ) ;
#1848 = DIRECTION ( 'NONE',  ( 1.000000000000000000, 0.000000000000000000, 0.000000000000000000 ) ) ;
#1849 = ORIENTED_EDGE ( 'NONE', *, *, #1543, .F. ) ;
#1850 = LINE ( 'NONE', #856, #1755 ) ;
#1851 = PLANE ( 'NONE',  #2156 ) ;
#1852 = ORIENTED_EDGE ( 'NONE', *, *, #956, .T. ) ;
#1853 = CIRCLE ( 'NONE', #707, 4.999999999999997335 ) ;
#1854 = CARTESIAN_POINT ( 'NONE',  ( 40.12000000000004007, -45.00000000000000000, 8.000000000000000000 ) ) ;
#1855 = EDGE_CURVE ( 'NONE', #1891, #900, #1669, .T. ) ;
#1856 = FACE_OUTER_BOUND ( 'NONE', #1226, .T. ) ;
#1857 = EDGE_CURVE ( 'NONE', #2117, #785, #727, .T. ) ;
#1858 = ORIENTED_EDGE ( 'NONE', *, *, #1512, .F. ) ;
#1859 = LINE ( 'NONE', #1040, #686 ) ;
#1860 = VERTEX_POINT ( 'NONE', #667 ) ;
#1861 = AXIS2_PLACEMENT_3D ( 'NONE', #1088, #1743, #1292 ) ;
#1862 = ORIENTED_EDGE ( 'NONE', *, *, #859, .T. ) ;
#1863 = VECTOR ( 'NONE', #1561, 1000.000000000000000 ) ;
#1864 = DIRECTION ( 'NONE',  ( -0.000000000000000000, -0.000000000000000000, -1.000000000000000000 ) ) ;
#1865 = EDGE_LOOP ( 'NONE', ( #1797, #1414, #307, #552 ) ) ;
#1866 = AXIS2_PLACEMENT_3D ( 'NONE', #1188, #973, #1823 ) ;
#1867 = CYLINDRICAL_SURFACE ( 'NONE', #1791, 2.050000000000003375 ) ;
#1868 = FACE_OUTER_BOUND ( 'NONE', #329, .T. ) ;
#1869 = PLANE ( 'NONE',  #863 ) ;
#1870 = DIRECTION ( 'NONE',  ( -1.000000000000000000, 0.000000000000000000, 0.000000000000000000 ) ) ;
#1871 = ORIENTED_EDGE ( 'NONE', *, *, #337, .F. ) ;
#1872 = EDGE_CURVE ( 'NONE', #1810, #2094, #1192, .T. ) ;
#1873 = ADVANCED_FACE ( 'NONE', ( #188 ), #1985, .F. ) ;
#1874 = DIRECTION ( 'NONE',  ( -0.000000000000000000, -1.000000000000000000, 0.000000000000000000 ) ) ;
#1875 = LINE ( 'NONE', #363, #192 ) ;
#1876 = ORIENTED_EDGE ( 'NONE', *, *, #216, .F. ) ;
#1877 = DIRECTION ( 'NONE',  ( 1.000000000000000000, 0.000000000000000000, 0.000000000000000000 ) ) ;
#1878 = VECTOR ( 'NONE', #978, 1000.000000000000114 ) ;
#1879 = PLANE ( 'NONE',  #246 ) ;
#1880 = CIRCLE ( 'NONE', #1812, 2.050000000000003375 ) ;
#1881 = CIRCLE ( 'NONE', #832, 4.999999999999997335 ) ;
#1882 = VERTEX_POINT ( 'NONE', #1989 ) ;
#1883 = DIRECTION ( 'NONE',  ( 0.000000000000000000, 0.000000000000000000, -1.000000000000000000 ) ) ;
#1884 = ORIENTED_EDGE ( 'NONE', *, *, #956, .F. ) ;
#1885 = CYLINDRICAL_SURFACE ( 'NONE', #1039, 4.999999999999997335 ) ;
#1886 = VECTOR ( 'NONE', #1581, 1000.000000000000000 ) ;
#1887 = VERTEX_POINT ( 'NONE', #489 ) ;
#1888 = CARTESIAN_POINT ( 'NONE',  ( -44.99999999999999289, 45.00000000000000000, -1.860000000000052944 ) ) ;
#1889 = EDGE_CURVE ( 'NONE', #2136, #2187, #654, .T. ) ;
#1890 = EDGE_CURVE ( 'NONE', #1799, #684, #1859, .T. ) ;
#1891 = VERTEX_POINT ( 'NONE', #1051 ) ;
#1892 = CIRCLE ( 'NONE', #1235, 3.000000000000002665 ) ;
#1893 = DIRECTION ( 'NONE',  ( 1.224646799147353207E-16, 1.000000000000000000, 0.000000000000000000 ) ) ;
#1894 = EDGE_CURVE ( 'NONE', #2068, #1234, #1538, .T. ) ;
#1895 = ORIENTED_EDGE ( 'NONE', *, *, #781, .F. ) ;
#1896 = DIRECTION ( 'NONE',  ( -0.000000000000000000, -0.000000000000000000, 1.000000000000000000 ) ) ;
#1897 = EDGE_LOOP ( 'NONE', ( #1369, #1555 ) ) ;
#1898 = VERTEX_POINT ( 'NONE', #2033 ) ;
#1899 = LINE ( 'NONE', #1917, #1023 ) ;
#1900 = DIRECTION ( 'NONE',  ( -0.000000000000000000, -0.000000000000000000, -1.000000000000000000 ) ) ;
#1901 = EDGE_CURVE ( 'NONE', #684, #1402, #79, .T. ) ;
#1902 = CIRCLE ( 'NONE', #1971, 2.189999999999969749 ) ;
#1903 = ORIENTED_EDGE ( 'NONE', *, *, #1386, .T. ) ;
#1904 = CARTESIAN_POINT ( 'NONE',  ( 47.05000000000001137, 45.00000000000000000, 7.860000000000038511 ) ) ;
#1905 = EDGE_LOOP ( 'NONE', ( #1795, #2147, #409, #1926 ) ) ;
#1906 = DIRECTION ( 'NONE',  ( -0.000000000000000000, -0.000000000000000000, -1.000000000000000000 ) ) ;
#1907 = EDGE_LOOP ( 'NONE', ( #2056, #381 ) ) ;
#1908 = DIRECTION ( 'NONE',  ( -1.000000000000000000, 0.000000000000000000, 0.000000000000000000 ) ) ;
#1909 = ORIENTED_EDGE ( 'NONE', *, *, #1664, .T. ) ;
#1910 = ORIENTED_EDGE ( 'NONE', *, *, #1736, .T. ) ;
#1911 = VECTOR ( 'NONE', #1389, 1000.000000000000114 ) ;
#1912 = EDGE_CURVE ( 'NONE', #577, #829, #292, .T. ) ;
#1913 = FACE_OUTER_BOUND ( 'NONE', #324, .T. ) ;
#1914 = CC_DESIGN_PERSON_AND_ORGANIZATION_ASSIGNMENT ( #1920, #1114, ( #1300 ) ) ;
#1915 = ORIENTED_EDGE ( 'NONE', *, *, #711, .T. ) ;
#1916 = CARTESIAN_POINT ( 'NONE',  ( -44.99999999999999289, 45.00000000000000000, 8.000000000000000000 ) ) ;
#1917 = CARTESIAN_POINT ( 'NONE',  ( -47.04999999999999716, 45.00000000000000000, -1.860000000000052944 ) ) ;
#1918 = DIRECTION ( 'NONE',  ( -1.000000000000000000, 0.000000000000000000, 0.000000000000000000 ) ) ;
#1919 = FACE_BOUND ( 'NONE', #1505, .T. ) ;
#1920 = PERSON_AND_ORGANIZATION ( #1983, #1129 ) ;
#1921 = DIRECTION ( 'NONE',  ( -0.000000000000000000, -0.000000000000000000, 1.000000000000000000 ) ) ;
#1922 = AXIS2_PLACEMENT_3D ( 'NONE', #1196, #156, #2021 ) ;
#1923 = MANIFOLD_SOLID_BREP ( 'Chafl\X2\00e1\X0\n3', #1108 ) ;
#1924 = DIRECTION ( 'NONE',  ( 1.000000000000000000, 0.000000000000000000, 0.000000000000000000 ) ) ;
#1925 = DIRECTION ( 'NONE',  ( 1.000000000000000000, 0.000000000000000000, 0.000000000000000000 ) ) ;
#1926 = ORIENTED_EDGE ( 'NONE', *, *, #1964, .F. ) ;
#1927 = DIRECTION ( 'NONE',  ( 0.000000000000000000, 0.000000000000000000, 1.000000000000000000 ) ) ;
#1928 = ADVANCED_FACE ( 'NONE', ( #1450 ), #2098, .T. ) ;
#1929 = DIRECTION ( 'NONE',  ( -0.000000000000000000, 0.000000000000000000, 1.000000000000000000 ) ) ;
#1930 = ADVANCED_FACE ( 'NONE', ( #936 ), #1410, .F. ) ;
#1931 = DIRECTION ( 'NONE',  ( -0.000000000000000000, 0.000000000000000000, 1.000000000000000000 ) ) ;
#1932 = APPROVAL_ROLE ( '' ) ;
#1933 = DIRECTION ( 'NONE',  ( 0.000000000000000000, 0.000000000000000000, 1.000000000000000000 ) ) ;
#1934 = CARTESIAN_POINT ( 'NONE',  ( 97.00000000000000000, -97.00000000000000000, 0.000000000000000000 ) ) ;
#1935 = CIRCLE ( 'NONE', #923, 4.999999999999997335 ) ;
#1936 = AXIS2_PLACEMENT_3D ( 'NONE', #35, #1720, #1230 ) ;
#1937 = ORIENTED_EDGE ( 'NONE', *, *, #1082, .T. ) ;
#1938 = ADVANCED_FACE ( 'NONE', ( #775 ), #622, .T. ) ;
#1939 = DIRECTION ( 'NONE',  ( 0.000000000000000000, 0.000000000000000000, -1.000000000000000000 ) ) ;
#1940 = LINE ( 'NONE', #93, #925 ) ;
#1941 = ADVANCED_FACE ( 'NONE', ( #1137, #1099, #948, #1624, #1276 ), #1439, .T. ) ;
#1942 = DIRECTION ( 'NONE',  ( 1.000000000000000000, 0.000000000000000000, 0.000000000000000000 ) ) ;
#1943 = VECTOR ( 'NONE', #235, 1000.000000000000000 ) ;
#1944 = CARTESIAN_POINT ( 'NONE',  ( 97.00000000000000000, -99.85999999999999943, -2.000000000000000000 ) ) ;
#1945 = EDGE_LOOP ( 'NONE', ( #1071, #1714, #794, #238 ) ) ;
#1946 = APPROVAL_PERSON_ORGANIZATION ( #1801, #683, #420 ) ;
#1947 = DIRECTION ( 'NONE',  ( 0.000000000000000000, -0.000000000000000000, -1.000000000000000000 ) ) ;
#1948 = FACE_OUTER_BOUND ( 'NONE', #502, .T. ) ;
#1949 = CYLINDRICAL_SURFACE ( 'NONE', #1286, 2.050000000000003375 ) ;
#1950 = DIRECTION ( 'NONE',  ( 1.000000000000000000, 0.000000000000000000, 0.000000000000000000 ) ) ;
#1951 = ADVANCED_FACE ( 'NONE', ( #1462 ), #547, .T. ) ;
#1952 = AXIS2_PLACEMENT_3D ( 'NONE', #1526, #346, #178 ) ;
#1953 = EDGE_CURVE ( 'NONE', #1690, #723, #1637, .T. ) ;
#1954 =( NAMED_UNIT ( * ) SI_UNIT ( $, .STERADIAN. ) SOLID_ANGLE_UNIT ( ) );
#1955 = LINE ( 'NONE', #954, #361 ) ;
#1956 = AXIS2_PLACEMENT_3D ( 'NONE', #1994, #623, #1635 ) ;
#1957 = CIRCLE ( 'NONE', #1509, 4.879999999999967919 ) ;
#1958 = DIRECTION ( 'NONE',  ( 0.000000000000000000, -0.000000000000000000, -1.000000000000000000 ) ) ;
#1959 = ORIENTED_EDGE ( 'NONE', *, *, #347, .F. ) ;
#1960 = CARTESIAN_POINT ( 'NONE',  ( -47.18999999999996220, 45.00000000000000000, 8.000000000000000000 ) ) ;
#1961 = CYLINDRICAL_SURFACE ( 'NONE', #1956, 4.999999999999997335 ) ;
#1962 = VERTEX_POINT ( 'NONE', #1960 ) ;
#1963 = LINE ( 'NONE', #1842, #1211 ) ;
#1964 = EDGE_CURVE ( 'NONE', #1545, #897, #587, .T. ) ;
#1965 = LINE ( 'NONE', #291, #1878 ) ;
#1966 = ADVANCED_FACE ( 'NONE', ( #1123 ), #74, .F. ) ;
#1967 = CONICAL_SURFACE ( 'NONE', #169, 2.050000000000003375, 0.7853981633974745913 ) ;
#1968 = PLANE ( 'NONE',  #1112 ) ;
#1969 = VECTOR ( 'NONE', #768, 1000.000000000000000 ) ;
#1970 = FACE_OUTER_BOUND ( 'NONE', #1154, .T. ) ;
#1971 = AXIS2_PLACEMENT_3D ( 'NONE', #1463, #1900, #1240 ) ;
#1972 = ORIENTED_EDGE ( 'NONE', *, *, #1180, .T. ) ;
#1973 = DIRECTION ( 'NONE',  ( -0.000000000000000000, -0.000000000000000000, -1.000000000000000000 ) ) ;
#1974 = AXIS2_PLACEMENT_3D ( 'NONE', #588, #1105, #1924 ) ;
#1975 = DIRECTION ( 'NONE',  ( 1.000000000000000000, 0.000000000000000000, 0.000000000000000000 ) ) ;
#1976 = LINE ( 'NONE', #2006, #350 ) ;
#1977 = ORIENTED_EDGE ( 'NONE', *, *, #1456, .F. ) ;
#1978 = ORIENTED_EDGE ( 'NONE', *, *, #1441, .T. ) ;
#1979 = LINE ( 'NONE', #1317, #1251 ) ;
#1980 = EDGE_CURVE ( 'NONE', #1810, #896, #273, .T. ) ;
#1981 = DIRECTION ( 'NONE',  ( -0.000000000000000000, -0.000000000000000000, 1.000000000000000000 ) ) ;
#1982 = VERTEX_POINT ( 'NONE', #101 ) ;
#1983 = PERSON ( 'UNSPECIFIED', 'UNSPECIFIED', 'UNSPECIFIED', ('UNSPECIFIED'), ('UNSPECIFIED'), ('UNSPECIFIED') ) ;
#1984 = DIRECTION ( 'NONE',  ( 0.000000000000000000, 0.000000000000000000, 1.000000000000000000 ) ) ;
#1985 = CONICAL_SURFACE ( 'NONE', #1048, 2.050000000000003375, 0.7853981633975257726 ) ;
#1986 = ORIENTED_EDGE ( 'NONE', *, *, #86, .F. ) ;
#1987 = CC_DESIGN_APPROVAL ( #885, ( #186 ) ) ;
#1988 = ORIENTED_EDGE ( 'NONE', *, *, #845, .T. ) ;
#1989 = CARTESIAN_POINT ( 'NONE',  ( -42.81000000000002359, -45.00000000000000000, -2.000000000000000000 ) ) ;
#1990 = DIRECTION ( 'NONE',  ( -0.000000000000000000, 0.000000000000000000, 1.000000000000000000 ) ) ;
#1991 = LINE ( 'NONE', #1836, #1171 ) ;
#1992 = AXIS2_PLACEMENT_3D ( 'NONE', #970, #1332, #1345 ) ;
#1993 = DIRECTION ( 'NONE',  ( -0.000000000000000000, -0.000000000000000000, -1.000000000000000000 ) ) ;
#1994 = CARTESIAN_POINT ( 'NONE',  ( -44.99999999999999289, -45.00000000000000000, 8.000000000000000000 ) ) ;
#1995 = EDGE_CURVE ( 'NONE', #286, #372, #975, .T. ) ;
#1996 = EDGE_CURVE ( 'NONE', #1407, #286, #1752, .T. ) ;
#1997 = FACE_OUTER_BOUND ( 'NONE', #1311, .T. ) ;
#1998 = ORIENTED_EDGE ( 'NONE', *, *, #770, .F. ) ;
#1999 = CARTESIAN_POINT ( 'NONE',  ( 45.00000000000000711, -45.00000000000000000, 8.000000000000000000 ) ) ;
#2000 = CARTESIAN_POINT ( 'NONE',  ( 50.60000000000000142, -45.00000000000000000, 0.5999999999999998668 ) ) ;
#2001 = ORIENTED_EDGE ( 'NONE', *, *, #505, .T. ) ;
#2002 = VECTOR ( 'NONE', #1169, 1000.000000000000000 ) ;
#2003 = CARTESIAN_POINT ( 'NONE',  ( -97.00000000000000000, -99.85999999999999943, -2.000000000000000000 ) ) ;
#2004 = EDGE_CURVE ( 'NONE', #627, #642, #1601, .T. ) ;
#2005 = CIRCLE ( 'NONE', #1364, 0.6000000000000033085 ) ;
#2006 = CARTESIAN_POINT ( 'NONE',  ( 50.00000000000000000, 45.00000000000000000, 8.000000000000000000 ) ) ;
#2007 = EDGE_CURVE ( 'NONE', #1388, #1860, #2200, .T. ) ;
#2008 = ADVANCED_FACE ( 'NONE', ( #1264 ), #1700, .F. ) ;
#2009 = ORIENTED_EDGE ( 'NONE', *, *, #2004, .T. ) ;
#2010 = ORIENTED_EDGE ( 'NONE', *, *, #377, .T. ) ;
#2011 = DIRECTION ( 'NONE',  ( 0.000000000000000000, 0.000000000000000000, 1.000000000000000000 ) ) ;
#2012 = DIRECTION ( 'NONE',  ( 0.000000000000000000, -0.7071067811865474617, 0.7071067811865474617 ) ) ;
#2013 = ORIENTED_EDGE ( 'NONE', *, *, #844, .T. ) ;
#2014 = CIRCLE ( 'NONE', #1295, 3.000000000000002665 ) ;
#2015 = CARTESIAN_POINT ( 'NONE',  ( 39.40000000000001279, -45.00000000000000000, -5.421010862427522170E-17 ) ) ;
#2016 = DIRECTION ( 'NONE',  ( -0.000000000000000000, 0.000000000000000000, 1.000000000000000000 ) ) ;
#2017 = VECTOR ( 'NONE', #1484, 1000.000000000000000 ) ;
#2018 = DIRECTION ( 'NONE',  ( 1.000000000000000000, 0.000000000000000000, 0.000000000000000000 ) ) ;
#2019 = EDGE_CURVE ( 'NONE', #900, #1891, #1737, .T. ) ;
#2020 = CIRCLE ( 'NONE', #1092, 2.050000000000003375 ) ;
#2021 = DIRECTION ( 'NONE',  ( 1.000000000000000000, 0.000000000000000000, 0.000000000000000000 ) ) ;
#2022 = AXIS2_PLACEMENT_3D ( 'NONE', #980, #1476, #479 ) ;
#2023 = ORIENTED_EDGE ( 'NONE', *, *, #256, .F. ) ;
#2024 = CARTESIAN_POINT ( 'NONE',  ( -47.18999999999996220, 45.00000000000000000, -2.000000000000000000 ) ) ;
#2025 = FACE_OUTER_BOUND ( 'NONE', #734, .T. ) ;
#2026 = ORIENTED_EDGE ( 'NONE', *, *, #1713, .F. ) ;
#2027 = EDGE_CURVE ( 'NONE', #392, #163, #296, .T. ) ;
#2028 = DIRECTION ( 'NONE',  ( 0.000000000000000000, 0.000000000000000000, -1.000000000000000000 ) ) ;
#2029 = DIRECTION ( 'NONE',  ( 1.000000000000000000, 0.000000000000000000, 0.000000000000000000 ) ) ;
#2030 = EDGE_LOOP ( 'NONE', ( #2190, #128, #507, #1633 ) ) ;
#2031 = CYLINDRICAL_SURFACE ( 'NONE', #1313, 4.999999999999997335 ) ;
#2032 = CYLINDRICAL_SURFACE ( 'NONE', #2050, 2.050000000000003375 ) ;
#2033 = CARTESIAN_POINT ( 'NONE',  ( -49.88000000000004519, 45.00000000000000000, 8.000000000000000000 ) ) ;
#2034 = FACE_OUTER_BOUND ( 'NONE', #1255, .T. ) ;
#2035 = PLANE ( 'NONE',  #49 ) ;
#2036 = AXIS2_PLACEMENT_3D ( 'NONE', #466, #1643, #1501 ) ;
#2037 = AXIS2_PLACEMENT_3D ( 'NONE', #906, #266, #426 ) ;
#2038 = DIRECTION ( 'NONE',  ( 0.000000000000000000, -0.000000000000000000, -1.000000000000000000 ) ) ;
#2039 = CONICAL_SURFACE ( 'NONE', #1117, 2.050000000000003375, 0.7853981633975257726 ) ;
#2040 = DIRECTION ( 'NONE',  ( -0.000000000000000000, 0.000000000000000000, 1.000000000000000000 ) ) ;
#2041 = ORIENTED_EDGE ( 'NONE', *, *, #116, .T. ) ;
#2042 = DIRECTION ( 'NONE',  ( 1.000000000000000000, 0.000000000000000000, 0.000000000000000000 ) ) ;
#2043 = ORIENTED_EDGE ( 'NONE', *, *, #424, .T. ) ;
#2044 = CARTESIAN_POINT ( 'NONE',  ( -47.04999999999999716, 45.00000000000000000, 7.860000000000038511 ) ) ;
#2045 = ORIENTED_EDGE ( 'NONE', *, *, #1082, .F. ) ;
#2046 = ADVANCED_FACE ( 'NONE', ( #1321, #1807, #1166, #982, #1667 ), #1346, .F. ) ;
#2047 = DIRECTION ( 'NONE',  ( 0.000000000000000000, 0.000000000000000000, -1.000000000000000000 ) ) ;
#2048 = CARTESIAN_POINT ( 'NONE',  ( 45.00000000000000711, -45.00000000000000000, 0.000000000000000000 ) ) ;
#2049 = ORIENTED_EDGE ( 'NONE', *, *, #258, .F. ) ;
#2050 = AXIS2_PLACEMENT_3D ( 'NONE', #1027, #1835, #1826 ) ;
#2051 = DIRECTION ( 'NONE',  ( 1.000000000000000000, 0.000000000000000000, 0.000000000000000000 ) ) ;
#2052 = VERTEX_POINT ( 'NONE', #1186 ) ;
#2053 = AXIS2_PLACEMENT_3D ( 'NONE', #2085, #795, #287 ) ;
#2054 = EDGE_LOOP ( 'NONE', ( #803, #1559, #1283, #1822 ) ) ;
#2055 = DIRECTION ( 'NONE',  ( 1.000000000000000000, 0.000000000000000000, 0.000000000000000000 ) ) ;
#2056 = ORIENTED_EDGE ( 'NONE', *, *, #1558, .T. ) ;
#2057 = DIRECTION ( 'NONE',  ( 0.000000000000000000, 0.000000000000000000, 1.000000000000000000 ) ) ;
#2058 = CIRCLE ( 'NONE', #44, 5.599999999999994316 ) ;
#2059 = ORIENTED_EDGE ( 'NONE', *, *, #1214, .F. ) ;
#2060 = ADVANCED_FACE ( 'NONE', ( #972 ), #126, .T. ) ;
#2061 = DIRECTION ( 'NONE',  ( 0.7071067811865474617, 0.000000000000000000, -0.7071067811865474617 ) ) ;
#2062 = DIRECTION ( 'NONE',  ( 0.000000000000000000, 0.000000000000000000, 1.000000000000000000 ) ) ;
#2063 = DIRECTION ( 'NONE',  ( 1.000000000000000000, 0.000000000000000000, 0.000000000000000000 ) ) ;
#2064 = AXIS2_PLACEMENT_3D ( 'NONE', #135, #647, #1644 ) ;
#2065 = CARTESIAN_POINT ( 'NONE',  ( 45.00000000000000711, 45.00000000000000000, 0.5999999999999998668 ) ) ;
#2066 = ORIENTED_EDGE ( 'NONE', *, *, #2007, .F. ) ;
#2067 = DIRECTION ( 'NONE',  ( 1.000000000000000000, 0.000000000000000000, 0.000000000000000000 ) ) ;
#2068 = VERTEX_POINT ( 'NONE', #2003 ) ;
#2069 = DIRECTION ( 'NONE',  ( -1.000000000000000000, 0.000000000000000000, 0.000000000000000000 ) ) ;
#2070 = VERTEX_POINT ( 'NONE', #827 ) ;
#2071 = DIRECTION ( 'NONE',  ( 0.000000000000000000, 0.000000000000000000, -1.000000000000000000 ) ) ;
#2072 = SECURITY_CLASSIFICATION_LEVEL ( 'unclassified' ) ;
#2073 = CARTESIAN_POINT ( 'NONE',  ( -44.99999999999999289, -45.00000000000000000, -2.000999999999999446 ) ) ;
#2074 = CIRCLE ( 'NONE', #1149, 4.879999999999967919 ) ;
#2075 = EDGE_CURVE ( 'NONE', #139, #1887, #1494, .T. ) ;
#2076 = DIRECTION ( 'NONE',  ( -0.000000000000000000, 0.000000000000000000, 1.000000000000000000 ) ) ;
#2077 = AXIS2_PLACEMENT_3D ( 'NONE', #709, #697, #1244 ) ;
#2078 = AXIS2_PLACEMENT_3D ( 'NONE', #950, #2086, #754 ) ;
#2079 = ORIENTED_EDGE ( 'NONE', *, *, #701, .T. ) ;
#2080 = TOROIDAL_SURFACE ( 'NONE', #464, 5.599999999999996092, 0.5999999999999999778 ) ;
#2081 = LINE ( 'NONE', #1281, #1337 ) ;
#2082 = VERTEX_POINT ( 'NONE', #993 ) ;
#2083 = FACE_OUTER_BOUND ( 'NONE', #883, .T. ) ;
#2084 = ORIENTED_EDGE ( 'NONE', *, *, #943, .T. ) ;
#2085 = CARTESIAN_POINT ( 'NONE',  ( 97.00000000000000000, 99.40000000000000568, -0.5999999999999998668 ) ) ;
#2086 = DIRECTION ( 'NONE',  ( 0.000000000000000000, 0.000000000000000000, 1.000000000000000000 ) ) ;
#2087 = COORDINATED_UNIVERSAL_TIME_OFFSET ( 3, 0, .BEHIND. ) ;
#2088 = CARTESIAN_POINT ( 'NONE',  ( -42.94999999999998863, 45.00000000000000000, -2.000999999999999446 ) ) ;
#2089 = CARTESIAN_POINT ( 'NONE',  ( -44.99999999999999289, -45.00000000000000000, -1.860000000000052944 ) ) ;
#2090 = EDGE_LOOP ( 'NONE', ( #506, #120, #921, #2158 ) ) ;
#2091 = TOROIDAL_SURFACE ( 'NONE', #1372, 2.400000000000000355, 0.5999999999999999778 ) ;
#2092 = AXIS2_PLACEMENT_3D ( 'NONE', #137, #1656, #816 ) ;
#2093 = DIRECTION ( 'NONE',  ( 0.7071067811865661135, 0.000000000000000000, 0.7071067811865289210 ) ) ;
#2094 = VERTEX_POINT ( 'NONE', #649 ) ;
#2095 = EDGE_CURVE ( 'NONE', #1246, #1719, #1504, .T. ) ;
#2096 = PLANE ( 'NONE',  #1454 ) ;
#2097 = VERTEX_POINT ( 'NONE', #1334 ) ;
#2098 = CYLINDRICAL_SURFACE ( 'NONE', #690, 4.999999999999997335 ) ;
#2099 = DIRECTION ( 'NONE',  ( 1.000000000000000000, 0.000000000000000000, 0.000000000000000000 ) ) ;
#2100 = DIRECTION ( 'NONE',  ( 0.000000000000000000, 0.000000000000000000, -1.000000000000000000 ) ) ;
#2101 = AXIS2_PLACEMENT_3D ( 'NONE', #181, #1241, #1030 ) ;
#2102 = ADVANCED_FACE ( 'NONE', ( #503 ), #1299, .F. ) ;
#2103 = DIRECTION ( 'NONE',  ( 0.000000000000000000, 0.000000000000000000, -1.000000000000000000 ) ) ;
#2104 = DIRECTION ( 'NONE',  ( 1.000000000000000000, 0.000000000000000000, 0.000000000000000000 ) ) ;
#2105 = EDGE_LOOP ( 'NONE', ( #558, #37, #1745, #536 ) ) ;
#2106 = EDGE_CURVE ( 'NONE', #694, #1545, #659, .T. ) ;
#2107 = ORIENTED_EDGE ( 'NONE', *, *, #310, .T. ) ;
#2108 = DIRECTION ( 'NONE',  ( -0.000000000000000000, 0.000000000000000000, 1.000000000000000000 ) ) ;
#2109 = DIRECTION ( 'NONE',  ( 0.000000000000000000, 0.000000000000000000, 1.000000000000000000 ) ) ;
#2110 = CARTESIAN_POINT ( 'NONE',  ( 42.95000000000000284, -45.00000000000000000, -2.000999999999999446 ) ) ;
#2111 = DIRECTION ( 'NONE',  ( 0.000000000000000000, 0.000000000000000000, -1.000000000000000000 ) ) ;
#2112 = CIRCLE ( 'NONE', #2150, 2.050000000000003375 ) ;
#2113 = DIRECTION ( 'NONE',  ( 1.000000000000000000, 0.000000000000000000, 0.000000000000000000 ) ) ;
#2114 = CARTESIAN_POINT ( 'NONE',  ( -44.99999999999999289, 45.00000000000000000, 8.000000000000000000 ) ) ;
#2115 = AXIS2_PLACEMENT_3D ( 'NONE', #14, #1394, #490 ) ;
#2116 = EDGE_LOOP ( 'NONE', ( #1273, #1237, #1320, #495 ) ) ;
#2117 = VERTEX_POINT ( 'NONE', #493 ) ;
#2118 = ORIENTED_EDGE ( 'NONE', *, *, #630, .F. ) ;
#2119 = ADVANCED_FACE ( 'NONE', ( #1511 ), #1177, .T. ) ;
#2120 = DIRECTION ( 'NONE',  ( 1.000000000000000000, 0.000000000000000000, 0.000000000000000000 ) ) ;
#2121 = CARTESIAN_POINT ( 'NONE',  ( 49.87999999999997414, 45.00000000000000000, 8.000000000000000000 ) ) ;
#2122 = DATE_AND_TIME ( #1126, #332 ) ;
#2123 = CARTESIAN_POINT ( 'NONE',  ( -44.99999999999999289, -45.00000000000000000, 0.5999999999999998668 ) ) ;
#2124 = EDGE_CURVE ( 'NONE', #1982, #2117, #767, .T. ) ;
#2125 = CARTESIAN_POINT ( 'NONE',  ( 39.40000000000001279, 45.00000000000000000, 0.5999999999999998668 ) ) ;
#2126 = CARTESIAN_POINT ( 'NONE',  ( 99.85999999999999943, -97.00000000000000000, -2.000000000000000000 ) ) ;
#2127 = AXIS2_PLACEMENT_3D ( 'NONE', #281, #632, #1316 ) ;
#2128 = FACE_OUTER_BOUND ( 'NONE', #1189, .T. ) ;
#2129 = AXIS2_PLACEMENT_3D ( 'NONE', #1147, #458, #1796 ) ;
#2130 = CARTESIAN_POINT ( 'NONE',  ( -97.00000000000000000, 97.00000000000000000, -0.5999999999999998668 ) ) ;
#2131 = EDGE_LOOP ( 'NONE', ( #1628, #1424, #1252, #1986 ) ) ;
#2132 = DIRECTION ( 'NONE',  ( 1.000000000000000000, 0.000000000000000000, 0.000000000000000000 ) ) ;
#2133 = DIRECTION ( 'NONE',  ( 0.7071067811866023067, 8.659560562355603390E-17, -0.7071067811864927277 ) ) ;
#2134 = LINE ( 'NONE', #625, #2002 ) ;
#2135 = ADVANCED_FACE ( 'NONE', ( #113 ), #1564, .F. ) ;
#2136 = VERTEX_POINT ( 'NONE', #1465 ) ;
#2137 = CIRCLE ( 'NONE', #411, 2.189999999999969749 ) ;
#2138 = APPLICATION_PROTOCOL_DEFINITION ( 'international standard', 'config_control_design', 1994, #17 ) ;
#2139 = VECTOR ( 'NONE', #1103, 1000.000000000000000 ) ;
#2140 = CARTESIAN_POINT ( 'NONE',  ( -44.99999999999999289, 45.00000000000000000, 0.5999999999999998668 ) ) ;
#2141 = DIRECTION ( 'NONE',  ( 0.000000000000000000, 0.000000000000000000, -1.000000000000000000 ) ) ;
#2142 = ORIENTED_EDGE ( 'NONE', *, *, #1512, .T. ) ;
#2143 = CARTESIAN_POINT ( 'NONE',  ( 45.00000000000000711, -45.00000000000000000, 7.860000000000038511 ) ) ;
#2144 = CARTESIAN_POINT ( 'NONE',  ( -44.99999999999999289, -45.00000000000000000, -2.000999999999999446 ) ) ;
#2145 = EDGE_LOOP ( 'NONE', ( #1684, #2084 ) ) ;
#2146 = ADVANCED_FACE ( 'NONE', ( #85 ), #290, .T. ) ;
#2147 = ORIENTED_EDGE ( 'NONE', *, *, #201, .T. ) ;
#2148 = PRODUCT_RELATED_PRODUCT_CATEGORY ( 'detail', '', ( #1536 ) ) ;
#2149 = CONICAL_SURFACE ( 'NONE', #819, 2.050000000000003375, 0.7853981633975257726 ) ;
#2150 = AXIS2_PLACEMENT_3D ( 'NONE', #1428, #2071, #482 ) ;
#2151 = DIRECTION ( 'NONE',  ( 0.000000000000000000, -1.000000000000000000, 0.000000000000000000 ) ) ;
#2152 = CARTESIAN_POINT ( 'NONE',  ( 45.00000000000000711, -45.00000000000000000, 8.000000000000000000 ) ) ;
#2153 = CIRCLE ( 'NONE', #1524, 0.5999999999999998668 ) ;
#2154 = ORIENTED_EDGE ( 'NONE', *, *, #541, .T. ) ;
#2155 = DIRECTION ( 'NONE',  ( -0.000000000000000000, -0.000000000000000000, 1.000000000000000000 ) ) ;
#2156 = AXIS2_PLACEMENT_3D ( 'NONE', #561, #719, #1404 ) ;
#2157 = CARTESIAN_POINT ( 'NONE',  ( 45.00000000000000711, 45.00000000000000000, 0.5999999999999998668 ) ) ;
#2158 = ORIENTED_EDGE ( 'NONE', *, *, #2180, .F. ) ;
#2159 = ORIENTED_EDGE ( 'NONE', *, *, #1751, .T. ) ;
#2160 = ORIENTED_EDGE ( 'NONE', *, *, #1824, .F. ) ;
#2161 = EDGE_CURVE ( 'NONE', #2097, #2052, #1809, .T. ) ;
#2162 = CARTESIAN_POINT ( 'NONE',  ( 97.00000000000000000, -97.00000000000000000, -0.5999999999999998668 ) ) ;
#2163 = CARTESIAN_POINT ( 'NONE',  ( -47.04999999999999716, 45.00000000000000000, 7.860000000000038511 ) ) ;
#2164 = EDGE_CURVE ( 'NONE', #1309, #1545, #1881, .T. ) ;
#2165 = CARTESIAN_POINT ( 'NONE',  ( -49.99999999999998579, -45.00000000000000000, 8.000000000000000000 ) ) ;
#2166 = ORIENTED_EDGE ( 'NONE', *, *, #325, .T. ) ;
#2167 = CARTESIAN_POINT ( 'NONE',  ( 45.00000000000000711, 45.00000000000000000, 7.860000000000038511 ) ) ;
#2168 = VECTOR ( 'NONE', #1174, 1000.000000000000000 ) ;
#2169 =( GEOMETRIC_REPRESENTATION_CONTEXT ( 3 ) GLOBAL_UNCERTAINTY_ASSIGNED_CONTEXT ( ( #1353 ) ) GLOBAL_UNIT_ASSIGNED_CONTEXT ( ( #95, #631, #1954 ) ) REPRESENTATION_CONTEXT ( 'NONE', 'WORKASPACE' ) );
#2170 = DIRECTION ( 'NONE',  ( 1.000000000000000000, 0.000000000000000000, 0.000000000000000000 ) ) ;
#2171 = ORIENTED_EDGE ( 'NONE', *, *, #62, .F. ) ;
#2172 = EDGE_LOOP ( 'NONE', ( #774, #333 ) ) ;
#2173 = FACE_OUTER_BOUND ( 'NONE', #1427, .T. ) ;
#2174 = DIRECTION ( 'NONE',  ( 1.000000000000000000, 0.000000000000000000, 0.000000000000000000 ) ) ;
#2175 = EDGE_CURVE ( 'NONE', #1860, #1004, #1280, .T. ) ;
#2176 = DIRECTION ( 'NONE',  ( 0.000000000000000000, 0.000000000000000000, 1.000000000000000000 ) ) ;
#2177 = ORIENTED_EDGE ( 'NONE', *, *, #2175, .T. ) ;
#2178 = CIRCLE ( 'NONE', #1992, 2.190000000000052793 ) ;
#2179 = CARTESIAN_POINT ( 'NONE',  ( 99.40000000000000568, 0.000000000000000000, -0.5999999999999999778 ) ) ;
#2180 = EDGE_CURVE ( 'NONE', #869, #1412, #606, .T. ) ;
#2181 = ORIENTED_EDGE ( 'NONE', *, *, #1360, .T. ) ;
#2182 = DIRECTION ( 'NONE',  ( -1.000000000000000000, 0.000000000000000000, 0.000000000000000000 ) ) ;
#2183 = ORIENTED_EDGE ( 'NONE', *, *, #855, .F. ) ;
#2184 = DIRECTION ( 'NONE',  ( -0.7071067811866024178, 0.000000000000000000, -0.7071067811864927277 ) ) ;
#2185 = AXIS2_PLACEMENT_3D ( 'NONE', #1425, #1906, #1740 ) ;
#2186 = FACE_OUTER_BOUND ( 'NONE', #9, .T. ) ;
#2187 = VERTEX_POINT ( 'NONE', #1475 ) ;
#2188 = ORIENTED_EDGE ( 'NONE', *, *, #1130, .T. ) ;
#2189 = AXIS2_PLACEMENT_3D ( 'NONE', #2140, #783, #1156 ) ;
#2190 = ORIENTED_EDGE ( 'NONE', *, *, #871, .F. ) ;
#2191 = CARTESIAN_POINT ( 'NONE',  ( 0.000000000000000000, -99.40000000000000568, 0.000000000000000000 ) ) ;
#2192 = EDGE_LOOP ( 'NONE', ( #250, #5, #762, #1219 ) ) ;
#2193 = EDGE_CURVE ( 'NONE', #66, #230, #1086, .T. ) ;
#2194 = CARTESIAN_POINT ( 'NONE',  ( -100.0000000000000000, -97.00000000000000000, 0.000000000000000000 ) ) ;
#2195 = ORIENTED_EDGE ( 'NONE', *, *, #60, .T. ) ;
#2196 = CONICAL_SURFACE ( 'NONE', #2127, 2.860000000000001208, 0.7853981633974391752 ) ;
#2197 = DIRECTION ( 'NONE',  ( 0.7071067811865960895, 8.659560562355528202E-17, -0.7071067811864990560 ) ) ;
#2198 = DIRECTION ( 'NONE',  ( -0.000000000000000000, 0.000000000000000000, 1.000000000000000000 ) ) ;
#2199 = EDGE_CURVE ( 'NONE', #522, #289, #182, .T. ) ;
#2200 = CIRCLE ( 'NONE', #2129, 4.880000000000050520 ) ;
#2201 = ORIENTED_EDGE ( 'NONE', *, *, #1901, .T. ) ;
ENDSEC;
END-ISO-10303-21;
