ISO-10303-21;
HEADER;
FILE_DESCRIPTION (( 'STEP AP203' ),
    '1' );
FILE_NAME ('base_agitador.STEP',
    '2026-07-29T18:17:01',
    ( '' ),
    ( '' ),
    'SwSTEP 2.0',
    'SolidWorks 2026',
    '' );
FILE_SCHEMA (( 'CONFIG_CONTROL_DESIGN' ));
ENDSEC;

DATA;
#1 = CIRCLE ( 'NONE', #438, 18.50000000000000000 ) ;
#2 = CARTESIAN_POINT ( 'NONE',  ( -32.00000000000000000, 29.87867965644035095, -8.730026166412274691 ) ) ;
#3 = DIRECTION ( 'NONE',  ( -0.7071067811865474617, -0.7071067811865474617, 0.000000000000000000 ) ) ;
#4 = DIRECTION ( 'NONE',  ( 1.000000000000000000, 0.000000000000000000, 0.000000000000000000 ) ) ;
#5 = ORIENTED_EDGE ( 'NONE', *, *, #3289, .F. ) ;
#6 = ADVANCED_FACE ( 'NONE', ( #1021 ), #1580, .T. ) ;
#7 = EDGE_CURVE ( 'NONE', #1509, #2990, #1237, .T. ) ;
#8 = DIRECTION ( 'NONE',  ( 1.000000000000000000, 0.000000000000000000, 0.000000000000000000 ) ) ;
#9 = EDGE_LOOP ( 'NONE', ( #2158, #2738, #2666, #646 ) ) ;
#10 = DIRECTION ( 'NONE',  ( 0.000000000000000000, 0.000000000000000000, -1.000000000000000000 ) ) ;
#11 = AXIS2_PLACEMENT_3D ( 'NONE', #988, #2042, #3079 ) ;
#12 = ADVANCED_FACE ( 'NONE', ( #560 ), #1854, .T. ) ;
#13 = CARTESIAN_POINT ( 'NONE',  ( 0.000000000000000000, 0.000000000000000000, 3.000000000000000000 ) ) ;
#14 = VECTOR ( 'NONE', #900, 1000.000000000000114 ) ;
#15 = CIRCLE ( 'NONE', #456, 2.799999999999997158 ) ;
#16 = B_SPLINE_CURVE_WITH_KNOTS ( 'NONE', 3,
 ( #1967, #3004, #1263, #539, #3361, #1797, #1538, #524, #1018, #2621, #2582, #1313, #2357, #793, #1851, #758, #286, #235, #1330, #2378, #2604, #2903 ),
 .UNSPECIFIED., .F., .F.,
 ( 4, 2, 2, 2, 2, 2, 2, 2, 2, 2, 4 ),
 ( 2.111919524876605846E-33, 0.002220585806104702700, 0.003330878709157054050, 0.004441171612209405400, 0.006661757418314098560, 0.007772050321366439501, 0.008882343224418781311, 0.01332351483662814855, 0.01554410064273283737, 0.01665439354578518785, 0.01776468644883753487 ),
 .UNSPECIFIED. ) ;
#17 = DIRECTION ( 'NONE',  ( 1.000000000000000000, 0.000000000000000000, 0.000000000000000000 ) ) ;
#18 = CARTESIAN_POINT ( 'NONE',  ( -32.00000000000000000, 0.000000000000000000, 3.000000000000000000 ) ) ;
#19 = CONICAL_SURFACE ( 'NONE', #3131, 4.200000000000001954, 0.7853981633974251864 ) ;
#20 = DIRECTION ( 'NONE',  ( 1.000000000000000000, 0.000000000000000000, 0.000000000000000000 ) ) ;
#21 = CARTESIAN_POINT ( 'NONE',  ( -1.060660171779818750, -1.060660171779818306, 0.000000000000000000 ) ) ;
#22 = ORIENTED_EDGE ( 'NONE', *, *, #674, .T. ) ;
#23 = FACE_OUTER_BOUND ( 'NONE', #78, .T. ) ;
#24 = DIRECTION ( 'NONE',  ( 0.7071067811865474617, 0.7071067811865474617, 0.000000000000000000 ) ) ;
#25 = ORIENTED_EDGE ( 'NONE', *, *, #1352, .T. ) ;
#26 = CARTESIAN_POINT ( 'NONE',  ( 23.60650770805966658, 25.72782805161931208, -0.05609968126458918930 ) ) ;
#27 = B_SPLINE_CURVE_WITH_KNOTS ( 'NONE', 3,
 ( #1954, #2708, #2940, #1697 ),
 .UNSPECIFIED., .F., .F.,
 ( 4, 4 ),
 ( 0.000000000000000000, 0.0004247899220746913012 ),
 .UNSPECIFIED. ) ;
#28 = VERTEX_POINT ( 'NONE', #2875 ) ;
#29 = CARTESIAN_POINT ( 'NONE',  ( 31.20000000000001350, -33.99999999999999289, -31.00000000000000355 ) ) ;
#30 = FACE_OUTER_BOUND ( 'NONE', #580, .T. ) ;
#31 = ADVANCED_FACE ( 'NONE', ( #1039 ), #293, .F. ) ;
#32 = ADVANCED_FACE ( 'NONE', ( #764, #2843, #2625, #811, #239, #1070, #543, #1838, #746, #3383 ), #2112, .T. ) ;
#33 = AXIS2_PLACEMENT_3D ( 'NONE', #3112, #1317, #307 ) ;
#34 = DIRECTION ( 'NONE',  ( -0.000000000000000000, -0.000000000000000000, -1.000000000000000000 ) ) ;
#35 = CARTESIAN_POINT ( 'NONE',  ( 31.99999999999997868, 27.25788135359600872, -3.323223786641710475 ) ) ;
#36 = CARTESIAN_POINT ( 'NONE',  ( -32.15000000000001279, 34.00000000000000711, 3.000999999999996781 ) ) ;
#37 = ORIENTED_EDGE ( 'NONE', *, *, #2189, .F. ) ;
#38 = DIRECTION ( 'NONE',  ( -1.000000000000000000, 0.000000000000000000, 0.000000000000000000 ) ) ;
#39 = CARTESIAN_POINT ( 'NONE',  ( 28.97790164330640295, -32.00000000000000711, -5.830973800257474693 ) ) ;
#40 = ORIENTED_EDGE ( 'NONE', *, *, #2251, .T. ) ;
#41 = CIRCLE ( 'NONE', #856, 4.500000000000003553 ) ;
#42 = DIRECTION ( 'NONE',  ( 0.000000000000000000, 0.000000000000000000, 1.000000000000000000 ) ) ;
#43 = LINE ( 'NONE', #2277, #1768 ) ;
#44 = ORIENTED_EDGE ( 'NONE', *, *, #471, .F. ) ;
#45 = CARTESIAN_POINT ( 'NONE',  ( 29.83526705455734174, 31.99999999999999289, -8.424977420625916480 ) ) ;
#46 = CARTESIAN_POINT ( 'NONE',  ( -31.99999999999999289, 29.77622852459827740, -8.121668399505706404 ) ) ;
#47 = VERTEX_POINT ( 'NONE', #1803 ) ;
#48 = ADVANCED_FACE ( 'NONE', ( #274, #497 ), #2329, .T. ) ;
#49 = EDGE_CURVE ( 'NONE', #1866, #1219, #1678, .T. ) ;
#50 = CARTESIAN_POINT ( 'NONE',  ( -38.20000000000000284, -33.99999999999998579, 3.000000000000000000 ) ) ;
#51 = CARTESIAN_POINT ( 'NONE',  ( 31.99999999999998579, 23.79238562111630628, -0.8589831285634775826 ) ) ;
#52 = DIRECTION ( 'NONE',  ( -0.000000000000000000, 0.000000000000000000, 1.000000000000000000 ) ) ;
#53 = VERTEX_POINT ( 'NONE', #1285 ) ;
#54 = ORIENTED_EDGE ( 'NONE', *, *, #2170, .T. ) ;
#55 = DIRECTION ( 'NONE',  ( 0.000000000000000000, 0.000000000000000000, -1.000000000000000000 ) ) ;
#56 = LINE ( 'NONE', #2406, #2912 ) ;
#57 = ORIENTED_EDGE ( 'NONE', *, *, #823, .F. ) ;
#58 = CARTESIAN_POINT ( 'NONE',  ( -29.87867965644033674, 32.00000000000001421, 3.000000000000000000 ) ) ;
#59 = CARTESIAN_POINT ( 'NONE',  ( -19.49999999999999289, -33.99999999999999289, -8.673617379884035472E-16 ) ) ;
#60 = ORIENTED_EDGE ( 'NONE', *, *, #533, .F. ) ;
#61 = DIRECTION ( 'NONE',  ( -1.000000000000000000, -3.061276722312013477E-16, 0.000000000000000000 ) ) ;
#62 = CARTESIAN_POINT ( 'NONE',  ( -29.51961158273025987, -31.64093192628988760, -6.677178291978483671 ) ) ;
#63 = ORIENTED_EDGE ( 'NONE', *, *, #2520, .T. ) ;
#64 = AXIS2_PLACEMENT_3D ( 'NONE', #99, #1141, #461 ) ;
#65 = DIRECTION ( 'NONE',  ( -0.000000000000000000, -0.000000000000000000, 1.000000000000000000 ) ) ;
#66 = FACE_OUTER_BOUND ( 'NONE', #2630, .T. ) ;
#67 = AXIS2_PLACEMENT_3D ( 'NONE', #1261, #1295, #24 ) ;
#68 = CARTESIAN_POINT ( 'NONE',  ( -28.17373813077250233, 26.05241778721286039, -1.124548524629698454 ) ) ;
#69 = ORIENTED_EDGE ( 'NONE', *, *, #2092, .T. ) ;
#70 = LINE ( 'NONE', #1080, #2673 ) ;
#71 = CIRCLE ( 'NONE', #2867, 21.50000000000000000 ) ;
#72 = DIRECTION ( 'NONE',  ( 0.000000000000000000, 0.7071067811865311414, 0.7071067811865638930 ) ) ;
#73 = ADVANCED_FACE ( 'NONE', ( #30 ), #1613, .F. ) ;
#74 = ADVANCED_FACE ( 'NONE', ( #1563, #2658 ), #2607, .T. ) ;
#75 = EDGE_LOOP ( 'NONE', ( #2440, #1293, #2146, #708 ) ) ;
#76 = DIRECTION ( 'NONE',  ( -1.000000000000000000, -3.061276722312013477E-16, -0.000000000000000000 ) ) ;
#77 = FACE_OUTER_BOUND ( 'NONE', #2998, .T. ) ;
#78 = EDGE_LOOP ( 'NONE', ( #1478, #3147, #2746, #828, #3161, #2825 ) ) ;
#79 = CARTESIAN_POINT ( 'NONE',  ( -32.00000000000000000, 22.63858463723470749, -0.4302702249978810900 ) ) ;
#80 = ORIENTED_EDGE ( 'NONE', *, *, #3038, .T. ) ;
#81 = DIRECTION ( 'NONE',  ( 1.000000000000000000, 0.000000000000000000, 0.000000000000000000 ) ) ;
#82 = LINE ( 'NONE', #1112, #240 ) ;
#83 = DIRECTION ( 'NONE',  ( 1.000000000000000000, 0.000000000000000000, 0.000000000000000000 ) ) ;
#84 = EDGE_LOOP ( 'NONE', ( #1663, #329, #730, #1635 ) ) ;
#85 = LINE ( 'NONE', #1131, #807 ) ;
#86 = CARTESIAN_POINT ( 'NONE',  ( -38.49999999999994316, -22.79323909933864556, -0.2921219602350796918 ) ) ;
#87 = ORIENTED_EDGE ( 'NONE', *, *, #3377, .F. ) ;
#88 = LINE ( 'NONE', #2135, #1814 ) ;
#89 = ADVANCED_FACE ( 'NONE', ( #2097, #256 ), #1300, .F. ) ;
#90 = CARTESIAN_POINT ( 'NONE',  ( 34.00000000000000711, 34.00000000000000711, 3.000999999999996781 ) ) ;
#91 = EDGE_CURVE ( 'NONE', #2286, #1579, #27, .T. ) ;
#92 = ORIENTED_EDGE ( 'NONE', *, *, #136, .F. ) ;
#93 = CARTESIAN_POINT ( 'NONE',  ( 38.49999999999996447, -33.99999999999998579, 2.699999999999991296 ) ) ;
#94 = DIRECTION ( 'NONE',  ( -0.000000000000000000, -0.000000000000000000, -1.000000000000000000 ) ) ;
#95 = AXIS2_PLACEMENT_3D ( 'NONE', #551, #313, #1652 ) ;
#96 = ORIENTED_EDGE ( 'NONE', *, *, #2481, .F. ) ;
#97 = CARTESIAN_POINT ( 'NONE',  ( -31.97092655649723270, -29.84960621293759786, -8.426596083036466567 ) ) ;
#98 = CYLINDRICAL_SURFACE ( 'NONE', #944, 18.50000000000000000 ) ;
#99 = CARTESIAN_POINT ( 'NONE',  ( 34.00000000000000711, -33.99999999999999289, 3.000000000000000000 ) ) ;
#100 = APPLICATION_PROTOCOL_DEFINITION ( 'international standard', 'config_control_design', 1994, #2404 ) ;
#101 = ORIENTED_EDGE ( 'NONE', *, *, #3266, .F. ) ;
#102 = DIRECTION ( 'NONE',  ( -1.000000000000000000, 0.000000000000000000, 0.000000000000000000 ) ) ;
#103 = CARTESIAN_POINT ( 'NONE',  ( -21.20000000000000995, 0.000000000000000000, 3.000000000000000000 ) ) ;
#104 = B_SPLINE_CURVE_WITH_KNOTS ( 'NONE', 3,
 ( #3201, #2422, #1672, #86, #599, #2164, #1620, #1878, #1345, #1146, #582, #1361, #855, #2437, #2182, #3217, #2714, #3170, #1912, #1132, #1117, #3236 ),
 .UNSPECIFIED., .F., .F.,
 ( 4, 2, 2, 2, 2, 2, 2, 2, 2, 2, 4 ),
 ( 2.111919524876614740E-33, 0.002220585806104708338, 0.003330878709157057520, 0.004441171612209407135, 0.006661757418314095090, 0.007772050321366443838, 0.008882343224418791719, 0.01332351483662818498, 0.01554410064273288074, 0.01665439354578522949, 0.01776468644883757650 ),
 .UNSPECIFIED. ) ;
#105 = VERTEX_POINT ( 'NONE', #3195 ) ;
#106 = B_SPLINE_CURVE_WITH_KNOTS ( 'NONE', 3,
 ( #3228, #693, #935, #1944, #169, #2993, #2466, #1161, #659, #1957, #150, #2213, #1459, #1191, #2513, #1211, #645, #677 ),
 .UNSPECIFIED., .F., .F.,
 ( 4, 2, 2, 2, 2, 2, 2, 2, 4 ),
 ( -1.999999999802683500E-05, 0.004443493908338413782, 0.008906987816674854369, 0.01002286129375896777, 0.01113873477084308290, 0.01337048172501132011, 0.01448635520209543524, 0.01560222867917954864, 0.01783397563334778585 ),
 .UNSPECIFIED. ) ;
#107 = DIRECTION ( 'NONE',  ( 0.000000000000000000, 0.000000000000000000, 1.000000000000000000 ) ) ;
#108 = CARTESIAN_POINT ( 'NONE',  ( 0.000000000000000000, 0.000000000000000000, 3.000000000000000000 ) ) ;
#109 = CIRCLE ( 'NONE', #1868, 4.499999999999997335 ) ;
#110 = AXIS2_PLACEMENT_3D ( 'NONE', #3087, #2882, #2322 ) ;
#111 = ORIENTED_EDGE ( 'NONE', *, *, #2073, .T. ) ;
#112 = ADVANCED_FACE ( 'NONE', ( #1401 ), #336, .F. ) ;
#113 = CARTESIAN_POINT ( 'NONE',  ( 19.63859338365494267, 32.00000000000000000, 0.000000000000000000 ) ) ;
#114 = ADVANCED_FACE ( 'NONE', ( #2208 ), #2690, .F. ) ;
#115 = B_SPLINE_CURVE_WITH_KNOTS ( 'NONE', 3,
 ( #2873, #744, #1283, #2121, #1019, #1852, #1066, #2841, #2566, #2343, #809, #1539, #1593, #3380, #2327, #2583, #287, #525 ),
 .UNSPECIFIED., .F., .F.,
 ( 4, 2, 2, 2, 2, 2, 2, 2, 4 ),
 ( -1.999999999802260661E-05, 0.004443493908338550825, 0.008906987816675123251, 0.01002286129375926441, 0.01113873477084340556, 0.01337048172501170001, 0.01448635520209583943, 0.01560222867917998059, 0.01783397563334826463 ),
 .UNSPECIFIED. ) ;
#116 = CARTESIAN_POINT ( 'NONE',  ( -31.99999999999999289, 27.25256958930130580, -3.317701853219771291 ) ) ;
#117 = ORIENTED_EDGE ( 'NONE', *, *, #345, .T. ) ;
#118 = EDGE_CURVE ( 'NONE', #263, #2256, #797, .T. ) ;
#119 = CARTESIAN_POINT ( 'NONE',  ( -31.74999999999997158, -34.00000000000000711, -31.00000000000000355 ) ) ;
#120 = DIRECTION ( 'NONE',  ( 1.000000000000000000, 0.000000000000000000, 0.000000000000000000 ) ) ;
#121 = CIRCLE ( 'NONE', #1714, 1.849999999999997424 ) ;
#122 = ORIENTED_EDGE ( 'NONE', *, *, #883, .T. ) ;
#123 = CARTESIAN_POINT ( 'NONE',  ( 0.000000000000000000, 0.000000000000000000, 0.000000000000000000 ) ) ;
#124 = AXIS2_PLACEMENT_3D ( 'NONE', #3008, #1718, #2226 ) ;
#125 = DIRECTION ( 'NONE',  ( 0.000000000000000000, 0.000000000000000000, -1.000000000000000000 ) ) ;
#126 = ORIENTED_EDGE ( 'NONE', *, *, #1119, .T. ) ;
#127 = AXIS2_PLACEMENT_3D ( 'NONE', #669, #2034, #1725 ) ;
#128 = CARTESIAN_POINT ( 'NONE',  ( 34.00000000000000711, 34.00000000000000711, 3.000000000000000000 ) ) ;
#129 = DIRECTION ( 'NONE',  ( 0.000000000000000000, 0.000000000000000000, -1.000000000000000000 ) ) ;
#130 = ORIENTED_EDGE ( 'NONE', *, *, #1178, .F. ) ;
#131 = DIRECTION ( 'NONE',  ( 1.000000000000000000, 0.000000000000000000, 0.000000000000000000 ) ) ;
#132 = VERTEX_POINT ( 'NONE', #1661 ) ;
#133 = CARTESIAN_POINT ( 'NONE',  ( 38.49999999999995737, 28.08300307669587781, -2.918774861815961241 ) ) ;
#134 = EDGE_CURVE ( 'NONE', #2174, #323, #626, .T. ) ;
#135 = CARTESIAN_POINT ( 'NONE',  ( 16.22641105988293830, -14.10509071632326261, 2.700000000000001954 ) ) ;
#136 = EDGE_CURVE ( 'NONE', #2011, #298, #642, .T. ) ;
#137 = ORIENTED_EDGE ( 'NONE', *, *, #1074, .T. ) ;
#138 = DIRECTION ( 'NONE',  ( 0.7071067811865474617, -0.7071067811865476838, 0.000000000000000000 ) ) ;
#139 = DIRECTION ( 'NONE',  ( 1.000000000000000000, -1.541976423090496028E-15, 0.000000000000000000 ) ) ;
#140 = ORIENTED_EDGE ( 'NONE', *, *, #49, .F. ) ;
#141 = LINE ( 'NONE', #1240, #872 ) ;
#142 = CARTESIAN_POINT ( 'NONE',  ( 14.10509071632327860, -16.22641105988292054, 0.000000000000000000 ) ) ;
#143 = DIRECTION ( 'NONE',  ( -0.000000000000000000, -0.000000000000000000, 1.000000000000000000 ) ) ;
#144 = ORIENTED_EDGE ( 'NONE', *, *, #3189, .T. ) ;
#145 = CARTESIAN_POINT ( 'NONE',  ( 29.82059474039918712, 31.94191508395883261, -8.123812770479720058 ) ) ;
#146 = ORIENTED_EDGE ( 'NONE', *, *, #386, .T. ) ;
#147 = CIRCLE ( 'NONE', #3209, 14.49999999999999822 ) ;
#148 = CARTESIAN_POINT ( 'NONE',  ( -30.60580184969989759, -28.48448150614027341, -4.024549735681704377 ) ) ;
#149 = AXIS2_PLACEMENT_3D ( 'NONE', #1793, #1848, #489 ) ;
#150 = CARTESIAN_POINT ( 'NONE',  ( 38.49999999999993605, -25.25917090579538637, -1.132934895025779820 ) ) ;
#151 = EDGE_CURVE ( 'NONE', #3339, #2381, #1084, .T. ) ;
#152 = CARTESIAN_POINT ( 'NONE',  ( 0.000000000000000000, 0.000000000000000000, 0.000000000000000000 ) ) ;
#153 = ORIENTED_EDGE ( 'NONE', *, *, #949, .F. ) ;
#154 = ADVANCED_FACE ( 'NONE', ( #1747 ), #936, .F. ) ;
#155 = FACE_OUTER_BOUND ( 'NONE', #1726, .T. ) ;
#156 = DIRECTION ( 'NONE',  ( 1.000000000000000000, 0.000000000000000000, 0.000000000000000000 ) ) ;
#157 = ORIENTED_EDGE ( 'NONE', *, *, #325, .T. ) ;
#158 = DIRECTION ( 'NONE',  ( -1.000000000000000000, 0.000000000000000000, 0.000000000000000000 ) ) ;
#159 = CARTESIAN_POINT ( 'NONE',  ( 31.99999999999998579, -29.87867965644031187, -8.730026166411931854 ) ) ;
#160 = DIRECTION ( 'NONE',  ( -1.000000000000000000, 2.322356269987168107E-16, 0.000000000000000000 ) ) ;
#161 = VERTEX_POINT ( 'NONE', #202 ) ;
#162 = CARTESIAN_POINT ( 'NONE',  ( 19.50000000000001066, 34.00000000000000000, -8.673617379884035472E-16 ) ) ;
#163 = AXIS2_PLACEMENT_3D ( 'NONE', #2605, #254, #857 ) ;
#164 = CARTESIAN_POINT ( 'NONE',  ( 34.00000000000000711, 34.00000000000000711, -10.00000000000000178 ) ) ;
#165 = LOCAL_TIME ( 15, 17, 1.000000000000000000, #1841 ) ;
#166 = ORIENTED_EDGE ( 'NONE', *, *, #966, .T. ) ;
#167 = DIRECTION ( 'NONE',  ( 0.000000000000000000, 0.000000000000000000, -1.000000000000000000 ) ) ;
#168 = CARTESIAN_POINT ( 'NONE',  ( -32.00000000000000000, -29.87867965644037938, -8.730026166412548250 ) ) ;
#169 = CARTESIAN_POINT ( 'NONE',  ( 38.49999999999993605, -29.50507994874951478, -4.102210700728161186 ) ) ;
#170 = COORDINATED_UNIVERSAL_TIME_OFFSET ( 3, 0, .BEHIND. ) ;
#171 = ORIENTED_EDGE ( 'NONE', *, *, #447, .F. ) ;
#172 = LINE ( 'NONE', #1145, #1525 ) ;
#173 = CARTESIAN_POINT ( 'NONE',  ( 0.000000000000000000, 0.000000000000000000, 3.000000000000000000 ) ) ;
#174 = AXIS2_PLACEMENT_3D ( 'NONE', #1336, #273, #10 ) ;
#175 = VERTEX_POINT ( 'NONE', #3054 ) ;
#176 = AXIS2_PLACEMENT_3D ( 'NONE', #894, #859, #844 ) ;
#177 = VECTOR ( 'NONE', #1275, 1000.000000000000000 ) ;
#178 = CARTESIAN_POINT ( 'NONE',  ( 31.99999999999998579, -19.63859338365492846, 0.000000000000000000 ) ) ;
#179 = DIRECTION ( 'NONE',  ( 1.000000000000000000, 0.000000000000000000, 0.000000000000000000 ) ) ;
#180 = ADVANCED_FACE ( 'NONE', ( #2787 ), #2803, .F. ) ;
#181 = PRODUCT_DEFINITION ( 'UNKNOWN', '', #2026, #2687 ) ;
#182 = ORIENTED_EDGE ( 'NONE', *, *, #1155, .F. ) ;
#183 = VECTOR ( 'NONE', #2880, 1000.000000000000000 ) ;
#184 = FACE_OUTER_BOUND ( 'NONE', #75, .T. ) ;
#185 = CIRCLE ( 'NONE', #619, 4.500000000000003553 ) ;
#186 = ORIENTED_EDGE ( 'NONE', *, *, #3246, .T. ) ;
#187 = FACE_OUTER_BOUND ( 'NONE', #2707, .T. ) ;
#188 = DIRECTION ( 'NONE',  ( 0.000000000000000000, 0.000000000000000000, -1.000000000000000000 ) ) ;
#189 = CARTESIAN_POINT ( 'NONE',  ( -36.79999999999999005, -33.99999999999999289, 3.000000000000000000 ) ) ;
#190 = CARTESIAN_POINT ( 'NONE',  ( 27.78017226974746379, 25.65885192618780763, -0.8569819864713109636 ) ) ;
#191 = DIRECTION ( 'NONE',  ( -0.7071067811865474617, 0.7071067811865476838, 0.000000000000000000 ) ) ;
#192 = CARTESIAN_POINT ( 'NONE',  ( -31.56397587520925185, 29.44265553164959925, -6.395264255018966892 ) ) ;
#193 = ORIENTED_EDGE ( 'NONE', *, *, #2544, .F. ) ;
#194 = DIRECTION ( 'NONE',  ( -3.061276722312013477E-16, 1.000000000000000000, 0.000000000000000000 ) ) ;
#195 = ORIENTED_EDGE ( 'NONE', *, *, #2053, .T. ) ;
#196 = DIRECTION ( 'NONE',  ( 0.000000000000000000, 0.000000000000000000, 1.000000000000000000 ) ) ;
#197 = CARTESIAN_POINT ( 'NONE',  ( -32.00000000000000000, -24.35167120567854582, -1.125222183225137007 ) ) ;
#198 = ORIENTED_EDGE ( 'NONE', *, *, #261, .T. ) ;
#199 = AXIS2_PLACEMENT_3D ( 'NONE', #2123, #1597, #2641 ) ;
#200 = EDGE_CURVE ( 'NONE', #161, #1346, #2238, .T. ) ;
#201 = ADVANCED_FACE ( 'NONE', ( #3292, #2017 ), #1170, .F. ) ;
#202 = CARTESIAN_POINT ( 'NONE',  ( 31.99999999999998579, -29.87867965644031187, 3.000000000000000000 ) ) ;
#203 = ORIENTED_EDGE ( 'NONE', *, *, #2895, .T. ) ;
#204 = FACE_OUTER_BOUND ( 'NONE', #906, .T. ) ;
#205 = DIRECTION ( 'NONE',  ( -0.7071067811865474617, -0.7071067811865475727, 0.000000000000000000 ) ) ;
#206 = CARTESIAN_POINT ( 'NONE',  ( 33.99999999999998579, 38.50000000000000000, -10.00000000000000178 ) ) ;
#207 = AXIS2_PLACEMENT_3D ( 'NONE', #360, #331, #1377 ) ;
#208 = PERSON_AND_ORGANIZATION_ROLE ( 'creator' ) ;
#209 = CARTESIAN_POINT ( 'NONE',  ( 31.94191508395881485, -29.82059474039913383, -8.123812770479487355 ) ) ;
#210 = DIRECTION ( 'NONE',  ( -0.000000000000000000, 0.000000000000000000, 1.000000000000000000 ) ) ;
#211 = DIRECTION ( 'NONE',  ( -1.000000000000000000, 0.000000000000000000, 0.000000000000000000 ) ) ;
#212 = ORIENTED_EDGE ( 'NONE', *, *, #343, .T. ) ;
#213 = PLANE ( 'NONE',  #2464 ) ;
#214 = DIRECTION ( 'NONE',  ( 1.000000000000000000, 0.000000000000000000, 0.000000000000000000 ) ) ;
#215 = CARTESIAN_POINT ( 'NONE',  ( 29.87867965644035451, 32.00000000000000000, 3.000000000000000000 ) ) ;
#216 = VERTEX_POINT ( 'NONE', #2000 ) ;
#217 = FACE_OUTER_BOUND ( 'NONE', #426, .T. ) ;
#218 = CARTESIAN_POINT ( 'NONE',  ( 36.80000000000000426, -33.99999999999999289, 3.000000000000000000 ) ) ;
#219 = ADVANCED_FACE ( 'NONE', ( #931 ), #672, .T. ) ;
#220 = ORIENTED_EDGE ( 'NONE', *, *, #1880, .F. ) ;
#221 = CARTESIAN_POINT ( 'NONE',  ( 27.12939563619718086, -29.25071597975681570, -2.090181034116035619 ) ) ;
#222 = DIRECTION ( 'NONE',  ( 1.000000000000000000, 0.000000000000000000, 0.000000000000000000 ) ) ;
#223 = DIRECTION ( 'NONE',  ( 1.000000000000000000, 0.000000000000000000, 0.000000000000000000 ) ) ;
#224 = EDGE_CURVE ( 'NONE', #1624, #1966, #2368, .T. ) ;
#225 = CIRCLE ( 'NONE', #2140, 21.50000000000000000 ) ;
#226 = LINE ( 'NONE', #3351, #368 ) ;
#227 = DIRECTION ( 'NONE',  ( -0.000000000000000000, 0.000000000000000000, 1.000000000000000000 ) ) ;
#228 = DIRECTION ( 'NONE',  ( 2.164649529435427551E-16, -0.7071067811865721087, -0.7071067811865229258 ) ) ;
#229 = ORIENTED_EDGE ( 'NONE', *, *, #2417, .T. ) ;
#230 = ORIENTED_EDGE ( 'NONE', *, *, #1415, .T. ) ;
#231 = CYLINDRICAL_SURFACE ( 'NONE', #2837, 2.800000000000000266 ) ;
#232 = CARTESIAN_POINT ( 'NONE',  ( 34.00000000000000711, -33.99999999999999289, 2.699999999999991296 ) ) ;
#233 = ORIENTED_EDGE ( 'NONE', *, *, #554, .F. ) ;
#234 = AXIS2_PLACEMENT_3D ( 'NONE', #3194, #1400, #61 ) ;
#235 = CARTESIAN_POINT ( 'NONE',  ( -32.95805459511802837, 38.49999999999997868, -8.459567745562164731 ) ) ;
#236 = CARTESIAN_POINT ( 'NONE',  ( -33.99999999999999289, -33.99999999999999289, 3.000000000000000000 ) ) ;
#237 = VECTOR ( 'NONE', #1780, 1000.000000000000000 ) ;
#238 = EDGE_LOOP ( 'NONE', ( #3211, #1963, #1782, #2857 ) ) ;
#239 = FACE_BOUND ( 'NONE', #388, .T. ) ;
#240 = VECTOR ( 'NONE', #801, 1000.000000000000000 ) ;
#241 = CARTESIAN_POINT ( 'NONE',  ( 33.99999999999999289, -38.19999999999992468, 3.000000000000000000 ) ) ;
#242 = CARTESIAN_POINT ( 'NONE',  ( 16.22641105988292054, 14.10509071632327682, 2.700000000000001954 ) ) ;
#243 = ADVANCED_FACE ( 'NONE', ( #184 ), #1713, .F. ) ;
#244 = ADVANCED_FACE ( 'NONE', ( #2527 ), #1228, .T. ) ;
#245 = CARTESIAN_POINT ( 'NONE',  ( 27.78116727259780205, -25.65984692903812103, -0.8580313880902038504 ) ) ;
#246 = CARTESIAN_POINT ( 'NONE',  ( -26.77995624635641292, 28.90127658991607973, -1.735336486519429400 ) ) ;
#247 = DIRECTION ( 'NONE',  ( -0.000000000000000000, -0.000000000000000000, 1.000000000000000000 ) ) ;
#248 = VERTEX_POINT ( 'NONE', #2494 ) ;
#249 = ORIENTED_EDGE ( 'NONE', *, *, #1441, .F. ) ;
#250 = CARTESIAN_POINT ( 'NONE',  ( -34.00000000000000711, -34.00000000000000711, -31.40000000000002345 ) ) ;
#251 = DIRECTION ( 'NONE',  ( 1.000000000000000000, 0.000000000000000000, 0.000000000000000000 ) ) ;
#252 = ORIENTED_EDGE ( 'NONE', *, *, #3350, .F. ) ;
#253 = B_SPLINE_CURVE_WITH_KNOTS ( 'NONE', 3,
 ( #3235, #1959, #3011, #1684 ),
 .UNSPECIFIED., .F., .F.,
 ( 4, 4 ),
 ( 0.000000000000000000, 0.0004247899220746876692 ),
 .UNSPECIFIED. ) ;
#254 = DIRECTION ( 'NONE',  ( -0.000000000000000000, 0.000000000000000000, -1.000000000000000000 ) ) ;
#255 = VERTEX_POINT ( 'NONE', #2289 ) ;
#256 = FACE_OUTER_BOUND ( 'NONE', #1359, .T. ) ;
#257 = CARTESIAN_POINT ( 'NONE',  ( 29.89800749433309690, -27.77668715077341943, -2.898087002299445825 ) ) ;
#258 = CARTESIAN_POINT ( 'NONE',  ( 29.87867965644035095, -32.00000000000000000, 3.000000000000000000 ) ) ;
#259 = B_SPLINE_CURVE_WITH_KNOTS ( 'NONE', 3,
 ( #1385, #2172, #1488, #1745, #403, #930, #728, #3019, #2802, #982, #1454, #2221, #3291, #2287, #1186, #2548, #948, #671 ),
 .UNSPECIFIED., .F., .F.,
 ( 4, 2, 2, 2, 2, 2, 2, 2, 4 ),
 ( -1.999999999802585922E-05, 0.004443493908338955016, 0.008906987816675931632, 0.01002286129376016820, 0.01113873477084440476, 0.01337048172501289177, 0.01448635520209713354, 0.01560222867918137704, 0.01783397563334986058 ),
 .UNSPECIFIED. ) ;
#260 = EDGE_CURVE ( 'NONE', #2008, #1532, #1254, .T. ) ;
#261 = EDGE_CURVE ( 'NONE', #2777, #2620, #540, .T. ) ;
#262 = FACE_OUTER_BOUND ( 'NONE', #2224, .T. ) ;
#263 = VERTEX_POINT ( 'NONE', #1298 ) ;
#264 = EDGE_LOOP ( 'NONE', ( #1450, #420, #2567, #678 ) ) ;
#265 = CARTESIAN_POINT ( 'NONE',  ( 36.25000000000004263, -34.00000000000000711, -31.00000000000000355 ) ) ;
#266 = VECTOR ( 'NONE', #2942, 1000.000000000000000 ) ;
#267 = CARTESIAN_POINT ( 'NONE',  ( -32.15000000000001279, -34.00000000000000711, -31.40000000000002345 ) ) ;
#268 = AXIS2_PLACEMENT_3D ( 'NONE', #2103, #2304, #739 ) ;
#269 = EDGE_CURVE ( 'NONE', #2842, #957, #1333, .T. ) ;
#270 = EDGE_LOOP ( 'NONE', ( #380, #3284 ) ) ;
#271 = CARTESIAN_POINT ( 'NONE',  ( -38.50000000000000000, -33.99999999999999289, 3.000000000000000000 ) ) ;
#272 = ORIENTED_EDGE ( 'NONE', *, *, #1775, .T. ) ;
#273 = DIRECTION ( 'NONE',  ( 0.000000000000000000, -1.000000000000000000, 0.000000000000000000 ) ) ;
#274 = FACE_BOUND ( 'NONE', #2106, .T. ) ;
#275 = B_SPLINE_CURVE_WITH_KNOTS ( 'NONE', 3,
 ( #875, #1641, #2969, #334 ),
 .UNSPECIFIED., .F., .F.,
 ( 4, 4 ),
 ( 0.000000000000000000, 0.0004247899220746912470 ),
 .UNSPECIFIED. ) ;
#276 = VECTOR ( 'NONE', #1622, 1000.000000000000000 ) ;
#277 = DIRECTION ( 'NONE',  ( 1.000000000000000000, 0.000000000000000000, 0.000000000000000000 ) ) ;
#278 = CARTESIAN_POINT ( 'NONE',  ( -28.61194508752837251, 30.73326543108804287, -4.267230256207105832 ) ) ;
#279 = CIRCLE ( 'NONE', #1147, 4.200000000000009059 ) ;
#280 = CARTESIAN_POINT ( 'NONE',  ( 0.000000000000000000, 0.000000000000000000, 3.000000000000000000 ) ) ;
#281 = CARTESIAN_POINT ( 'NONE',  ( -19.63859338365492135, 32.00000000000001421, 0.000000000000000000 ) ) ;
#282 = ORIENTED_EDGE ( 'NONE', *, *, #3327, .T. ) ;
#283 = CARTESIAN_POINT ( 'NONE',  ( 1.169407707923186861E-14, -38.19999999999993179, 3.000000000000000000 ) ) ;
#284 = CARTESIAN_POINT ( 'NONE',  ( -33.99999999999999289, 34.00000000000000711, -10.00000000000000178 ) ) ;
#285 = ORIENTED_EDGE ( 'NONE', *, *, #3001, .T. ) ;
#286 = CARTESIAN_POINT ( 'NONE',  ( -32.31880752694937797, 38.49999999999997158, -7.544926167341796663 ) ) ;
#287 = CARTESIAN_POINT ( 'NONE',  ( -20.96593953179752390, -38.49999999999992184, -1.761828530288942733E-16 ) ) ;
#288 = EDGE_CURVE ( 'NONE', #1105, #1642, #115, .T. ) ;
#289 = EDGE_CURVE ( 'NONE', #1913, #1037, #1865, .T. ) ;
#290 = AXIS2_PLACEMENT_3D ( 'NONE', #3214, #2145, #1321 ) ;
#291 = ORIENTED_EDGE ( 'NONE', *, *, #406, .T. ) ;
#292 = VECTOR ( 'NONE', #2760, 1000.000000000000000 ) ;
#293 = CYLINDRICAL_SURFACE ( 'NONE', #2984, 2.799999999999997158 ) ;
#294 = AXIS2_PLACEMENT_3D ( 'NONE', #1980, #684, #160 ) ;
#295 = FACE_OUTER_BOUND ( 'NONE', #902, .T. ) ;
#296 = DIRECTION ( 'NONE',  ( 1.000000000000000000, 0.000000000000000000, 0.000000000000000000 ) ) ;
#297 = CARTESIAN_POINT ( 'NONE',  ( -35.85000000000000853, -34.00000000000000711, 3.000999999999996781 ) ) ;
#298 = VERTEX_POINT ( 'NONE', #1035 ) ;
#299 = CARTESIAN_POINT ( 'NONE',  ( 0.000000000000000000, 0.000000000000000000, 0.000000000000000000 ) ) ;
#300 = CARTESIAN_POINT ( 'NONE',  ( 29.87867965644035095, -32.00000000000000000, -8.730026166412264033 ) ) ;
#301 = VERTEX_POINT ( 'NONE', #2905 ) ;
#302 = DIRECTION ( 'NONE',  ( -0.000000000000000000, 0.000000000000000000, 1.000000000000000000 ) ) ;
#303 = CARTESIAN_POINT ( 'NONE',  ( -38.49999999999994316, 29.50507994874951478, -4.102210700728127435 ) ) ;
#304 = ORIENTED_EDGE ( 'NONE', *, *, #3129, .T. ) ;
#305 = EDGE_CURVE ( 'NONE', #2945, #2623, #1439, .T. ) ;
#306 = EDGE_CURVE ( 'NONE', #657, #824, #3126, .T. ) ;
#307 = DIRECTION ( 'NONE',  ( 1.000000000000000000, 0.000000000000000000, 0.000000000000000000 ) ) ;
#308 = ORIENTED_EDGE ( 'NONE', *, *, #3153, .F. ) ;
#309 = FACE_OUTER_BOUND ( 'NONE', #726, .T. ) ;
#310 = CARTESIAN_POINT ( 'NONE',  ( 31.99999999999999289, 28.38269632149761890, -4.759669368116604460 ) ) ;
#311 = FACE_OUTER_BOUND ( 'NONE', #418, .T. ) ;
#312 = ORIENTED_EDGE ( 'NONE', *, *, #3063, .T. ) ;
#313 = DIRECTION ( 'NONE',  ( 0.000000000000000000, 0.000000000000000000, -1.000000000000000000 ) ) ;
#314 = FACE_OUTER_BOUND ( 'NONE', #3048, .T. ) ;
#315 = VERTEX_POINT ( 'NONE', #218 ) ;
#316 = AXIS2_PLACEMENT_3D ( 'NONE', #1235, #1824, #767 ) ;
#317 = CARTESIAN_POINT ( 'NONE',  ( 34.00000000000000711, -33.99999999999999289, -10.00000000000000178 ) ) ;
#318 = AXIS2_PLACEMENT_3D ( 'NONE', #2452, #1408, #1116 ) ;
#319 = CARTESIAN_POINT ( 'NONE',  ( 16.22641105988292054, 14.10509071632327682, 2.700000000000001954 ) ) ;
#320 = ORIENTED_EDGE ( 'NONE', *, *, #2979, .T. ) ;
#321 = CARTESIAN_POINT ( 'NONE',  ( -1.178591538090124801E-14, 38.49999999999998579, 2.699999999999991296 ) ) ;
#322 = CARTESIAN_POINT ( 'NONE',  ( -32.00000000000000000, 19.63859338365493556, 0.000000000000000000 ) ) ;
#323 = VERTEX_POINT ( 'NONE', #2307 ) ;
#324 = CARTESIAN_POINT ( 'NONE',  ( 13.89243315368298148, -16.01375349724262520, 3.000000000000000000 ) ) ;
#325 = EDGE_CURVE ( 'NONE', #53, #3339, #2622, .T. ) ;
#326 = FACE_BOUND ( 'NONE', #1796, .T. ) ;
#327 = EDGE_CURVE ( 'NONE', #2636, #2600, #3095, .T. ) ;
#328 = CARTESIAN_POINT ( 'NONE',  ( 1.060660171779832295, 1.060660171779831851, 0.000000000000000000 ) ) ;
#329 = ORIENTED_EDGE ( 'NONE', *, *, #7, .T. ) ;
#330 = AXIS2_PLACEMENT_3D ( 'NONE', #2267, #1451, #1182 ) ;
#331 = DIRECTION ( 'NONE',  ( 0.000000000000000000, 0.000000000000000000, -1.000000000000000000 ) ) ;
#332 = CARTESIAN_POINT ( 'NONE',  ( 20.86993355941221751, -32.00000000000000000, -0.05631886488589259859 ) ) ;
#333 = CARTESIAN_POINT ( 'NONE',  ( -29.87867965644033674, 32.00000000000001421, 3.000000000000000000 ) ) ;
#334 = CARTESIAN_POINT ( 'NONE',  ( 14.10509071632327860, -16.22641105988292054, 2.700000000000001954 ) ) ;
#335 = VERTEX_POINT ( 'NONE', #2075 ) ;
#336 = PLANE ( 'NONE',  #1769 ) ;
#337 = VECTOR ( 'NONE', #1543, 1000.000000000000000 ) ;
#338 = TOROIDAL_SURFACE ( 'NONE', #1045, 14.49999999999999645, 10.00000000000000000 ) ;
#339 = DIRECTION ( 'NONE',  ( 1.000000000000000000, 0.000000000000000000, 0.000000000000000000 ) ) ;
#340 = CARTESIAN_POINT ( 'NONE',  ( -33.99999999999999289, -33.99999999999999289, -37.00000000000000000 ) ) ;
#341 = AXIS2_PLACEMENT_3D ( 'NONE', #173, #1463, #697 ) ;
#342 = DIRECTION ( 'NONE',  ( -0.000000000000000000, -0.000000000000000000, -1.000000000000000000 ) ) ;
#343 = EDGE_CURVE ( 'NONE', #876, #666, #1374, .T. ) ;
#344 = EDGE_LOOP ( 'NONE', ( #2476, #126, #3382, #569, #3199, #1157 ) ) ;
#345 = EDGE_CURVE ( 'NONE', #2648, #2683, #2886, .T. ) ;
#346 = CARTESIAN_POINT ( 'NONE',  ( -33.99999999999998579, -38.19999999999993889, 3.000000000000000000 ) ) ;
#347 = CONICAL_SURFACE ( 'NONE', #2261, 21.20000000000000995, 0.7853981633974309595 ) ;
#348 = DIRECTION ( 'NONE',  ( -0.000000000000000000, 0.000000000000000000, 1.000000000000000000 ) ) ;
#349 = EDGE_LOOP ( 'NONE', ( #895, #1973, #352, #1660 ) ) ;
#350 = CARTESIAN_POINT ( 'NONE',  ( -36.25000000000004263, -34.00000000000000711, -31.00000000000000355 ) ) ;
#351 = DIRECTION ( 'NONE',  ( -0.000000000000000000, -0.000000000000000000, -1.000000000000000000 ) ) ;
#352 = ORIENTED_EDGE ( 'NONE', *, *, #3109, .T. ) ;
#353 = CARTESIAN_POINT ( 'NONE',  ( -16.22641105988292765, 14.10509071632327505, 3.000000000000000000 ) ) ;
#354 = CARTESIAN_POINT ( 'NONE',  ( 32.15000000000001279, 34.00000000000000711, 3.000999999999996781 ) ) ;
#355 = ORIENTED_EDGE ( 'NONE', *, *, #2792, .T. ) ;
#356 = CARTESIAN_POINT ( 'NONE',  ( 38.49999999999996447, 27.18396221881063823, -2.254915655342014880 ) ) ;
#357 = DIRECTION ( 'NONE',  ( 1.000000000000000000, -2.322356269987168107E-16, 0.000000000000000000 ) ) ;
#358 = CARTESIAN_POINT ( 'NONE',  ( -26.82255460675457925, 32.00000000000000711, -2.882874334597881116 ) ) ;
#359 = VERTEX_POINT ( 'NONE', #3108 ) ;
#360 = CARTESIAN_POINT ( 'NONE',  ( 0.000000000000000000, 0.000000000000000000, 2.700000000000001954 ) ) ;
#361 = CARTESIAN_POINT ( 'NONE',  ( 38.50000000000000711, 34.00000000000000711, -37.00000000000000000 ) ) ;
#362 = EDGE_CURVE ( 'NONE', #1785, #1004, #1050, .T. ) ;
#363 = EDGE_CURVE ( 'NONE', #2516, #1526, #1972, .T. ) ;
#364 = ORIENTED_EDGE ( 'NONE', *, *, #967, .T. ) ;
#365 = CARTESIAN_POINT ( 'NONE',  ( 33.99999999999999289, -38.19999999999992468, 3.000000000000000000 ) ) ;
#366 = CARTESIAN_POINT ( 'NONE',  ( -38.49999999999995737, 34.00000000000000711, 2.699999999999991296 ) ) ;
#367 = EDGE_CURVE ( 'NONE', #1424, #745, #1645, .T. ) ;
#368 = VECTOR ( 'NONE', #2065, 1000.000000000000114 ) ;
#369 = ORIENTED_EDGE ( 'NONE', *, *, #592, .T. ) ;
#370 = CARTESIAN_POINT ( 'NONE',  ( -36.79999999999999005, 34.00000000000000711, -31.00000000000000355 ) ) ;
#371 = CARTESIAN_POINT ( 'NONE',  ( -29.27005181395908906, -31.39137215751871324, -5.839703669432951827 ) ) ;
#372 = AXIS2_PLACEMENT_3D ( 'NONE', #1392, #3200, #1063 ) ;
#373 = ORIENTED_EDGE ( 'NONE', *, *, #1693, .F. ) ;
#374 = DIRECTION ( 'NONE',  ( -0.000000000000000000, -0.000000000000000000, -1.000000000000000000 ) ) ;
#375 = FACE_OUTER_BOUND ( 'NONE', #986, .T. ) ;
#376 = APPROVAL_DATE_TIME ( #410, #2821 ) ;
#377 = EDGE_LOOP ( 'NONE', ( #1572, #2732, #2486, #2817 ) ) ;
#378 = LINE ( 'NONE', #429, #1743 ) ;
#379 = CARTESIAN_POINT ( 'NONE',  ( 1.060660171779814753, -1.060660171779814975, 3.000000000000000000 ) ) ;
#380 = ORIENTED_EDGE ( 'NONE', *, *, #2290, .F. ) ;
#381 = CARTESIAN_POINT ( 'NONE',  ( 31.99999999999998579, -28.01903382393669517, -4.259590356345079876 ) ) ;
#382 = DIRECTION ( 'NONE',  ( 0.7071067811865602293, 0.000000000000000000, 0.7071067811865348052 ) ) ;
#383 = CIRCLE ( 'NONE', #812, 2.799999999999997158 ) ;
#384 = EDGE_LOOP ( 'NONE', ( #3029, #308, #69, #369 ) ) ;
#385 = CARTESIAN_POINT ( 'NONE',  ( 24.34268191928955360, 32.00000000000000711, -1.120732555420447252 ) ) ;
#386 = EDGE_CURVE ( 'NONE', #469, #1120, #571, .T. ) ;
#387 = DIRECTION ( 'NONE',  ( -1.000000000000000000, 0.000000000000000000, 0.000000000000000000 ) ) ;
#388 = EDGE_LOOP ( 'NONE', ( #1534, #1916 ) ) ;
#389 = CARTESIAN_POINT ( 'NONE',  ( 38.49999999999995737, 23.86879751986305109, -0.5949300883504378135 ) ) ;
#390 = DIRECTION ( 'NONE',  ( 1.000000000000000000, 0.000000000000000000, 0.000000000000000000 ) ) ;
#391 = VECTOR ( 'NONE', #2111, 1000.000000000000000 ) ;
#392 = COORDINATED_UNIVERSAL_TIME_OFFSET ( 3, 0, .BEHIND. ) ;
#393 = ORIENTED_EDGE ( 'NONE', *, *, #363, .F. ) ;
#394 = PLANE ( 'NONE',  #1184 ) ;
#395 = AXIS2_PLACEMENT_3D ( 'NONE', #2811, #2312, #3349 ) ;
#396 = CARTESIAN_POINT ( 'NONE',  ( 31.88050157591498746, -38.49999999999990052, -6.942742037375903230 ) ) ;
#397 = CIRCLE ( 'NONE', #941, 4.499999999999997335 ) ;
#398 = ORIENTED_EDGE ( 'NONE', *, *, #553, .T. ) ;
#399 = CIRCLE ( 'NONE', #2155, 21.50000000000000000 ) ;
#400 = CARTESIAN_POINT ( 'NONE',  ( 0.000000000000000000, 0.000000000000000000, 2.700000000000046807 ) ) ;
#401 = CARTESIAN_POINT ( 'NONE',  ( -31.99999999999999289, -27.25788135359620057, -3.323223786641944066 ) ) ;
#402 = VERTEX_POINT ( 'NONE', #365 ) ;
#403 = CARTESIAN_POINT ( 'NONE',  ( 29.50507994874951478, 38.49999999999998579, -4.102210700728091908 ) ) ;
#404 = DIRECTION ( 'NONE',  ( -0.000000000000000000, 0.000000000000000000, 1.000000000000000000 ) ) ;
#405 = EDGE_CURVE ( 'NONE', #2982, #2717, #893, .T. ) ;
#406 = EDGE_CURVE ( 'NONE', #2431, #1433, #88, .T. ) ;
#407 = ORIENTED_EDGE ( 'NONE', *, *, #2168, .T. ) ;
#408 = CARTESIAN_POINT ( 'NONE',  ( -24.86262114459423245, -22.74130080103461182, 0.000000000000000000 ) ) ;
#409 = CARTESIAN_POINT ( 'NONE',  ( 32.15000000000001279, -34.00000000000000711, -37.00000000000000000 ) ) ;
#410 = DATE_AND_TIME ( #2485, #1594 ) ;
#411 = ORIENTED_EDGE ( 'NONE', *, *, #2229, .F. ) ;
#412 = CARTESIAN_POINT ( 'NONE',  ( -16.01375349724261454, -13.89243315368298859, 3.000000000000000000 ) ) ;
#413 = CARTESIAN_POINT ( 'NONE',  ( 28.08300307669588847, -38.49999999999990763, -2.918774861815983446 ) ) ;
#414 = ORIENTED_EDGE ( 'NONE', *, *, #2894, .T. ) ;
#415 = DIRECTION ( 'NONE',  ( -0.000000000000000000, -0.000000000000000000, -1.000000000000000000 ) ) ;
#416 = DIRECTION ( 'NONE',  ( 1.000000000000000000, 0.000000000000000000, 0.000000000000000000 ) ) ;
#417 = FACE_BOUND ( 'NONE', #2577, .T. ) ;
#418 = EDGE_LOOP ( 'NONE', ( #2102, #1247, #1875, #60 ) ) ;
#419 = CARTESIAN_POINT ( 'NONE',  ( 26.78726764178956898, 28.90858798534921803, -1.742255732245230782 ) ) ;
#420 = ORIENTED_EDGE ( 'NONE', *, *, #2977, .F. ) ;
#421 = DIRECTION ( 'NONE',  ( 0.000000000000000000, 0.000000000000000000, 1.000000000000000000 ) ) ;
#422 = AXIS2_PLACEMENT_3D ( 'NONE', #1890, #1582, #3196 ) ;
#423 = CARTESIAN_POINT ( 'NONE',  ( 38.49999999999995737, 30.50268829849353835, -5.190559552243253272 ) ) ;
#424 = AXIS2_PLACEMENT_3D ( 'NONE', #283, #1324, #2818 ) ;
#425 = CARTESIAN_POINT ( 'NONE',  ( -1.060660171779827188, -1.060660171779826966, 3.000000000000000000 ) ) ;
#426 = EDGE_LOOP ( 'NONE', ( #3071, #355, #2652, #487, #770, #2274, #662 ) ) ;
#427 = EDGE_CURVE ( 'NONE', #1357, #503, #1367, .T. ) ;
#428 = EDGE_CURVE ( 'NONE', #550, #3232, #1102, .T. ) ;
#429 = CARTESIAN_POINT ( 'NONE',  ( -1.060660171779818750, -1.060660171779818306, 3.000000000000000000 ) ) ;
#430 = CARTESIAN_POINT ( 'NONE',  ( -33.99999999999999289, -33.99999999999999289, -10.00000000000000178 ) ) ;
#431 = VERTEX_POINT ( 'NONE', #601 ) ;
#432 = DIRECTION ( 'NONE',  ( 1.000000000000000000, 0.000000000000000000, 0.000000000000000000 ) ) ;
#433 = DIRECTION ( 'NONE',  ( -0.000000000000000000, -0.000000000000000000, -1.000000000000000000 ) ) ;
#434 = B_SPLINE_CURVE_WITH_KNOTS ( 'NONE', 3,
 ( #3312, #1007, #1767, #242 ),
 .UNSPECIFIED., .F., .F.,
 ( 4, 4 ),
 ( 0.000000000000000000, 0.0004247899220746907591 ),
 .UNSPECIFIED. ) ;
#435 = ORIENTED_EDGE ( 'NONE', *, *, #2776, .T. ) ;
#436 = AXIS2_PLACEMENT_3D ( 'NONE', #3202, #842, #2202 ) ;
#437 = CARTESIAN_POINT ( 'NONE',  ( -23.17362411999791050, -25.29494446355754178, -7.303306300770409073E-16 ) ) ;
#438 = AXIS2_PLACEMENT_3D ( 'NONE', #1297, #2565, #743 ) ;
#439 = EDGE_LOOP ( 'NONE', ( #2237, #2391, #1052, #252 ) ) ;
#440 = CARTESIAN_POINT ( 'NONE',  ( -22.06887650841424175, 32.00000000000001421, -0.2743135503996331215 ) ) ;
#441 = FACE_OUTER_BOUND ( 'NONE', #84, .T. ) ;
#442 = CARTESIAN_POINT ( 'NONE',  ( -38.49999999999997868, 34.00000000000000711, 2.699999999999991296 ) ) ;
#443 = PERSON_AND_ORGANIZATION ( #2640, #2462 ) ;
#444 = LINE ( 'NONE', #2730, #2780 ) ;
#445 = CARTESIAN_POINT ( 'NONE',  ( 36.80000000000000426, 34.00000000000000711, -31.00000000000000355 ) ) ;
#446 = AXIS2_PLACEMENT_3D ( 'NONE', #1827, #2539, #2868 ) ;
#447 = EDGE_CURVE ( 'NONE', #718, #2011, #983, .T. ) ;
#448 = ADVANCED_FACE ( 'NONE', ( #1951, #3174 ), #1380, .T. ) ;
#449 = CARTESIAN_POINT ( 'NONE',  ( -31.64093192628985562, 29.51961158273020303, -6.677178291978259850 ) ) ;
#450 = EDGE_LOOP ( 'NONE', ( #2753, #2239, #2688, #1017 ) ) ;
#451 = VECTOR ( 'NONE', #1286, 1000.000000000000000 ) ;
#452 = VECTOR ( 'NONE', #2497, 1000.000000000000000 ) ;
#453 = CARTESIAN_POINT ( 'NONE',  ( 34.00000000000000711, 34.00000000000000711, -37.00000000000000000 ) ) ;
#454 = LINE ( 'NONE', #2768, #1987 ) ;
#455 = VERTEX_POINT ( 'NONE', #556 ) ;
#456 = AXIS2_PLACEMENT_3D ( 'NONE', #2089, #3124, #251 ) ;
#457 = LINE ( 'NONE', #2036, #2579 ) ;
#458 = DIRECTION ( 'NONE',  ( -1.000000000000000000, -3.061276722312012491E-16, 0.000000000000000000 ) ) ;
#459 = VECTOR ( 'NONE', #1232, 1000.000000000000114 ) ;
#460 = ORIENTED_EDGE ( 'NONE', *, *, #1155, .T. ) ;
#461 = DIRECTION ( 'NONE',  ( -1.000000000000000000, 0.000000000000000000, 0.000000000000000000 ) ) ;
#462 = CARTESIAN_POINT ( 'NONE',  ( -38.49999999999993605, 21.70359555605512725, -0.07554687996457354338 ) ) ;
#463 = DIRECTION ( 'NONE',  ( -0.000000000000000000, 0.000000000000000000, 1.000000000000000000 ) ) ;
#464 = DATE_AND_TIME ( #1234, #165 ) ;
#465 = CARTESIAN_POINT ( 'NONE',  ( 26.98039675336091392, -24.85907640980124711, -0.4339733207427810546 ) ) ;
#466 = DIRECTION ( 'NONE',  ( 0.7071067811865474617, -0.7071067811865475727, 0.000000000000000000 ) ) ;
#467 = LINE ( 'NONE', #2557, #177 ) ;
#468 = ORIENTED_EDGE ( 'NONE', *, *, #1940, .T. ) ;
#469 = VERTEX_POINT ( 'NONE', #2426 ) ;
#470 = LINE ( 'NONE', #2560, #3047 ) ;
#471 = EDGE_CURVE ( 'NONE', #1379, #2156, #3329, .T. ) ;
#472 = CARTESIAN_POINT ( 'NONE',  ( -36.79999999999999005, -33.99999999999999289, -31.00000000000000355 ) ) ;
#473 = EDGE_CURVE ( 'NONE', #298, #2302, #109, .T. ) ;
#474 = VERTEX_POINT ( 'NONE', #2184 ) ;
#475 = CARTESIAN_POINT ( 'NONE',  ( -32.00000000000000000, 0.000000000000000000, 0.000000000000000000 ) ) ;
#476 = CARTESIAN_POINT ( 'NONE',  ( 27.77668715077349759, 29.89800749433315019, -2.898087002299536419 ) ) ;
#477 = EDGE_CURVE ( 'NONE', #175, #2052, #586, .T. ) ;
#478 = EDGE_LOOP ( 'NONE', ( #738, #2306 ) ) ;
#479 = CARTESIAN_POINT ( 'NONE',  ( -20.86993355941220329, 32.00000000000001421, -0.05631886488589453454 ) ) ;
#480 = CARTESIAN_POINT ( 'NONE',  ( -38.49999999999994316, 25.25917090579538282, -1.132934895025772493 ) ) ;
#481 = CARTESIAN_POINT ( 'NONE',  ( -13.89243315368299214, -16.01375349724261810, 3.000000000000000000 ) ) ;
#482 = B_SPLINE_CURVE_WITH_KNOTS ( 'NONE', 3,
 ( #821, #2453, #1949, #2390 ),
 .UNSPECIFIED., .F., .F.,
 ( 4, 4 ),
 ( 2.453269466693398698E-18, 0.0004247899220746933612 ),
 .UNSPECIFIED. ) ;
#483 = VECTOR ( 'NONE', #546, 1000.000000000000000 ) ;
#484 = CARTESIAN_POINT ( 'NONE',  ( 31.83321904595354823, 29.71189870239389563, -7.532751534698171270 ) ) ;
#485 = CARTESIAN_POINT ( 'NONE',  ( -25.65885192618784671, 27.78017226974750997, -0.8569819864713454916 ) ) ;
#486 = CARTESIAN_POINT ( 'NONE',  ( 34.00000000000000711, -34.00000000000000711, -31.00000000000000711 ) ) ;
#487 = ORIENTED_EDGE ( 'NONE', *, *, #2316, .F. ) ;
#488 = ORIENTED_EDGE ( 'NONE', *, *, #3226, .F. ) ;
#489 = DIRECTION ( 'NONE',  ( 1.000000000000000000, 0.000000000000000000, 0.000000000000000000 ) ) ;
#490 = CARTESIAN_POINT ( 'NONE',  ( 16.01375349724263941, -13.89243315368296372, 3.000000000000000000 ) ) ;
#491 = ORIENTED_EDGE ( 'NONE', *, *, #2877, .F. ) ;
#492 = CARTESIAN_POINT ( 'NONE',  ( 22.74130080103461538, 24.86262114459426442, 0.000000000000000000 ) ) ;
#493 = ORIENTED_EDGE ( 'NONE', *, *, #2191, .F. ) ;
#494 = EDGE_CURVE ( 'NONE', #654, #47, #2410, .T. ) ;
#495 = VECTOR ( 'NONE', #76, 1000.000000000000000 ) ;
#496 = EDGE_CURVE ( 'NONE', #3258, #2131, #2242, .T. ) ;
#497 = FACE_OUTER_BOUND ( 'NONE', #1185, .T. ) ;
#498 = CYLINDRICAL_SURFACE ( 'NONE', #2367, 1.849999999999997424 ) ;
#499 = DIRECTION ( 'NONE',  ( -0.000000000000000000, -0.000000000000000000, 1.000000000000000000 ) ) ;
#500 = CARTESIAN_POINT ( 'NONE',  ( 30.20200982822845148, 28.08068948466879533, -3.322216430284204769 ) ) ;
#501 = CARTESIAN_POINT ( 'NONE',  ( -27.12939563619718797, 29.25071597975685123, -2.090181034116048497 ) ) ;
#502 = CARTESIAN_POINT ( 'NONE',  ( -1.178591538090124801E-14, 38.49999999999998579, 2.699999999999991296 ) ) ;
#503 = VERTEX_POINT ( 'NONE', #350 ) ;
#504 = EDGE_LOOP ( 'NONE', ( #1976, #2489 ) ) ;
#505 = DIRECTION ( 'NONE',  ( 1.000000000000000000, 0.000000000000000000, 0.000000000000000000 ) ) ;
#506 = PLANE ( 'NONE',  #3018 ) ;
#507 = VERTEX_POINT ( 'NONE', #1122 ) ;
#508 = CIRCLE ( 'NONE', #446, 10.00000000000000178 ) ;
#509 = CARTESIAN_POINT ( 'NONE',  ( -29.87867965644037938, -32.00000000000000000, 3.000000000000000000 ) ) ;
#510 = VECTOR ( 'NONE', #773, 1000.000000000000000 ) ;
#511 = ORIENTED_EDGE ( 'NONE', *, *, #1693, .T. ) ;
#512 = CARTESIAN_POINT ( 'NONE',  ( -1.060660171779813643, 1.060660171779813643, 3.000000000000000000 ) ) ;
#513 = CIRCLE ( 'NONE', #2595, 1.849999999999997424 ) ;
#514 = CARTESIAN_POINT ( 'NONE',  ( -38.49999999999997868, 34.00000000000000711, -10.00000000000000178 ) ) ;
#515 = EDGE_CURVE ( 'NONE', #1910, #1349, #3115, .T. ) ;
#516 = EDGE_CURVE ( 'NONE', #666, #1424, #2392, .T. ) ;
#517 = CARTESIAN_POINT ( 'NONE',  ( 31.29518675997296384, -29.17386641641328637, -5.564814071141987561 ) ) ;
#518 = CARTESIAN_POINT ( 'NONE',  ( -29.81005904547112451, 31.93137938903078421, -8.124760168280802830 ) ) ;
#519 = CARTESIAN_POINT ( 'NONE',  ( 34.00000000000000711, -33.99999999999999289, 3.000000000000000000 ) ) ;
#520 = EDGE_LOOP ( 'NONE', ( #1136, #2001 ) ) ;
#521 = FACE_OUTER_BOUND ( 'NONE', #649, .T. ) ;
#522 = DIRECTION ( 'NONE',  ( 1.000000000000000000, 0.000000000000000000, 0.000000000000000000 ) ) ;
#523 = ORIENTED_EDGE ( 'NONE', *, *, #651, .F. ) ;
#524 = CARTESIAN_POINT ( 'NONE',  ( -25.25919748628422212, 38.49999999999997868, -1.132947113745765844 ) ) ;
#525 = CARTESIAN_POINT ( 'NONE',  ( -20.21595124790975007, -38.49999999999992895, 0.000000000000000000 ) ) ;
#526 = AXIS2_PLACEMENT_3D ( 'NONE', #780, #3364, #2079 ) ;
#527 = ORIENTED_EDGE ( 'NONE', *, *, #3225, .F. ) ;
#528 = CARTESIAN_POINT ( 'NONE',  ( -36.79999999999999005, 34.00000000000000711, 3.000000000000000000 ) ) ;
#529 = DIRECTION ( 'NONE',  ( -1.000000000000000000, 0.000000000000000000, 0.000000000000000000 ) ) ;
#530 = CARTESIAN_POINT ( 'NONE',  ( 31.93137938903074158, 29.81005904547110319, -8.124760168280525718 ) ) ;
#531 = CARTESIAN_POINT ( 'NONE',  ( -18.50000000000000000, 0.000000000000000000, 3.000000000000000000 ) ) ;
#532 = CARTESIAN_POINT ( 'NONE',  ( -29.49999999999999289, 34.00000000000000711, 3.000000000000000000 ) ) ;
#533 = EDGE_CURVE ( 'NONE', #876, #2388, #2919, .T. ) ;
#534 = EDGE_LOOP ( 'NONE', ( #1281, #1226, #737, #2974, #2137, #2266, #130, #2676, #2263, #2606 ) ) ;
#535 = EDGE_CURVE ( 'NONE', #1239, #1689, #1144, .T. ) ;
#536 = DIRECTION ( 'NONE',  ( -0.000000000000000000, 0.000000000000000000, 1.000000000000000000 ) ) ;
#537 = CARTESIAN_POINT ( 'NONE',  ( -33.99999999999999289, 34.00000000000000711, 0.000000000000000000 ) ) ;
#538 = ORIENTED_EDGE ( 'NONE', *, *, #3226, .T. ) ;
#539 = CARTESIAN_POINT ( 'NONE',  ( -22.79323909933864201, 38.49999999999997158, -0.2921219602350775824 ) ) ;
#540 = LINE ( 'NONE', #2638, #2044 ) ;
#541 = ORIENTED_EDGE ( 'NONE', *, *, #1072, .T. ) ;
#542 = FACE_OUTER_BOUND ( 'NONE', #838, .T. ) ;
#543 = FACE_BOUND ( 'NONE', #1676, .T. ) ;
#544 = AXIS2_PLACEMENT_3D ( 'NONE', #152, #661, #695 ) ;
#545 = CIRCLE ( 'NONE', #3385, 18.50000000000000000 ) ;
#546 = DIRECTION ( 'NONE',  ( -0.000000000000000000, -0.000000000000000000, -1.000000000000000000 ) ) ;
#547 = CARTESIAN_POINT ( 'NONE',  ( 31.99999999999998579, 22.65326044772976744, -0.4352126750054202131 ) ) ;
#548 = VECTOR ( 'NONE', #1553, 1000.000000000000000 ) ;
#549 = CARTESIAN_POINT ( 'NONE',  ( -34.00000000000000711, 34.00000000000000711, -31.00000000000000711 ) ) ;
#550 = VERTEX_POINT ( 'NONE', #333 ) ;
#551 = CARTESIAN_POINT ( 'NONE',  ( 34.00000000000000711, 34.00000000000000711, 2.699999999999991296 ) ) ;
#552 = CARTESIAN_POINT ( 'NONE',  ( 1.060660171779817196, -1.060660171779817418, 3.000000000000000000 ) ) ;
#553 = EDGE_CURVE ( 'NONE', #2663, #1953, #545, .T. ) ;
#554 = EDGE_CURVE ( 'NONE', #507, #2388, #1316, .T. ) ;
#555 = ORIENTED_EDGE ( 'NONE', *, *, #2272, .T. ) ;
#556 = CARTESIAN_POINT ( 'NONE',  ( 38.19999999999997442, 34.00000000000001421, 3.000000000000000000 ) ) ;
#557 = CIRCLE ( 'NONE', #290, 1.849999999999997424 ) ;
#558 = ORIENTED_EDGE ( 'NONE', *, *, #1730, .F. ) ;
#559 = VECTOR ( 'NONE', #3362, 1000.000000000000000 ) ;
#560 = FACE_OUTER_BOUND ( 'NONE', #3086, .T. ) ;
#561 = AXIS2_PLACEMENT_3D ( 'NONE', #2331, #766, #1233 ) ;
#562 = CIRCLE ( 'NONE', #1334, 2.800000000000000266 ) ;
#563 = CARTESIAN_POINT ( 'NONE',  ( -29.24114570036649852, -31.99999999999999289, -6.373171791893099680 ) ) ;
#564 = DIRECTION ( 'NONE',  ( 1.000000000000000000, 0.000000000000000000, 0.000000000000000000 ) ) ;
#565 = CARTESIAN_POINT ( 'NONE',  ( 33.99999999999998579, 38.20000000000000995, 3.000000000000000000 ) ) ;
#566 = ORIENTED_EDGE ( 'NONE', *, *, #1311, .T. ) ;
#567 = DIRECTION ( 'NONE',  ( 1.000000000000000000, 0.000000000000000000, 0.000000000000000000 ) ) ;
#568 = CARTESIAN_POINT ( 'NONE',  ( 28.03594583239719640, -31.99999999999999289, -4.260401792516815611 ) ) ;
#569 = ORIENTED_EDGE ( 'NONE', *, *, #1753, .F. ) ;
#570 = EDGE_CURVE ( 'NONE', #1999, #640, #2900, .T. ) ;
#571 = LINE ( 'NONE', #1914, #1038 ) ;
#572 = CARTESIAN_POINT ( 'NONE',  ( 36.25000000000004263, -34.00000000000000711, -31.00000000000000711 ) ) ;
#573 = VERTEX_POINT ( 'NONE', #142 ) ;
#574 = DIRECTION ( 'NONE',  ( -0.000000000000000000, -0.000000000000000000, -1.000000000000000000 ) ) ;
#575 = EDGE_CURVE ( 'NONE', #1642, #431, #1221, .T. ) ;
#576 = ADVANCED_FACE ( 'NONE', ( #2783 ), #1708, .F. ) ;
#577 = DIRECTION ( 'NONE',  ( 0.7071067811865476838, 0.7071067811865474617, -0.000000000000000000 ) ) ;
#578 = CARTESIAN_POINT ( 'NONE',  ( -22.05206502183965256, -31.99999999999999289, -0.2704498387654576397 ) ) ;
#579 = DIRECTION ( 'NONE',  ( -5.102127870520020982E-16, -1.000000000000000000, -0.000000000000000000 ) ) ;
#580 = EDGE_LOOP ( 'NONE', ( #2495, #1507, #1259, #1207, #137, #2411 ) ) ;
#581 = DIRECTION ( 'NONE',  ( -1.000000000000000000, 0.000000000000000000, 0.000000000000000000 ) ) ;
#582 = CARTESIAN_POINT ( 'NONE',  ( -38.49999999999993605, -27.18396221881062402, -2.254915655342022429 ) ) ;
#583 = EDGE_LOOP ( 'NONE', ( #2616, #488, #407, #1328 ) ) ;
#584 = CYLINDRICAL_SURFACE ( 'NONE', #1922, 4.500000000000003553 ) ;
#585 = VECTOR ( 'NONE', #2432, 1000.000000000000000 ) ;
#586 = LINE ( 'NONE', #2455, #495 ) ;
#587 = DIRECTION ( 'NONE',  ( -1.000000000000000000, 0.000000000000000000, 0.000000000000000000 ) ) ;
#588 = ORIENTED_EDGE ( 'NONE', *, *, #2168, .F. ) ;
#589 = LINE ( 'NONE', #321, #1550 ) ;
#590 = CARTESIAN_POINT ( 'NONE',  ( -31.99999999999999289, 27.83482127780850846, -4.017719773609998768 ) ) ;
#591 = ADVANCED_FACE ( 'NONE', ( #2248 ), #1425, .F. ) ;
#592 = EDGE_CURVE ( 'NONE', #1638, #1120, #383, .T. ) ;
#593 = CARTESIAN_POINT ( 'NONE',  ( 31.99999999999998579, -29.87867965644031187, -8.730026166411931854 ) ) ;
#594 = CARTESIAN_POINT ( 'NONE',  ( 31.99999999999998579, 29.87867965644033674, -8.730026166412011790 ) ) ;
#595 = CARTESIAN_POINT ( 'NONE',  ( 34.00000000000000711, -34.00000000000000711, -31.00000000000000355 ) ) ;
#596 = ORIENTED_EDGE ( 'NONE', *, *, #2023, .F. ) ;
#597 = AXIS2_PLACEMENT_3D ( 'NONE', #236, #761, #2855 ) ;
#598 = CARTESIAN_POINT ( 'NONE',  ( -33.99999999999999289, -33.99999999999999289, -10.00000000000000178 ) ) ;
#599 = CARTESIAN_POINT ( 'NONE',  ( -38.49999999999993605, -23.15362102276348821, -0.3816487166846708745 ) ) ;
#600 = ORIENTED_EDGE ( 'NONE', *, *, #2863, .F. ) ;
#601 = CARTESIAN_POINT ( 'NONE',  ( 20.21595124790976072, -38.49999999999991473, 0.000000000000000000 ) ) ;
#602 = DIRECTION ( 'NONE',  ( -0.7071067811865602293, 8.659560562355086933E-17, 0.7071067811865348052 ) ) ;
#603 = ORIENTED_EDGE ( 'NONE', *, *, #2144, .F. ) ;
#604 = DIRECTION ( 'NONE',  ( 1.000000000000000000, 0.000000000000000000, 0.000000000000000000 ) ) ;
#605 = CARTESIAN_POINT ( 'NONE',  ( -32.00000000000000000, 29.87867965644035095, -8.730026166412274691 ) ) ;
#606 = VECTOR ( 'NONE', #1087, 1000.000000000000000 ) ;
#607 = EDGE_LOOP ( 'NONE', ( #1472, #1284, #198, #1189 ) ) ;
#608 = VECTOR ( 'NONE', #1804, 1000.000000000000000 ) ;
#609 = CIRCLE ( 'NONE', #1934, 4.500000000000003553 ) ;
#610 = EDGE_CURVE ( 'NONE', #666, #876, #2634, .T. ) ;
#611 = EDGE_CURVE ( 'NONE', #3360, #1900, #3273, .T. ) ;
#612 = CARTESIAN_POINT ( 'NONE',  ( 38.49999999999995737, 25.92027583992107509, -1.467502236493330114 ) ) ;
#613 = CARTESIAN_POINT ( 'NONE',  ( 31.99999999999999289, 28.97790164330631768, -5.830973800257289064 ) ) ;
#614 = VECTOR ( 'NONE', #2779, 1000.000000000000000 ) ;
#615 = CARTESIAN_POINT ( 'NONE',  ( -28.83706503722580550, 32.00000000000001421, -5.556282366869796263 ) ) ;
#616 = EDGE_LOOP ( 'NONE', ( #1171, #2247, #2130, #182, #3013, #541 ) ) ;
#617 = EDGE_CURVE ( 'NONE', #2620, #2623, #2543, .T. ) ;
#618 = CARTESIAN_POINT ( 'NONE',  ( -1.060660171779813643, 1.060660171779813643, 3.000000000000000000 ) ) ;
#619 = AXIS2_PLACEMENT_3D ( 'NONE', #340, #2694, #2433 ) ;
#620 = CARTESIAN_POINT ( 'NONE',  ( 29.50000000000001066, -33.99999999999999289, -10.00000000000000178 ) ) ;
#621 = ORIENTED_EDGE ( 'NONE', *, *, #1011, .F. ) ;
#622 = DIRECTION ( 'NONE',  ( 1.000000000000000000, 0.000000000000000000, 0.000000000000000000 ) ) ;
#623 = CARTESIAN_POINT ( 'NONE',  ( 36.80000000000000426, 34.00000000000000711, 3.000000000000000000 ) ) ;
#624 = ORIENTED_EDGE ( 'NONE', *, *, #2614, .T. ) ;
#625 = CARTESIAN_POINT ( 'NONE',  ( 29.62975700707010418, 32.00000000000000000, -7.526069970485361971 ) ) ;
#626 = LINE ( 'NONE', #354, #2254 ) ;
#627 = VERTEX_POINT ( 'NONE', #2012 ) ;
#628 = CARTESIAN_POINT ( 'NONE',  ( 38.49999999999996447, 21.70360387310213568, -0.07554772463491392365 ) ) ;
#629 = LINE ( 'NONE', #2007, #1607 ) ;
#630 = ORIENTED_EDGE ( 'NONE', *, *, #2360, .T. ) ;
#631 = DIRECTION ( 'NONE',  ( 0.7071067811865474617, -0.7071067811865475727, 0.000000000000000000 ) ) ;
#632 = CARTESIAN_POINT ( 'NONE',  ( 29.34525279793419372, -32.00000000000000000, -6.669603815390963142 ) ) ;
#633 = ADVANCED_FACE ( 'NONE', ( #1759 ), #2016, .F. ) ;
#634 = EDGE_CURVE ( 'NONE', #503, #1357, #1302, .T. ) ;
#635 = ORIENTED_EDGE ( 'NONE', *, *, #2144, .T. ) ;
#636 = CYLINDRICAL_SURFACE ( 'NONE', #707, 4.500000000000003553 ) ;
#637 = CARTESIAN_POINT ( 'NONE',  ( 31.99999999999998579, -25.88923592036118393, -2.089504320102663293 ) ) ;
#638 = DIRECTION ( 'NONE',  ( 0.7071067811865311414, 0.000000000000000000, 0.7071067811865638930 ) ) ;
#639 = AXIS2_PLACEMENT_3D ( 'NONE', #1194, #3030, #1948 ) ;
#640 = VERTEX_POINT ( 'NONE', #1242 ) ;
#641 = CARTESIAN_POINT ( 'NONE',  ( 25.88923592036128696, 32.00000000000000000, -2.089504320102731683 ) ) ;
#642 = LINE ( 'NONE', #2446, #3342 ) ;
#643 = ORIENTED_EDGE ( 'NONE', *, *, #3130, .F. ) ;
#644 = CARTESIAN_POINT ( 'NONE',  ( -26.55854512240784970, -24.43722477884823974, -0.2697504490010306788 ) ) ;
#645 = CARTESIAN_POINT ( 'NONE',  ( 38.49999999999993605, -20.96593953179753100, 1.204669080539456739E-16 ) ) ;
#646 = ORIENTED_EDGE ( 'NONE', *, *, #1625, .T. ) ;
#647 = DIRECTION ( 'NONE',  ( -0.000000000000000000, 0.000000000000000000, 1.000000000000000000 ) ) ;
#648 = CARTESIAN_POINT ( 'NONE',  ( 19.63859338365493912, -32.00000000000000000, 0.000000000000000000 ) ) ;
#649 = EDGE_LOOP ( 'NONE', ( #1881, #1456, #1720, #688 ) ) ;
#650 = DIRECTION ( 'NONE',  ( 1.000000000000000000, 0.000000000000000000, 0.000000000000000000 ) ) ;
#651 = EDGE_CURVE ( 'NONE', #255, #1346, #2705, .T. ) ;
#652 = CARTESIAN_POINT ( 'NONE',  ( -31.99999999999999289, -28.83706503722590142, -5.556282366869960576 ) ) ;
#653 = EDGE_CURVE ( 'NONE', #3156, #2712, #1412, .T. ) ;
#654 = VERTEX_POINT ( 'NONE', #2088 ) ;
#655 = DIRECTION ( 'NONE',  ( -0.000000000000000000, -0.000000000000000000, -1.000000000000000000 ) ) ;
#656 = CARTESIAN_POINT ( 'NONE',  ( -22.74130080103460472, -24.86262114459423955, 0.000000000000000000 ) ) ;
#657 = VERTEX_POINT ( 'NONE', #2618 ) ;
#658 = CARTESIAN_POINT ( 'NONE',  ( -25.72100745080581063, -23.59968710724619001, -0.05512866774650291429 ) ) ;
#659 = CARTESIAN_POINT ( 'NONE',  ( 38.49999999999992895, -26.87223755492904331, -2.047659821427976201 ) ) ;
#660 = VECTOR ( 'NONE', #2924, 1000.000000000000000 ) ;
#661 = DIRECTION ( 'NONE',  ( 0.000000000000000000, 0.000000000000000000, 1.000000000000000000 ) ) ;
#662 = ORIENTED_EDGE ( 'NONE', *, *, #1225, .T. ) ;
#663 = DIRECTION ( 'NONE',  ( 1.000000000000000000, 0.000000000000000000, 0.000000000000000000 ) ) ;
#664 = DIRECTION ( 'NONE',  ( 1.000000000000000000, 0.000000000000000000, 0.000000000000000000 ) ) ;
#665 = AXIS2_PLACEMENT_3D ( 'NONE', #1223, #3255, #179 ) ;
#666 = VERTEX_POINT ( 'NONE', #2851 ) ;
#667 = VECTOR ( 'NONE', #3082, 1000.000000000000000 ) ;
#668 = DIRECTION ( 'NONE',  ( -0.000000000000000000, -0.000000000000000000, -1.000000000000000000 ) ) ;
#669 = CARTESIAN_POINT ( 'NONE',  ( -33.99999999999999289, 34.00000000000000711, 3.000000000000000000 ) ) ;
#670 = ORIENTED_EDGE ( 'NONE', *, *, #91, .F. ) ;
#671 = CARTESIAN_POINT ( 'NONE',  ( 20.21595124790978559, 38.49999999999999289, 0.000000000000000000 ) ) ;
#672 = PLANE ( 'NONE',  #830 ) ;
#673 = ORIENTED_EDGE ( 'NONE', *, *, #823, .T. ) ;
#674 = EDGE_CURVE ( 'NONE', #2423, #1419, #2631, .T. ) ;
#675 = DIRECTION ( 'NONE',  ( -1.000000000000000000, 0.000000000000000000, 0.000000000000000000 ) ) ;
#676 = CARTESIAN_POINT ( 'NONE',  ( -31.57124403053992268, -29.44992368698030560, -6.383885799651392468 ) ) ;
#677 = CARTESIAN_POINT ( 'NONE',  ( 38.49999999999993605, -20.21595124790975007, 0.000000000000000000 ) ) ;
#678 = ORIENTED_EDGE ( 'NONE', *, *, #2715, .T. ) ;
#679 = PLANE ( 'NONE',  #2344 ) ;
#680 = CARTESIAN_POINT ( 'NONE',  ( 38.49999999999993605, -20.21595124790975007, 0.000000000000000000 ) ) ;
#681 = VERTEX_POINT ( 'NONE', #265 ) ;
#682 = PLANE ( 'NONE',  #1870 ) ;
#683 = DIRECTION ( 'NONE',  ( 1.000000000000000000, 0.000000000000000000, 0.000000000000000000 ) ) ;
#684 = DIRECTION ( 'NONE',  ( 2.322356269987168107E-16, 1.000000000000000000, -0.000000000000000000 ) ) ;
#685 = ORIENTED_EDGE ( 'NONE', *, *, #3267, .F. ) ;
#686 = DIRECTION ( 'NONE',  ( -0.000000000000000000, -0.000000000000000000, 1.000000000000000000 ) ) ;
#687 = DIRECTION ( 'NONE',  ( 3.061276722312012491E-16, -1.000000000000000000, 0.000000000000000000 ) ) ;
#688 = ORIENTED_EDGE ( 'NONE', *, *, #2229, .T. ) ;
#689 = CARTESIAN_POINT ( 'NONE',  ( 28.96566625552003771, -31.08698659907967254, -5.031748768305605246 ) ) ;
#690 = CARTESIAN_POINT ( 'NONE',  ( -38.49999999999995737, 25.92024632332393352, -1.467486569550443543 ) ) ;
#691 = VECTOR ( 'NONE', #755, 1000.000000000000000 ) ;
#692 = EDGE_CURVE ( 'NONE', #640, #1999, #1856, .T. ) ;
#693 = CARTESIAN_POINT ( 'NONE',  ( 38.49999999999997158, -33.17114934502572510, -8.764423787345663186 ) ) ;
#694 = EDGE_CURVE ( 'NONE', #1966, #2059, #2374, .T. ) ;
#695 = DIRECTION ( 'NONE',  ( 1.000000000000000000, 0.000000000000000000, 0.000000000000000000 ) ) ;
#696 = DIRECTION ( 'NONE',  ( 1.000000000000000000, 0.000000000000000000, 0.000000000000000000 ) ) ;
#697 = DIRECTION ( 'NONE',  ( -1.000000000000000000, 0.000000000000000000, 0.000000000000000000 ) ) ;
#698 = ORIENTED_EDGE ( 'NONE', *, *, #617, .T. ) ;
#699 = DIRECTION ( 'NONE',  ( 1.000000000000000000, 0.000000000000000000, 0.000000000000000000 ) ) ;
#700 = CARTESIAN_POINT ( 'NONE',  ( 1.178591538090122750E-14, -38.49999999999992184, 0.000000000000000000 ) ) ;
#701 = ADVANCED_BREP_SHAPE_REPRESENTATION ( 'base_agitador', ( #3381, #544 ), #1422 ) ;
#702 = CARTESIAN_POINT ( 'NONE',  ( -32.00000000000000711, -20.86993355941223882, -0.05631886488589678275 ) ) ;
#703 = ORIENTED_EDGE ( 'NONE', *, *, #343, .F. ) ;
#704 = CARTESIAN_POINT ( 'NONE',  ( -34.00000000000000711, 34.00000000000000711, 3.000999999999996781 ) ) ;
#705 = AXIS2_PLACEMENT_3D ( 'NONE', #1363, #1149, #3191 ) ;
#706 = CARTESIAN_POINT ( 'NONE',  ( 31.99999999999998579, -29.87867965644031187, 3.000000000000000000 ) ) ;
#707 = AXIS2_PLACEMENT_3D ( 'NONE', #2733, #415, #158 ) ;
#708 = ORIENTED_EDGE ( 'NONE', *, *, #2056, .T. ) ;
#709 = CARTESIAN_POINT ( 'NONE',  ( 29.27799139328775979, -31.39931173684740884, -5.831374897911947741 ) ) ;
#710 = CARTESIAN_POINT ( 'NONE',  ( -38.49999999999994316, 20.96593953179754166, -1.754299348535574489E-16 ) ) ;
#711 = CARTESIAN_POINT ( 'NONE',  ( -33.99999999999999289, 34.00000000000000711, -37.00000000000000000 ) ) ;
#712 = EDGE_CURVE ( 'NONE', #2141, #1715, #3376, .T. ) ;
#713 = APPROVAL_STATUS ( 'not_yet_approved' ) ;
#714 = ADVANCED_FACE ( 'NONE', ( #1812 ), #1588, .T. ) ;
#715 = CARTESIAN_POINT ( 'NONE',  ( 28.90858798534916829, -26.78726764178949438, -1.742255732245173272 ) ) ;
#716 = CARTESIAN_POINT ( 'NONE',  ( 32.15000000000001279, 34.00000000000000711, -31.40000000000002345 ) ) ;
#717 = CARTESIAN_POINT ( 'NONE',  ( -30.98330354904256012, 28.86198320548291463, -4.766248292548342036 ) ) ;
#718 = VERTEX_POINT ( 'NONE', #2601 ) ;
#719 = AXIS2_PLACEMENT_3D ( 'NONE', #2935, #2203, #1414 ) ;
#720 = AXIS2_PLACEMENT_3D ( 'NONE', #2671, #94, #387 ) ;
#721 = EDGE_CURVE ( 'NONE', #1532, #105, #3210, .T. ) ;
#722 = ORIENTED_EDGE ( 'NONE', *, *, #2939, .F. ) ;
#723 = AXIS2_PLACEMENT_3D ( 'NONE', #3366, #463, #1023 ) ;
#724 = DIRECTION ( 'NONE',  ( 1.000000000000000000, 0.000000000000000000, 0.000000000000000000 ) ) ;
#725 = CARTESIAN_POINT ( 'NONE',  ( -33.99999999999999289, -33.99999999999999289, -37.00000000000000000 ) ) ;
#726 = EDGE_LOOP ( 'NONE', ( #2403, #1819, #1864, #2326 ) ) ;
#727 = CIRCLE ( 'NONE', #665, 2.800000000000000266 ) ;
#728 = CARTESIAN_POINT ( 'NONE',  ( 27.78980546374029004, 38.49999999999998579, -2.690876094217177439 ) ) ;
#729 = CARTESIAN_POINT ( 'NONE',  ( 28.86198320548290042, 30.98330354904255302, -4.766248292548280752 ) ) ;
#730 = ORIENTED_EDGE ( 'NONE', *, *, #2675, .T. ) ;
#731 = DIRECTION ( 'NONE',  ( 1.000000000000000000, 0.000000000000000000, 0.000000000000000000 ) ) ;
#732 = CARTESIAN_POINT ( 'NONE',  ( 0.000000000000000000, 0.000000000000000000, 2.700000000000001954 ) ) ;
#733 = LINE ( 'NONE', #2571, #2313 ) ;
#734 = CARTESIAN_POINT ( 'NONE',  ( 30.19802693387045522, -28.07670659031077776, -3.335556130470406444 ) ) ;
#735 = CARTESIAN_POINT ( 'NONE',  ( 34.00000000000000711, 34.00000000000000711, -37.00000000000000000 ) ) ;
#736 = DIRECTION ( 'NONE',  ( 1.000000000000000000, 0.000000000000000000, 0.000000000000000000 ) ) ;
#737 = ORIENTED_EDGE ( 'NONE', *, *, #1269, .F. ) ;
#738 = ORIENTED_EDGE ( 'NONE', *, *, #2715, .F. ) ;
#739 = DIRECTION ( 'NONE',  ( -1.000000000000000000, 0.000000000000000000, 0.000000000000000000 ) ) ;
#740 = CARTESIAN_POINT ( 'NONE',  ( 33.99999999999999289, -38.49999999999995026, 3.000000000000000000 ) ) ;
#741 = EDGE_CURVE ( 'NONE', #1900, #3360, #3106, .T. ) ;
#742 = EDGE_LOOP ( 'NONE', ( #1079, #146, #1571, #1621 ) ) ;
#743 = DIRECTION ( 'NONE',  ( 1.000000000000000000, 0.000000000000000000, 0.000000000000000000 ) ) ;
#744 = CARTESIAN_POINT ( 'NONE',  ( -33.17114934535486981, -38.49999999999996447, -8.764423787124822951 ) ) ;
#745 = VERTEX_POINT ( 'NONE', #1308 ) ;
#746 = FACE_BOUND ( 'NONE', #238, .T. ) ;
#747 = LINE ( 'NONE', #2844, #337 ) ;
#748 = CARTESIAN_POINT ( 'NONE',  ( -14.10509071632328393, -16.22641105988290988, 2.700000000000001954 ) ) ;
#749 = AXIS2_PLACEMENT_3D ( 'NONE', #299, #2664, #567 ) ;
#750 = CARTESIAN_POINT ( 'NONE',  ( 31.99999999999998579, 0.000000000000000000, 0.000000000000000000 ) ) ;
#751 = CARTESIAN_POINT ( 'NONE',  ( -28.96566625552001639, 31.08698659907970097, -5.031748768305629227 ) ) ;
#752 = DIRECTION ( 'NONE',  ( -0.000000000000000000, -0.000000000000000000, 1.000000000000000000 ) ) ;
#753 = ORIENTED_EDGE ( 'NONE', *, *, #3130, .T. ) ;
#754 = ORIENTED_EDGE ( 'NONE', *, *, #2072, .F. ) ;
#755 = DIRECTION ( 'NONE',  ( -0.000000000000000000, -0.000000000000000000, -1.000000000000000000 ) ) ;
#756 = CARTESIAN_POINT ( 'NONE',  ( 34.00000000000000711, 34.00000000000000711, -31.00000000000000355 ) ) ;
#757 = ORIENTED_EDGE ( 'NONE', *, *, #575, .T. ) ;
#758 = CARTESIAN_POINT ( 'NONE',  ( -31.88050157591498746, 38.49999999999997158, -6.942742037375816189 ) ) ;
#759 = ADVANCED_FACE ( 'NONE', ( #23 ), #1032, .T. ) ;
#760 = ADVANCED_FACE ( 'NONE', ( #1260 ), #2890, .F. ) ;
#761 = DIRECTION ( 'NONE',  ( 0.000000000000000000, 0.000000000000000000, 1.000000000000000000 ) ) ;
#762 = B_SPLINE_CURVE_WITH_KNOTS ( 'NONE', 3,
 ( #135, #3262, #916, #1971 ),
 .UNSPECIFIED., .F., .F.,
 ( 4, 4 ),
 ( 0.000000000000000000, 0.0004247899220746936865 ),
 .UNSPECIFIED. ) ;
#763 = ORIENTED_EDGE ( 'NONE', *, *, #1962, .F. ) ;
#764 = FACE_OUTER_BOUND ( 'NONE', #3193, .T. ) ;
#765 = CARTESIAN_POINT ( 'NONE',  ( 34.00000000000000711, 34.00000000000000711, -37.00000000000000000 ) ) ;
#766 = DIRECTION ( 'NONE',  ( 0.000000000000000000, 0.000000000000000000, -1.000000000000000000 ) ) ;
#767 = DIRECTION ( 'NONE',  ( -1.000000000000000000, 0.000000000000000000, 0.000000000000000000 ) ) ;
#768 = DIRECTION ( 'NONE',  ( 0.000000000000000000, 1.000000000000000000, -0.000000000000000000 ) ) ;
#769 = DIRECTION ( 'NONE',  ( -0.000000000000000000, -0.000000000000000000, -1.000000000000000000 ) ) ;
#770 = ORIENTED_EDGE ( 'NONE', *, *, #406, .F. ) ;
#771 = ORIENTED_EDGE ( 'NONE', *, *, #151, .T. ) ;
#772 = DIRECTION ( 'NONE',  ( 0.000000000000000000, 0.000000000000000000, 1.000000000000000000 ) ) ;
#773 = DIRECTION ( 'NONE',  ( -0.000000000000000000, -0.000000000000000000, -1.000000000000000000 ) ) ;
#774 = CIRCLE ( 'NONE', #2962, 21.20000000000000995 ) ;
#775 = ORIENTED_EDGE ( 'NONE', *, *, #2797, .T. ) ;
#776 = CIRCLE ( 'NONE', #2310, 18.79999999999995453 ) ;
#777 = CARTESIAN_POINT ( 'NONE',  ( 23.17362411999790339, 25.29494446355755599, -1.162882121808238098E-15 ) ) ;
#778 = CIRCLE ( 'NONE', #2702, 4.200000000000001954 ) ;
#779 = ORIENTED_EDGE ( 'NONE', *, *, #1840, .T. ) ;
#780 = CARTESIAN_POINT ( 'NONE',  ( 34.00000000000000711, 34.00000000000000711, -31.00000000000000355 ) ) ;
#781 = CIRCLE ( 'NONE', #2706, 2.250000000000036859 ) ;
#782 = ADVANCED_FACE ( 'NONE', ( #2884 ), #1779, .T. ) ;
#783 = EDGE_CURVE ( 'NONE', #2214, #1166, #470, .T. ) ;
#784 = PERSON_AND_ORGANIZATION ( #2640, #2462 ) ;
#785 = CARTESIAN_POINT ( 'NONE',  ( 26.97049101750990374, 24.84917067395025470, -0.4292571824608787945 ) ) ;
#786 = CARTESIAN_POINT ( 'NONE',  ( -29.84960621293756589, 31.97092655649722559, -8.426596083036224982 ) ) ;
#787 = CARTESIAN_POINT ( 'NONE',  ( -18.79999999999995453, 2.302335982397018734E-15, 3.000000000000000000 ) ) ;
#788 = LINE ( 'NONE', #1778, #1428 ) ;
#789 = ORIENTED_EDGE ( 'NONE', *, *, #1902, .T. ) ;
#790 = DIRECTION ( 'NONE',  ( 1.000000000000000000, 0.000000000000000000, 0.000000000000000000 ) ) ;
#791 = CARTESIAN_POINT ( 'NONE',  ( 18.50000000000000000, 2.265596578422603396E-15, 2.700000000000046807 ) ) ;
#792 = ORIENTED_EDGE ( 'NONE', *, *, #1947, .F. ) ;
#793 = CARTESIAN_POINT ( 'NONE',  ( -29.50512168286699932, 38.49999999999999289, -4.102251244736617508 ) ) ;
#794 = CARTESIAN_POINT ( 'NONE',  ( 35.85000000000000853, 34.00000000000000711, 3.000999999999996781 ) ) ;
#795 = EDGE_LOOP ( 'NONE', ( #1001, #3345, #1029, #3176 ) ) ;
#796 = DIRECTION ( 'NONE',  ( 1.000000000000000000, 0.000000000000000000, 0.000000000000000000 ) ) ;
#797 = B_SPLINE_CURVE_WITH_KNOTS ( 'NONE', 3,
 ( #322, #1386, #897, #3243, #79, #2173, #1628, #1903, #3208, #864, #116, #590, #878, #2412, #1437, #2989, #1644, #1918, #2954, #46, #2740, #605 ),
 .UNSPECIFIED., .F., .F.,
 ( 4, 2, 2, 2, 2, 2, 2, 2, 2, 2, 4 ),
 ( 0.000000000000000000, 0.001817082036938808161, 0.003634164073877616322, 0.005451246110816424482, 0.007268328147755232643, 0.009085410184694041671, 0.009993951203163445318, 0.01090249222163284896, 0.01271957425857165452, 0.01362811527704106164, 0.01453665629551046876 ),
 .UNSPECIFIED. ) ;
#798 = EDGE_CURVE ( 'NONE', #53, #2210, #2870, .T. ) ;
#799 = ADVANCED_FACE ( 'NONE', ( #521 ), #1573, .F. ) ;
#800 = CARTESIAN_POINT ( 'NONE',  ( -25.38997063379898478, -32.00000000000000711, -1.735367792816799204 ) ) ;
#801 = DIRECTION ( 'NONE',  ( -0.000000000000000000, -0.000000000000000000, -1.000000000000000000 ) ) ;
#802 = AXIS2_PLACEMENT_3D ( 'NONE', #2995, #647, #696 ) ;
#803 = LINE ( 'NONE', #2511, #2908 ) ;
#804 = ORIENTED_EDGE ( 'NONE', *, *, #2297, .F. ) ;
#805 = FACE_OUTER_BOUND ( 'NONE', #2362, .T. ) ;
#806 = FACE_OUTER_BOUND ( 'NONE', #1089, .T. ) ;
#807 = VECTOR ( 'NONE', #2147, 1000.000000000000000 ) ;
#808 = ORIENTED_EDGE ( 'NONE', *, *, #611, .T. ) ;
#809 = CARTESIAN_POINT ( 'NONE',  ( -25.25917090579536861, -38.49999999999991473, -1.132934895025776489 ) ) ;
#810 = ORIENTED_EDGE ( 'NONE', *, *, #1505, .F. ) ;
#811 = FACE_BOUND ( 'NONE', #478, .T. ) ;
#812 = AXIS2_PLACEMENT_3D ( 'NONE', #128, #2506, #432 ) ;
#813 = CARTESIAN_POINT ( 'NONE',  ( -28.98789835730080711, -32.00000000000000711, -5.820318706178793988 ) ) ;
#814 = CARTESIAN_POINT ( 'NONE',  ( 19.63859338365493912, -32.00000000000000000, 0.000000000000000000 ) ) ;
#815 = VECTOR ( 'NONE', #2541, 1000.000000000000227 ) ;
#816 = EDGE_CURVE ( 'NONE', #2174, #2842, #2179, .T. ) ;
#817 = ADVANCED_FACE ( 'NONE', ( #2578 ), #231, .F. ) ;
#818 = CARTESIAN_POINT ( 'NONE',  ( 34.00000000000000711, 34.00000000000000711, -10.00000000000000178 ) ) ;
#819 = ORIENTED_EDGE ( 'NONE', *, *, #843, .T. ) ;
#820 = DIRECTION ( 'NONE',  ( -0.000000000000000000, -0.000000000000000000, -1.000000000000000000 ) ) ;
#821 = CARTESIAN_POINT ( 'NONE',  ( -16.22641105988292765, 14.10509071632327505, 2.700000000000001954 ) ) ;
#822 = ADVANCED_FACE ( 'NONE', ( #1015 ), #1581, .F. ) ;
#823 = EDGE_CURVE ( 'NONE', #2620, #1913, #2078, .T. ) ;
#824 = VERTEX_POINT ( 'NONE', #3185 ) ;
#825 = CARTESIAN_POINT ( 'NONE',  ( 0.000000000000000000, 0.000000000000000000, 2.700000000000046807 ) ) ;
#826 = FACE_OUTER_BOUND ( 'NONE', #1744, .T. ) ;
#827 = AXIS2_PLACEMENT_3D ( 'NONE', #3353, #247, #1012 ) ;
#828 = ORIENTED_EDGE ( 'NONE', *, *, #1687, .T. ) ;
#829 = CARTESIAN_POINT ( 'NONE',  ( 29.24114570036639549, 31.99999999999999289, -6.373171791892812799 ) ) ;
#830 = AXIS2_PLACEMENT_3D ( 'NONE', #3037, #458, #687 ) ;
#831 = CARTESIAN_POINT ( 'NONE',  ( -28.07670659031096250, -30.19802693387059733, -3.335556130470675562 ) ) ;
#832 = CONICAL_SURFACE ( 'NONE', #1049, 18.50000000000000000, 0.7853981633974541632 ) ;
#833 = AXIS2_PLACEMENT_3D ( 'NONE', #756, #2602, #1326 ) ;
#834 = VERTEX_POINT ( 'NONE', #346 ) ;
#835 = CARTESIAN_POINT ( 'NONE',  ( -24.86262114459425021, 22.74130080103461182, 0.000000000000000000 ) ) ;
#836 = DIRECTION ( 'NONE',  ( 1.000000000000000000, 0.000000000000000000, 0.000000000000000000 ) ) ;
#837 = DIRECTION ( 'NONE',  ( 0.7071067811865474617, -0.7071067811865476838, 0.000000000000000000 ) ) ;
#838 = EDGE_LOOP ( 'NONE', ( #2551, #2120, #2035, #1368, #757, #111 ) ) ;
#839 = LINE ( 'NONE', #2436, #2288 ) ;
#840 = CARTESIAN_POINT ( 'NONE',  ( 24.35167120567847476, -32.00000000000000711, -1.125222183225090822 ) ) ;
#841 = EDGE_LOOP ( 'NONE', ( #600, #212, #1518, #1353 ) ) ;
#842 = DIRECTION ( 'NONE',  ( -0.000000000000000000, 0.000000000000000000, 1.000000000000000000 ) ) ;
#843 = EDGE_CURVE ( 'NONE', #2381, #860, #1470, .T. ) ;
#844 = DIRECTION ( 'NONE',  ( -1.000000000000000000, 0.000000000000000000, 0.000000000000000000 ) ) ;
#845 = EDGE_CURVE ( 'NONE', #681, #1335, #1358, .T. ) ;
#846 = ORIENTED_EDGE ( 'NONE', *, *, #883, .F. ) ;
#847 = CARTESIAN_POINT ( 'NONE',  ( 28.01903382393679820, 31.99999999999999289, -4.259590356345210438 ) ) ;
#848 = DIRECTION ( 'NONE',  ( -0.7071067811865474617, 0.7071067811865476838, 0.000000000000000000 ) ) ;
#849 = EDGE_LOOP ( 'NONE', ( #2353, #1082 ) ) ;
#850 = DIRECTION ( 'NONE',  ( -0.000000000000000000, 0.000000000000000000, -1.000000000000000000 ) ) ;
#851 = DIRECTION ( 'NONE',  ( -0.000000000000000000, -0.000000000000000000, -1.000000000000000000 ) ) ;
#852 = LINE ( 'NONE', #1129, #1826 ) ;
#853 = EDGE_LOOP ( 'NONE', ( #195, #3256, #555, #92 ) ) ;
#854 = FACE_OUTER_BOUND ( 'NONE', #2721, .T. ) ;
#855 = CARTESIAN_POINT ( 'NONE',  ( -38.49999999999993605, -28.08300307669586360, -2.918774861815973232 ) ) ;
#856 = AXIS2_PLACEMENT_3D ( 'NONE', #1974, #1480, #663 ) ;
#857 = DIRECTION ( 'NONE',  ( 1.000000000000000000, 0.000000000000000000, 0.000000000000000000 ) ) ;
#858 = TOROIDAL_SURFACE ( 'NONE', #318, 14.50000000000000178, 10.00000000000000000 ) ;
#859 = DIRECTION ( 'NONE',  ( -0.000000000000000000, -0.000000000000000000, -1.000000000000000000 ) ) ;
#860 = VERTEX_POINT ( 'NONE', #2389 ) ;
#861 = EDGE_CURVE ( 'NONE', #2423, #1887, #839, .T. ) ;
#862 = CARTESIAN_POINT ( 'NONE',  ( 28.36722254078911831, 32.00000000000000711, -4.760820730673440693 ) ) ;
#863 = ADVANCED_FACE ( 'NONE', ( #805 ), #858, .F. ) ;
#864 = CARTESIAN_POINT ( 'NONE',  ( -32.00000000000000711, 26.82517373908323322, -2.884925936311633521 ) ) ;
#865 = ORIENTED_EDGE ( 'NONE', *, *, #2191, .T. ) ;
#866 = CARTESIAN_POINT ( 'NONE',  ( -29.62975700707016458, -32.00000000000000000, -7.526069970485690597 ) ) ;
#867 = CARTESIAN_POINT ( 'NONE',  ( 0.000000000000000000, 0.000000000000000000, 3.000000000000000000 ) ) ;
#868 = DIRECTION ( 'NONE',  ( -0.000000000000000000, -0.000000000000000000, 1.000000000000000000 ) ) ;
#869 = ORIENTED_EDGE ( 'NONE', *, *, #2093, .F. ) ;
#870 = VECTOR ( 'NONE', #2703, 1000.000000000000114 ) ;
#871 = CARTESIAN_POINT ( 'NONE',  ( 0.000000000000000000, 0.000000000000000000, 0.000000000000000000 ) ) ;
#872 = VECTOR ( 'NONE', #2505, 1000.000000000000000 ) ;
#873 = VERTEX_POINT ( 'NONE', #2963 ) ;
#874 = DIRECTION ( 'NONE',  ( 1.000000000000000000, -1.541976423090496028E-15, 0.000000000000000000 ) ) ;
#875 = CARTESIAN_POINT ( 'NONE',  ( 13.89243315368298148, -16.01375349724262520, 3.000000000000000000 ) ) ;
#876 = VERTEX_POINT ( 'NONE', #1862 ) ;
#877 = CARTESIAN_POINT ( 'NONE',  ( 22.05206502183962414, 32.00000000000000711, -0.2704498387654431513 ) ) ;
#878 = CARTESIAN_POINT ( 'NONE',  ( -32.00000000000000000, 28.01903382393683728, -4.259590356345266393 ) ) ;
#879 = AXIS2_PLACEMENT_3D ( 'NONE', #595, #2628, #1341 ) ;
#880 = VECTOR ( 'NONE', #638, 1000.000000000000227 ) ;
#881 = AXIS2_PLACEMENT_3D ( 'NONE', #3257, #2509, #3005 ) ;
#882 = CARTESIAN_POINT ( 'NONE',  ( -28.16716104084991557, -26.04584069729029494, -1.119808028364584596 ) ) ;
#883 = EDGE_CURVE ( 'NONE', #455, #1913, #85, .T. ) ;
#884 = DIRECTION ( 'NONE',  ( 1.000000000000000000, 0.000000000000000000, 0.000000000000000000 ) ) ;
#885 = CC_DESIGN_PERSON_AND_ORGANIZATION_ASSIGNMENT ( #784, #2609, ( #1369 ) ) ;
#886 = AXIS2_PLACEMENT_3D ( 'NONE', #1760, #1503, #2268 ) ;
#887 = APPROVAL_ROLE ( '' ) ;
#888 = EDGE_LOOP ( 'NONE', ( #643, #364, #2680, #144 ) ) ;
#889 = CARTESIAN_POINT ( 'NONE',  ( -32.00000000000000000, 29.87867965644035095, 3.000000000000000000 ) ) ;
#890 = CARTESIAN_POINT ( 'NONE',  ( 29.79191074764713321, -31.99999999999998579, -8.120324244561373916 ) ) ;
#891 = AXIS2_PLACEMENT_3D ( 'NONE', #2414, #65, #1111 ) ;
#892 = ORIENTED_EDGE ( 'NONE', *, *, #1440, .T. ) ;
#893 = LINE ( 'NONE', #2949, #276 ) ;
#894 = CARTESIAN_POINT ( 'NONE',  ( 0.000000000000000000, 0.000000000000000000, 3.000000000000000000 ) ) ;
#895 = ORIENTED_EDGE ( 'NONE', *, *, #1053, .T. ) ;
#896 = LINE ( 'NONE', #1626, #3173 ) ;
#897 = CARTESIAN_POINT ( 'NONE',  ( -32.00000000000000000, 20.85992855152132819, -0.05532509882921937683 ) ) ;
#898 = ORIENTED_EDGE ( 'NONE', *, *, #1919, .F. ) ;
#899 = CARTESIAN_POINT ( 'NONE',  ( -38.49999999999997868, 34.00000000000000711, -10.00000000000000178 ) ) ;
#900 = DIRECTION ( 'NONE',  ( -0.7071067811865602293, 8.659560562355086933E-17, 0.7071067811865348052 ) ) ;
#901 = EDGE_CURVE ( 'NONE', #1953, #1219, #3216, .T. ) ;
#902 = EDGE_LOOP ( 'NONE', ( #1894, #1723, #2269, #1306, #2581, #2575, #2970 ) ) ;
#903 = ADVANCED_FACE ( 'NONE', ( #854 ), #1602, .T. ) ;
#904 = DIRECTION ( 'NONE',  ( -0.000000000000000000, -0.000000000000000000, 1.000000000000000000 ) ) ;
#905 = LINE ( 'NONE', #445, #614 ) ;
#906 = EDGE_LOOP ( 'NONE', ( #995, #2639, #1143, #953, #3268, #1020 ) ) ;
#907 = DIRECTION ( 'NONE',  ( 1.000000000000000000, 0.000000000000000000, 0.000000000000000000 ) ) ;
#908 = B_SPLINE_CURVE_WITH_KNOTS ( 'NONE', 3,
 ( #113, #2188, #2138, #877, #1936, #2972, #385, #1696, #641, #1435, #1152, #1106, #847, #862, #2953, #3177, #829, #2207, #625, #1125, #45, #2670 ),
 .UNSPECIFIED., .F., .F.,
 ( 4, 2, 2, 2, 2, 2, 2, 2, 2, 2, 4 ),
 ( 0.000000000000000000, 0.001817082036938799921, 0.003634164073877599842, 0.005451246110816400196, 0.007268328147755199684, 0.009085410184694000038, 0.009993951203163398481, 0.01090249222163279692, 0.01271957425857159034, 0.01362811527704098878, 0.01453665629551038029 ),
 .UNSPECIFIED. ) ;
#909 = DIRECTION ( 'NONE',  ( 1.000000000000000000, 0.000000000000000000, -0.000000000000000000 ) ) ;
#910 = CIRCLE ( 'NONE', #2835, 1.849999999999997424 ) ;
#911 = ORIENTED_EDGE ( 'NONE', *, *, #783, .T. ) ;
#912 = DIRECTION ( 'NONE',  ( 1.000000000000000000, 0.000000000000000000, 0.000000000000000000 ) ) ;
#913 = CARTESIAN_POINT ( 'NONE',  ( 27.13309431909520342, 29.25441466265484891, -2.094548177651331944 ) ) ;
#914 = ORIENTED_EDGE ( 'NONE', *, *, #1072, .F. ) ;
#915 = CARTESIAN_POINT ( 'NONE',  ( -21.20000000000000995, 0.000000000000000000, 3.000000000000000000 ) ) ;
#916 = CARTESIAN_POINT ( 'NONE',  ( 16.08464059245187272, -13.96332024889219525, 2.900001759411825919 ) ) ;
#917 = EDGE_LOOP ( 'NONE', ( #411, #2186 ) ) ;
#918 = CARTESIAN_POINT ( 'NONE',  ( 34.00000000000000711, -34.00000000000000711, -31.40000000000002345 ) ) ;
#919 = CARTESIAN_POINT ( 'NONE',  ( 23.86879751986304043, -38.49999999999991473, -0.5949300883504412552 ) ) ;
#920 = ADVANCED_FACE ( 'NONE', ( #2420 ), #1927, .T. ) ;
#921 = AXIS2_PLACEMENT_3D ( 'NONE', #1674, #2798, #1724 ) ;
#922 = VERTEX_POINT ( 'NONE', #2405 ) ;
#923 = DIRECTION ( 'NONE',  ( -1.000000000000000000, -3.061276722312013477E-16, 0.000000000000000000 ) ) ;
#924 = CARTESIAN_POINT ( 'NONE',  ( 31.99999999999997868, -29.62975700707002957, -7.526069970485142591 ) ) ;
#925 = APPROVAL_PERSON_ORGANIZATION ( #937, #1506, #2515 ) ;
#926 = PLANE ( 'NONE',  #294 ) ;
#927 = EDGE_CURVE ( 'NONE', #2156, #1785, #2163, .T. ) ;
#928 = ADVANCED_FACE ( 'NONE', ( #2713 ), #1911, .F. ) ;
#929 = ORIENTED_EDGE ( 'NONE', *, *, #2150, .F. ) ;
#930 = CARTESIAN_POINT ( 'NONE',  ( 28.08296541402047808, 38.49999999999999289, -2.918744972641920565 ) ) ;
#931 = FACE_OUTER_BOUND ( 'NONE', #3190, .T. ) ;
#932 = ORIENTED_EDGE ( 'NONE', *, *, #798, .T. ) ;
#933 = CARTESIAN_POINT ( 'NONE',  ( -25.40132141337337401, 32.00000000000000711, -1.742830765874985754 ) ) ;
#934 = CARTESIAN_POINT ( 'NONE',  ( -31.19999999999999574, 34.00000000000000711, -31.00000000000000355 ) ) ;
#935 = CARTESIAN_POINT ( 'NONE',  ( 38.49999999999992895, -32.33972353424193358, -7.526734355036021284 ) ) ;
#936 = TOROIDAL_SURFACE ( 'NONE', #2805, 14.49999999999999645, 10.00000000000000000 ) ;
#937 = PERSON_AND_ORGANIZATION ( #2640, #2462 ) ;
#938 = ORIENTED_EDGE ( 'NONE', *, *, #2793, .T. ) ;
#939 = CARTESIAN_POINT ( 'NONE',  ( -16.22641105988290988, -14.10509071632328570, 2.700000000000001954 ) ) ;
#940 = CARTESIAN_POINT ( 'NONE',  ( 26.87227109147091042, -38.49999999999990052, -2.047681420432136967 ) ) ;
#941 = AXIS2_PLACEMENT_3D ( 'NONE', #2488, #1497, #139 ) ;
#942 = ORIENTED_EDGE ( 'NONE', *, *, #2335, .F. ) ;
#943 = DIRECTION ( 'NONE',  ( -0.000000000000000000, 0.000000000000000000, 1.000000000000000000 ) ) ;
#944 = AXIS2_PLACEMENT_3D ( 'NONE', #1355, #1599, #1075 ) ;
#945 = CARTESIAN_POINT ( 'NONE',  ( 31.99999999999999289, -23.79182546617542116, -0.8582643753765837324 ) ) ;
#946 = CARTESIAN_POINT ( 'NONE',  ( -31.99999999999999289, -29.23169528707077802, -6.387214023458627210 ) ) ;
#947 = EDGE_LOOP ( 'NONE', ( #3184, #869 ) ) ;
#948 = CARTESIAN_POINT ( 'NONE',  ( 20.96593953179756653, 38.50000000000000000, -8.922080377745290331E-17 ) ) ;
#949 = EDGE_CURVE ( 'NONE', #1230, #2431, #70, .T. ) ;
#950 = ADVANCED_FACE ( 'NONE', ( #1619 ), #1024, .T. ) ;
#951 = DIRECTION ( 'NONE',  ( -0.000000000000000000, 0.000000000000000000, 1.000000000000000000 ) ) ;
#952 = B_SPLINE_CURVE_WITH_KNOTS ( 'NONE', 3,
 ( #955, #1733, #628, #1943, #1444, #389, #2709, #1665, #612, #2773, #356, #1160, #133, #2193, #423, #2743, #2483, #3026, #1457, #1970, #1680, #1173 ),
 .UNSPECIFIED., .F., .F.,
 ( 4, 2, 2, 2, 2, 2, 2, 2, 2, 2, 4 ),
 ( 0.000000000000000000, 0.002220585806104707471, 0.003330878709157060989, 0.004441171612209414941, 0.006661757418314112437, 0.007772050321366456849, 0.008882343224418802127, 0.01332351483662818151, 0.01554410064273286513, 0.01665439354578520520, 0.01776468644883754874 ),
 .UNSPECIFIED. ) ;
#953 = ORIENTED_EDGE ( 'NONE', *, *, #118, .T. ) ;
#954 = CARTESIAN_POINT ( 'NONE',  ( 26.77995624635642002, -28.90127658991606552, -1.735336486519420740 ) ) ;
#955 = CARTESIAN_POINT ( 'NONE',  ( 38.49999999999995026, 20.21595124790977493, 0.000000000000000000 ) ) ;
#956 = CARTESIAN_POINT ( 'NONE',  ( -33.99999999999999289, 34.00000000000000711, -31.00000000000000355 ) ) ;
#957 = VERTEX_POINT ( 'NONE', #1099 ) ;
#958 = CARTESIAN_POINT ( 'NONE',  ( -16.15552642932789240, -14.03420608576826822, 2.800001734771417006 ) ) ;
#959 = FACE_OUTER_BOUND ( 'NONE', #9, .T. ) ;
#960 = AXIS2_PLACEMENT_3D ( 'NONE', #2348, #1126, #1366 ) ;
#961 = ORIENTED_EDGE ( 'NONE', *, *, #2839, .F. ) ;
#962 = DIRECTION ( 'NONE',  ( -0.000000000000000000, 0.000000000000000000, 1.000000000000000000 ) ) ;
#963 = CARTESIAN_POINT ( 'NONE',  ( -32.00000000000001421, -29.79191074764718294, -8.120324244561649252 ) ) ;
#964 = ORIENTED_EDGE ( 'NONE', *, *, #2072, .T. ) ;
#965 = DIRECTION ( 'NONE',  ( 1.000000000000000000, 0.000000000000000000, 0.000000000000000000 ) ) ;
#966 = EDGE_CURVE ( 'NONE', #3035, #1935, #2232, .T. ) ;
#967 = EDGE_CURVE ( 'NONE', #1579, #2982, #3259, .T. ) ;
#968 = ORIENTED_EDGE ( 'NONE', *, *, #49, .T. ) ;
#969 = CARTESIAN_POINT ( 'NONE',  ( 28.85227903223890067, -30.97359937579855327, -4.770121381240488567 ) ) ;
#970 = CARTESIAN_POINT ( 'NONE',  ( -38.49999999999995737, 26.87223755492905752, -2.047659821427962434 ) ) ;
#971 = AXIS2_PLACEMENT_3D ( 'NONE', #1201, #3033, #683 ) ;
#972 = DIRECTION ( 'NONE',  ( -1.000000000000000000, 0.000000000000000000, 0.000000000000000000 ) ) ;
#973 = EDGE_CURVE ( 'NONE', #2982, #1166, #253, .T. ) ;
#974 = CARTESIAN_POINT ( 'NONE',  ( 31.57124403053983386, 29.44992368698018836, -6.383885799650981241 ) ) ;
#975 = LINE ( 'NONE', #3065, #1218 ) ;
#976 = FACE_OUTER_BOUND ( 'NONE', #264, .T. ) ;
#977 = ORIENTED_EDGE ( 'NONE', *, *, #535, .F. ) ;
#978 = ORIENTED_EDGE ( 'NONE', *, *, #2438, .F. ) ;
#979 = DIRECTION ( 'NONE',  ( -0.000000000000000000, -0.000000000000000000, -1.000000000000000000 ) ) ;
#980 = CARTESIAN_POINT ( 'NONE',  ( -33.99999999999999289, 34.00000000000000711, -31.00000000000000355 ) ) ;
#981 = EDGE_LOOP ( 'NONE', ( #2413, #2029 ) ) ;
#982 = CARTESIAN_POINT ( 'NONE',  ( 25.92024632332393708, 38.50000000000000000, -1.467486569550430664 ) ) ;
#983 = CIRCLE ( 'NONE', #3221, 4.499999999999997335 ) ;
#984 = CARTESIAN_POINT ( 'NONE',  ( 0.000000000000000000, 0.000000000000000000, 0.000000000000000000 ) ) ;
#985 = VECTOR ( 'NONE', #2599, 1000.000000000000227 ) ;
#986 = EDGE_LOOP ( 'NONE', ( #3223, #435, #3145, #1384, #1992, #1847 ) ) ;
#987 = CARTESIAN_POINT ( 'NONE',  ( -24.35167120567846766, 32.00000000000002132, -1.125222183225096817 ) ) ;
#988 = CARTESIAN_POINT ( 'NONE',  ( -33.99999999999999289, 34.00000000000000711, 3.000000000000000000 ) ) ;
#989 = DIRECTION ( 'NONE',  ( 1.000000000000000000, 0.000000000000000000, 0.000000000000000000 ) ) ;
#990 = EDGE_CURVE ( 'NONE', #301, #1105, #41, .T. ) ;
#991 = CARTESIAN_POINT ( 'NONE',  ( 28.16716104084984096, 26.04584069729018481, -1.119808028364505548 ) ) ;
#992 = DIRECTION ( 'NONE',  ( -1.000000000000000000, 0.000000000000000000, 0.000000000000000000 ) ) ;
#993 = AXIS2_PLACEMENT_3D ( 'NONE', #2858, #2096, #1069 ) ;
#994 = CARTESIAN_POINT ( 'NONE',  ( 34.00000000000000711, -34.00000000000000711, 3.000999999999996781 ) ) ;
#995 = ORIENTED_EDGE ( 'NONE', *, *, #362, .T. ) ;
#996 = VECTOR ( 'NONE', #1264, 1000.000000000000000 ) ;
#997 = ORIENTED_EDGE ( 'NONE', *, *, #1590, .T. ) ;
#998 = CONICAL_SURFACE ( 'NONE', #2911, 4.200000000000009059, 0.7853981633974237431 ) ;
#999 = DIRECTION ( 'NONE',  ( -1.000000000000000000, 0.000000000000000000, 0.000000000000000000 ) ) ;
#1000 = CARTESIAN_POINT ( 'NONE',  ( 38.49999999999996447, 34.00000000000001421, 2.699999999999991296 ) ) ;
#1001 = ORIENTED_EDGE ( 'NONE', *, *, #1523, .T. ) ;
#1002 = CIRCLE ( 'NONE', #1446, 4.499999999999997335 ) ;
#1003 = CARTESIAN_POINT ( 'NONE',  ( -34.00000000000000711, 34.00000000000000711, -31.40000000000002345 ) ) ;
#1004 = VERTEX_POINT ( 'NONE', #2500 ) ;
#1005 = CARTESIAN_POINT ( 'NONE',  ( 34.00000000000000711, -34.00000000000000711, -31.40000000000002345 ) ) ;
#1006 = CARTESIAN_POINT ( 'NONE',  ( -31.19999999999999574, -33.99999999999999289, 3.000000000000000000 ) ) ;
#1007 = CARTESIAN_POINT ( 'NONE',  ( 16.08464059245185496, 13.96332024889221124, 2.900001759411825919 ) ) ;
#1008 = CARTESIAN_POINT ( 'NONE',  ( 31.08698659907962991, 28.96566625551997731, -5.031748768305444486 ) ) ;
#1009 = CARTESIAN_POINT ( 'NONE',  ( -28.08068948466885217, 30.20200982822852254, -3.322216430284328670 ) ) ;
#1010 = EDGE_CURVE ( 'NONE', #2292, #1526, #172, .T. ) ;
#1011 = EDGE_CURVE ( 'NONE', #2765, #474, #3374, .T. ) ;
#1012 = DIRECTION ( 'NONE',  ( 1.000000000000000000, 0.000000000000000000, 0.000000000000000000 ) ) ;
#1013 = ORIENTED_EDGE ( 'NONE', *, *, #611, .F. ) ;
#1014 = EDGE_LOOP ( 'NONE', ( #373, #1447, #2926, #2377, #1151, #2220, #3356 ) ) ;
#1015 = FACE_OUTER_BOUND ( 'NONE', #1062, .T. ) ;
#1016 = DIRECTION ( 'NONE',  ( 1.000000000000000000, 0.000000000000000000, 0.000000000000000000 ) ) ;
#1017 = ORIENTED_EDGE ( 'NONE', *, *, #477, .F. ) ;
#1018 = CARTESIAN_POINT ( 'NONE',  ( -25.92027583992106798, 38.49999999999997868, -1.467502236493327894 ) ) ;
#1019 = CARTESIAN_POINT ( 'NONE',  ( -29.50507994874951123, -38.49999999999992895, -4.102210700728147863 ) ) ;
#1020 = ORIENTED_EDGE ( 'NONE', *, *, #2250, .F. ) ;
#1021 = FACE_OUTER_BOUND ( 'NONE', #888, .T. ) ;
#1022 = LINE ( 'NONE', #1766, #1212 ) ;
#1023 = DIRECTION ( 'NONE',  ( 1.000000000000000000, 0.000000000000000000, 0.000000000000000000 ) ) ;
#1024 = CONICAL_SURFACE ( 'NONE', #2725, 21.20000000000000995, 0.7853981633974309595 ) ;
#1025 = AXIS2_PLACEMENT_3D ( 'NONE', #2354, #1830, #724 ) ;
#1026 = LINE ( 'NONE', #2082, #483 ) ;
#1027 = CARTESIAN_POINT ( 'NONE',  ( -1.169407707923189070E-14, 38.19999999999999574, 3.000000000000000000 ) ) ;
#1028 = DIRECTION ( 'NONE',  ( -0.000000000000000000, -0.000000000000000000, 1.000000000000000000 ) ) ;
#1029 = ORIENTED_EDGE ( 'NONE', *, *, #496, .T. ) ;
#1030 = CARTESIAN_POINT ( 'NONE',  ( -29.87867965644037938, -32.00000000000000000, -8.730026166412548250 ) ) ;
#1031 = EDGE_LOOP ( 'NONE', ( #3172, #2558 ) ) ;
#1032 = PLANE ( 'NONE',  #1634 ) ;
#1033 = DIRECTION ( 'NONE',  ( 0.000000000000000000, -0.000000000000000000, -1.000000000000000000 ) ) ;
#1034 = ORIENTED_EDGE ( 'NONE', *, *, #634, .T. ) ;
#1035 = CARTESIAN_POINT ( 'NONE',  ( 29.50000000000001066, -33.99999999999999289, -37.00000000000000000 ) ) ;
#1036 = EDGE_CURVE ( 'NONE', #2889, #455, #1426, .T. ) ;
#1037 = VERTEX_POINT ( 'NONE', #2230 ) ;
#1038 = VECTOR ( 'NONE', #2667, 1000.000000000000000 ) ;
#1039 = FACE_OUTER_BOUND ( 'NONE', #742, .T. ) ;
#1040 = CARTESIAN_POINT ( 'NONE',  ( 25.29541745467991376, 23.17409711112026827, -1.807003620809174570E-17 ) ) ;
#1041 = CARTESIAN_POINT ( 'NONE',  ( -13.89243315368296905, 16.01375349724263941, 3.000000000000000000 ) ) ;
#1042 = CARTESIAN_POINT ( 'NONE',  ( -31.94191508395885393, 29.82059474039919067, -8.123812770479817758 ) ) ;
#1043 = ORIENTED_EDGE ( 'NONE', *, *, #224, .F. ) ;
#1044 = CARTESIAN_POINT ( 'NONE',  ( 34.00000000000000711, -33.99999999999999289, 0.000000000000000000 ) ) ;
#1045 = AXIS2_PLACEMENT_3D ( 'NONE', #818, #2434, #83 ) ;
#1046 = DIRECTION ( 'NONE',  ( -0.000000000000000000, -0.000000000000000000, -1.000000000000000000 ) ) ;
#1047 = VECTOR ( 'NONE', #2975, 1000.000000000000114 ) ;
#1048 = ORIENTED_EDGE ( 'NONE', *, *, #427, .T. ) ;
#1049 = AXIS2_PLACEMENT_3D ( 'NONE', #3297, #3248, #120 ) ;
#1050 = LINE ( 'NONE', #2060, #2514 ) ;
#1051 = AXIS2_PLACEMENT_3D ( 'NONE', #430, #2501, #156 ) ;
#1052 = ORIENTED_EDGE ( 'NONE', *, *, #2550, .T. ) ;
#1053 = EDGE_CURVE ( 'NONE', #2990, #1509, #2991, .T. ) ;
#1054 = DIRECTION ( 'NONE',  ( -1.000000000000000000, 0.000000000000000000, 0.000000000000000000 ) ) ;
#1055 = EDGE_CURVE ( 'NONE', #2018, #3111, #444, .T. ) ;
#1056 = DIRECTION ( 'NONE',  ( 0.000000000000000000, -0.000000000000000000, 1.000000000000000000 ) ) ;
#1057 = AXIS2_PLACEMENT_3D ( 'NONE', #1808, #2847, #992 ) ;
#1058 = AXIS2_PLACEMENT_3D ( 'NONE', #765, #188, #2311 ) ;
#1059 = CARTESIAN_POINT ( 'NONE',  ( -19.63859338365492135, -32.00000000000000000, 0.000000000000000000 ) ) ;
#1060 = FACE_OUTER_BOUND ( 'NONE', #1097, .T. ) ;
#1061 = DIRECTION ( 'NONE',  ( 0.000000000000000000, -0.000000000000000000, -1.000000000000000000 ) ) ;
#1062 = EDGE_LOOP ( 'NONE', ( #1176, #2547, #754, #1871, #621, #1673, #3077, #2206, #2742, #2068 ) ) ;
#1063 = DIRECTION ( 'NONE',  ( 1.000000000000000000, 0.000000000000000000, 0.000000000000000000 ) ) ;
#1064 = CARTESIAN_POINT ( 'NONE',  ( -18.50000000000000000, 0.000000000000000000, 0.000000000000000000 ) ) ;
#1065 = ORIENTED_EDGE ( 'NONE', *, *, #2335, .T. ) ;
#1066 = CARTESIAN_POINT ( 'NONE',  ( -27.78980546374027583, -38.49999999999992895, -2.690876094217212966 ) ) ;
#1067 = AXIS2_PLACEMENT_3D ( 'NONE', #1005, #3163, #796 ) ;
#1068 = ORIENTED_EDGE ( 'NONE', *, *, #496, .F. ) ;
#1069 = DIRECTION ( 'NONE',  ( 0.000000000000000000, 0.000000000000000000, 1.000000000000000000 ) ) ;
#1070 = FACE_BOUND ( 'NONE', #981, .T. ) ;
#1071 = ADVANCED_FACE ( 'NONE', ( #2763 ), #1301, .T. ) ;
#1072 = EDGE_CURVE ( 'NONE', #873, #573, #2245, .T. ) ;
#1073 = CARTESIAN_POINT ( 'NONE',  ( 34.00000000000000711, 34.00000000000000711, -10.00000000000000178 ) ) ;
#1074 = EDGE_CURVE ( 'NONE', #2156, #1828, #2294, .T. ) ;
#1075 = DIRECTION ( 'NONE',  ( -1.000000000000000000, 0.000000000000000000, 0.000000000000000000 ) ) ;
#1076 = PRODUCT_RELATED_PRODUCT_CATEGORY ( 'detail', '', ( #2564 ) ) ;
#1077 = AXIS2_PLACEMENT_3D ( 'NONE', #2955, #34, #1354 ) ;
#1078 = LINE ( 'NONE', #36, #3127 ) ;
#1079 = ORIENTED_EDGE ( 'NONE', *, *, #2227, .F. ) ;
#1080 = CARTESIAN_POINT ( 'NONE',  ( -38.49999999999994316, -1.178591538090123066E-14, 2.699999999999991296 ) ) ;
#1081 = CARTESIAN_POINT ( 'NONE',  ( 28.83706503722580905, -32.00000000000000000, -5.556282366869768730 ) ) ;
#1082 = ORIENTED_EDGE ( 'NONE', *, *, #2399, .T. ) ;
#1083 = CARTESIAN_POINT ( 'NONE',  ( -35.85000000000000853, 34.00000000000000711, 3.000999999999996781 ) ) ;
#1084 = B_SPLINE_CURVE_WITH_KNOTS ( 'NONE', 3,
 ( #1088, #2139, #1153, #62, #1107, #371, #3224, #3178, #1937, #2973, #831, #1677, #1889, #2723, #1418, #2461, #2925, #2157, #1508, #3306, #437, #656 ),
 .UNSPECIFIED., .F., .F.,
 ( 4, 2, 2, 2, 2, 2, 2, 2, 2, 2, 4 ),
 ( 0.000000000000000000, 0.001809287644194674301, 0.002713931466292011669, 0.003618575288389348603, 0.005427862932584023338, 0.006332506754681356369, 0.007237150576778689400, 0.009046438220973354594, 0.01085572586516802066, 0.01266501350936268845, 0.01447430115355735278 ),
 .UNSPECIFIED. ) ;
#1085 = CARTESIAN_POINT ( 'NONE',  ( 34.00000000000000711, -34.00000000000000711, 3.000999999999996781 ) ) ;
#1086 = ORIENTED_EDGE ( 'NONE', *, *, #1880, .T. ) ;
#1087 = DIRECTION ( 'NONE',  ( -0.000000000000000000, -0.000000000000000000, -1.000000000000000000 ) ) ;
#1088 = CARTESIAN_POINT ( 'NONE',  ( -29.87867965644037938, -32.00000000000000000, -8.730026166412548250 ) ) ;
#1089 = EDGE_LOOP ( 'NONE', ( #2468, #37, #2749, #1736 ) ) ;
#1090 = LOCAL_TIME ( 15, 17, 1.000000000000000000, #3061 ) ;
#1091 = CARTESIAN_POINT ( 'NONE',  ( -20.85992855152133885, -32.00000000000000000, -0.05532509882922263117 ) ) ;
#1092 = LINE ( 'NONE', #2143, #1834 ) ;
#1093 = VECTOR ( 'NONE', #2477, 1000.000000000000000 ) ;
#1094 = VECTOR ( 'NONE', #1578, 1000.000000000000000 ) ;
#1095 = DIRECTION ( 'NONE',  ( -0.000000000000000000, -0.000000000000000000, -1.000000000000000000 ) ) ;
#1096 = EDGE_CURVE ( 'NONE', #922, #2600, #1632, .T. ) ;
#1097 = EDGE_LOOP ( 'NONE', ( #1629, #2669, #685, #961 ) ) ;
#1098 = ADVANCED_FACE ( 'NONE', ( #155 ), #394, .T. ) ;
#1099 = CARTESIAN_POINT ( 'NONE',  ( 35.85000000000000853, 34.00000000000000711, -37.00000000000000000 ) ) ;
#1100 = CARTESIAN_POINT ( 'NONE',  ( 26.82255460675457925, -31.99999999999999289, -2.882874334597863353 ) ) ;
#1101 = ORIENTED_EDGE ( 'NONE', *, *, #1821, .T. ) ;
#1102 = LINE ( 'NONE', #58, #2686 ) ;
#1103 = CYLINDRICAL_SURFACE ( 'NONE', #2916, 4.500000000000003553 ) ;
#1104 = CIRCLE ( 'NONE', #3014, 1.849999999999997424 ) ;
#1105 = VERTEX_POINT ( 'NONE', #2778 ) ;
#1106 = CARTESIAN_POINT ( 'NONE',  ( 27.83482127780848359, 32.00000000000000711, -4.017719773609948142 ) ) ;
#1107 = CARTESIAN_POINT ( 'NONE',  ( -29.44265553164965965, -31.56397587520928028, -6.395264255019180055 ) ) ;
#1108 = AXIS2_PLACEMENT_3D ( 'NONE', #3158, #3338, #2885 ) ;
#1109 = ORIENTED_EDGE ( 'NONE', *, *, #2126, .F. ) ;
#1110 = CIRCLE ( 'NONE', #3023, 14.50000000000000178 ) ;
#1111 = DIRECTION ( 'NONE',  ( 1.000000000000000000, 0.000000000000000000, 0.000000000000000000 ) ) ;
#1112 = CARTESIAN_POINT ( 'NONE',  ( -38.50000000000000000, 34.00000000000000711, 3.000000000000000000 ) ) ;
#1113 = CARTESIAN_POINT ( 'NONE',  ( -21.50000000000000000, 0.000000000000000000, 2.700000000000001954 ) ) ;
#1114 = EDGE_LOOP ( 'NONE', ( #44, #2328, #1291, #3249 ) ) ;
#1115 = B_SPLINE_CURVE_WITH_KNOTS ( 'NONE', 3,
 ( #1059, #3164, #1091, #578, #3181, #2114, #3152, #800, #2677, #2142, #2909, #1127, #2175, #1872, #2927, #813, #563, #2693, #866, #1372, #1615, #1857 ),
 .UNSPECIFIED., .F., .F.,
 ( 4, 2, 2, 2, 2, 2, 2, 2, 2, 2, 4 ),
 ( 0.000000000000000000, 0.001817082036938842422, 0.003634164073877684843, 0.005451246110816527699, 0.007268328147755369686, 0.009085410184694211674, 0.009993951203163632668, 0.01090249222163305540, 0.01271957425857189738, 0.01362811527704131838, 0.01453665629551073937 ),
 .UNSPECIFIED. ) ;
#1116 = DIRECTION ( 'NONE',  ( 1.000000000000000000, 0.000000000000000000, 0.000000000000000000 ) ) ;
#1117 = CARTESIAN_POINT ( 'NONE',  ( -38.49999999999996447, -33.79382362373560511, -9.692650751062366510 ) ) ;
#1118 = EDGE_CURVE ( 'NONE', #1926, #2256, #3282, .T. ) ;
#1119 = EDGE_CURVE ( 'NONE', #216, #3156, #147, .T. ) ;
#1120 = VERTEX_POINT ( 'NONE', #2009 ) ;
#1121 = DIRECTION ( 'NONE',  ( -1.000000000000000000, 0.000000000000000000, 0.000000000000000000 ) ) ;
#1122 = CARTESIAN_POINT ( 'NONE',  ( -36.25000000000004263, 34.00000000000000711, -31.00000000000000355 ) ) ;
#1123 = DIRECTION ( 'NONE',  ( -0.000000000000000000, -0.000000000000000000, -1.000000000000000000 ) ) ;
#1124 = EDGE_LOOP ( 'NONE', ( #1587, #249, #1731, #911 ) ) ;
#1125 = CARTESIAN_POINT ( 'NONE',  ( 29.77622852459827740, 31.99999999999999289, -8.121668399505610481 ) ) ;
#1126 = DIRECTION ( 'NONE',  ( -0.000000000000000000, 0.000000000000000000, 1.000000000000000000 ) ) ;
#1127 = CARTESIAN_POINT ( 'NONE',  ( -27.83482127780860438, -31.99999999999999289, -4.017719773610137324 ) ) ;
#1128 = CARTESIAN_POINT ( 'NONE',  ( 31.99999999999997868, 29.34525279793411912, -6.669603815390756196 ) ) ;
#1129 = CARTESIAN_POINT ( 'NONE',  ( 33.99999999999999289, -38.19999999999992468, 3.000000000000000000 ) ) ;
#1130 = ORIENTED_EDGE ( 'NONE', *, *, #2021, .F. ) ;
#1131 = CARTESIAN_POINT ( 'NONE',  ( 38.19999999999997442, 34.00000000000001421, 3.000000000000000000 ) ) ;
#1132 = CARTESIAN_POINT ( 'NONE',  ( -38.49999999999993605, -33.58562194750437158, -9.382282813880459926 ) ) ;
#1133 = ORIENTED_EDGE ( 'NONE', *, *, #1441, .T. ) ;
#1134 = DIRECTION ( 'NONE',  ( -0.000000000000000000, -0.000000000000000000, -1.000000000000000000 ) ) ;
#1135 = CYLINDRICAL_SURFACE ( 'NONE', #719, 4.499999999999997335 ) ;
#1136 = ORIENTED_EDGE ( 'NONE', *, *, #3153, .T. ) ;
#1137 = EDGE_CURVE ( 'NONE', #335, #2302, #1993, .T. ) ;
#1138 = DIRECTION ( 'NONE',  ( -0.000000000000000000, -0.000000000000000000, -1.000000000000000000 ) ) ;
#1139 = DIRECTION ( 'NONE',  ( -0.000000000000000000, -0.000000000000000000, -1.000000000000000000 ) ) ;
#1140 = LINE ( 'NONE', #3182, #2428 ) ;
#1141 = DIRECTION ( 'NONE',  ( 0.000000000000000000, 0.000000000000000000, -1.000000000000000000 ) ) ;
#1142 = DATE_AND_TIME ( #1752, #3275 ) ;
#1143 = ORIENTED_EDGE ( 'NONE', *, *, #3207, .T. ) ;
#1144 = CIRCLE ( 'NONE', #2027, 14.50000000000000178 ) ;
#1145 = CARTESIAN_POINT ( 'NONE',  ( -31.19999999999999574, -33.99999999999999289, -31.00000000000000355 ) ) ;
#1146 = CARTESIAN_POINT ( 'NONE',  ( -38.49999999999995026, -26.87227109147090687, -2.047681420432132970 ) ) ;
#1147 = AXIS2_PLACEMENT_3D ( 'NONE', #2166, #1484, #1740 ) ;
#1148 = ORIENTED_EDGE ( 'NONE', *, *, #2056, .F. ) ;
#1149 = DIRECTION ( 'NONE',  ( -0.000000000000000000, -0.000000000000000000, -1.000000000000000000 ) ) ;
#1150 = DIRECTION ( 'NONE',  ( -1.000000000000000000, 0.000000000000000000, 0.000000000000000000 ) ) ;
#1151 = ORIENTED_EDGE ( 'NONE', *, *, #3250, .T. ) ;
#1152 = CARTESIAN_POINT ( 'NONE',  ( 27.25256958930128448, 32.00000000000000711, -3.317701853219730879 ) ) ;
#1153 = CARTESIAN_POINT ( 'NONE',  ( -29.72246496235579016, -31.84378530591541079, -7.535311617176128962 ) ) ;
#1154 = AXIS2_PLACEMENT_3D ( 'NONE', #519, #2084, #3370 ) ;
#1155 = EDGE_CURVE ( 'NONE', #1315, #2210, #378, .T. ) ;
#1156 = ADVANCED_FACE ( 'NONE', ( #2469 ), #679, .F. ) ;
#1157 = ORIENTED_EDGE ( 'NONE', *, *, #1610, .T. ) ;
#1158 = AXIS2_PLACEMENT_3D ( 'NONE', #2549, #1245, #2273 ) ;
#1159 = AXIS2_PLACEMENT_3D ( 'NONE', #711, #1788, #2081 ) ;
#1160 = CARTESIAN_POINT ( 'NONE',  ( 38.49999999999995737, 27.78984225777201189, -2.690903907322232946 ) ) ;
#1161 = CARTESIAN_POINT ( 'NONE',  ( 38.49999999999993605, -27.18392729460124002, -2.254891860516903268 ) ) ;
#1162 = AXIS2_PLACEMENT_3D ( 'NONE', #537, #1849, #3144 ) ;
#1163 = ORIENTED_EDGE ( 'NONE', *, *, #2459, .T. ) ;
#1164 = DIRECTION ( 'NONE',  ( -0.000000000000000000, 0.000000000000000000, 1.000000000000000000 ) ) ;
#1165 = CARTESIAN_POINT ( 'NONE',  ( 32.95805459511794311, -38.49999999999990052, -8.459567745562312169 ) ) ;
#1166 = VERTEX_POINT ( 'NONE', #1179 ) ;
#1167 = CARTESIAN_POINT ( 'NONE',  ( 31.99999999999998579, -22.63858463723463643, -0.4302702249978593851 ) ) ;
#1168 = FACE_OUTER_BOUND ( 'NONE', #1365, .T. ) ;
#1169 = ORIENTED_EDGE ( 'NONE', *, *, #798, .F. ) ;
#1170 = PLANE ( 'NONE',  #2645 ) ;
#1171 = ORIENTED_EDGE ( 'NONE', *, *, #3378, .T. ) ;
#1172 = ADVANCED_FACE ( 'NONE', ( #3251, #2537 ), #2865, .F. ) ;
#1173 = CARTESIAN_POINT ( 'NONE',  ( 38.50000000000000711, 34.00000000000001421, -10.00000000000000178 ) ) ;
#1174 = CARTESIAN_POINT ( 'NONE',  ( -18.50000000000000000, 2.265596578422603396E-15, 2.700000000000046807 ) ) ;
#1175 = APPLICATION_PROTOCOL_DEFINITION ( 'international standard', 'config_control_design', 1994, #3269 ) ;
#1176 = ORIENTED_EDGE ( 'NONE', *, *, #2895, .F. ) ;
#1177 = ADVANCED_FACE ( 'NONE', ( #2610 ), #2099, .F. ) ;
#1178 = EDGE_CURVE ( 'NONE', #105, #1887, #1402, .T. ) ;
#1179 = CARTESIAN_POINT ( 'NONE',  ( 13.89243315368298148, 16.01375349724263231, 3.000000000000000000 ) ) ;
#1180 = CARTESIAN_POINT ( 'NONE',  ( 20.21595124790976072, -38.49999999999991473, 0.000000000000000000 ) ) ;
#1181 = EDGE_LOOP ( 'NONE', ( #808, #566, #285, #1399 ) ) ;
#1182 = DIRECTION ( 'NONE',  ( 1.000000000000000000, 0.000000000000000000, 0.000000000000000000 ) ) ;
#1183 = CARTESIAN_POINT ( 'NONE',  ( -33.99999999999999289, 34.00000000000000711, 0.000000000000000000 ) ) ;
#1184 = AXIS2_PLACEMENT_3D ( 'NONE', #2487, #631, #2747 ) ;
#1185 = EDGE_LOOP ( 'NONE', ( #468, #1163 ) ) ;
#1186 = CARTESIAN_POINT ( 'NONE',  ( 22.79322483209561767, 38.49999999999999289, -0.2921187203032437618 ) ) ;
#1187 = VECTOR ( 'NONE', #3143, 999.9999999999998863 ) ;
#1188 = CARTESIAN_POINT ( 'NONE',  ( 28.21894114901151340, 30.34026149257115890, -3.562303149240846345 ) ) ;
#1189 = ORIENTED_EDGE ( 'NONE', *, *, #3129, .F. ) ;
#1190 = LINE ( 'NONE', #934, #292 ) ;
#1191 = CARTESIAN_POINT ( 'NONE',  ( 38.49999999999992895, -23.15360480325194104, -0.3816444876301849920 ) ) ;
#1192 = B_SPLINE_CURVE_WITH_KNOTS ( 'NONE', 3,
 ( #1208, #1249, #1527, #2257, #3295, #1231, #2569, #954, #221, #2276, #2003, #3041, #1267, #969, #689, #709, #2019, #3056, #1764, #1510, #3346, #2552 ),
 .UNSPECIFIED., .F., .F.,
 ( 4, 2, 2, 2, 2, 2, 2, 2, 2, 2, 4 ),
 ( 0.000000000000000000, 0.001805605640880768000, 0.003611211281761536000, 0.005416816922642304216, 0.007222422563523071999, 0.009028028204403841517, 0.009930831024844230179, 0.01083363384528461711, 0.01263923948616539443, 0.01354204230660578483, 0.01444484512704617349 ),
 .UNSPECIFIED. ) ;
#1193 = VERTEX_POINT ( 'NONE', #2279 ) ;
#1194 = CARTESIAN_POINT ( 'NONE',  ( -33.99999999999999289, -33.99999999999999289, -37.00000000000000000 ) ) ;
#1195 = CARTESIAN_POINT ( 'NONE',  ( 16.22641105988293830, -14.10509071632326261, 0.000000000000000000 ) ) ;
#1196 = EDGE_CURVE ( 'NONE', #1346, #2141, #2347, .T. ) ;
#1197 = AXIS2_PLACEMENT_3D ( 'NONE', #2523, #2751, #907 ) ;
#1198 = EDGE_CURVE ( 'NONE', #2059, #2141, #226, .T. ) ;
#1199 = ORIENTED_EDGE ( 'NONE', *, *, #200, .T. ) ;
#1200 = CARTESIAN_POINT ( 'NONE',  ( -34.00000000000000711, 34.00000000000000711, -31.00000000000000355 ) ) ;
#1201 = CARTESIAN_POINT ( 'NONE',  ( 34.00000000000000711, 34.00000000000000711, 0.000000000000000000 ) ) ;
#1202 = CC_DESIGN_APPROVAL ( #2821, ( #2026 ) ) ;
#1203 = FACE_OUTER_BOUND ( 'NONE', #270, .T. ) ;
#1204 = EDGE_LOOP ( 'NONE', ( #779, #3107, #892, #3168, #1558, #1277 ) ) ;
#1205 = CYLINDRICAL_SURFACE ( 'NONE', #1705, 1.849999999999997424 ) ;
#1206 = DIRECTION ( 'NONE',  ( -0.000000000000000000, -0.000000000000000000, -1.000000000000000000 ) ) ;
#1207 = ORIENTED_EDGE ( 'NONE', *, *, #927, .F. ) ;
#1208 = CARTESIAN_POINT ( 'NONE',  ( 22.74130080103461182, -24.86262114459425376, 0.000000000000000000 ) ) ;
#1209 = CIRCLE ( 'NONE', #879, 2.250000000000036859 ) ;
#1210 = FACE_OUTER_BOUND ( 'NONE', #795, .T. ) ;
#1211 = CARTESIAN_POINT ( 'NONE',  ( 38.49999999999992184, -21.70359555605511304, -0.07554687996457387644 ) ) ;
#1212 = VECTOR ( 'NONE', #2608, 1000.000000000000000 ) ;
#1213 = CONICAL_SURFACE ( 'NONE', #2750, 2.250000000000029754, 0.7853981633974661536 ) ;
#1214 = CALENDAR_DATE ( 2026, 29, 7 ) ;
#1215 = ORIENTED_EDGE ( 'NONE', *, *, #575, .F. ) ;
#1216 = DIRECTION ( 'NONE',  ( 1.000000000000000000, 0.000000000000000000, 0.000000000000000000 ) ) ;
#1217 = PLANE ( 'NONE',  #1831 ) ;
#1218 = VECTOR ( 'NONE', #1685, 1000.000000000000000 ) ;
#1219 = VERTEX_POINT ( 'NONE', #3098 ) ;
#1220 = VECTOR ( 'NONE', #3043, 1000.000000000000000 ) ;
#1221 = LINE ( 'NONE', #700, #2463 ) ;
#1222 = EDGE_CURVE ( 'NONE', #255, #3055, #2333, .T. ) ;
#1223 = CARTESIAN_POINT ( 'NONE',  ( -33.99999999999999289, 34.00000000000000711, -31.00000000000000355 ) ) ;
#1224 = CONICAL_SURFACE ( 'NONE', #3139, 2.250000000000029754, 0.7853981633974661536 ) ;
#1225 = EDGE_CURVE ( 'NONE', #2018, #654, #1026, .T. ) ;
#1226 = ORIENTED_EDGE ( 'NONE', *, *, #2481, .T. ) ;
#1227 = DIRECTION ( 'NONE',  ( 0.000000000000000000, 0.000000000000000000, 1.000000000000000000 ) ) ;
#1228 = PLANE ( 'NONE',  #1158 ) ;
#1229 = EDGE_CURVE ( 'NONE', #3142, #216, #1388, .T. ) ;
#1230 = VERTEX_POINT ( 'NONE', #1598 ) ;
#1231 = CARTESIAN_POINT ( 'NONE',  ( 25.65885192618785382, -27.78017226974749576, -0.8569819864713419388 ) ) ;
#1232 = DIRECTION ( 'NONE',  ( -0.7071067811865474617, -0.7071067811865474617, 0.000000000000000000 ) ) ;
#1233 = DIRECTION ( 'NONE',  ( 1.000000000000000000, 0.000000000000000000, 0.000000000000000000 ) ) ;
#1234 = CALENDAR_DATE ( 2026, 29, 7 ) ;
#1235 = CARTESIAN_POINT ( 'NONE',  ( 0.000000000000000000, 0.000000000000000000, 3.000000000000000000 ) ) ;
#1236 = DIRECTION ( 'NONE',  ( -0.000000000000000000, 0.000000000000000000, 1.000000000000000000 ) ) ;
#1237 = CIRCLE ( 'NONE', #1067, 1.849999999999997424 ) ;
#1238 = CARTESIAN_POINT ( 'NONE',  ( 34.00000000000000711, -33.99999999999999289, -31.00000000000000355 ) ) ;
#1239 = VERTEX_POINT ( 'NONE', #835 ) ;
#1240 = CARTESIAN_POINT ( 'NONE',  ( 29.50000000000001066, 34.00000000000000711, 3.000000000000000000 ) ) ;
#1241 = ORIENTED_EDGE ( 'NONE', *, *, #1775, .F. ) ;
#1242 = CARTESIAN_POINT ( 'NONE',  ( 29.50000000000001066, 34.00000000000000711, -37.00000000000000000 ) ) ;
#1243 = CARTESIAN_POINT ( 'NONE',  ( -22.74130080103459406, 24.86262114459426797, 0.000000000000000000 ) ) ;
#1244 = EDGE_LOOP ( 'NONE', ( #2930, #2122, #1651, #1343 ) ) ;
#1245 = DIRECTION ( 'NONE',  ( 0.7071067811865721087, -3.607749215725711352E-16, 0.7071067811865229258 ) ) ;
#1246 = VECTOR ( 'NONE', #3264, 1000.000000000000000 ) ;
#1247 = ORIENTED_EDGE ( 'NONE', *, *, #1670, .T. ) ;
#1248 = ADVANCED_FACE ( 'NONE', ( #1923 ), #2643, .F. ) ;
#1249 = CARTESIAN_POINT ( 'NONE',  ( 23.17409711112026471, -25.29541745467990310, 1.639008752937070663E-16 ) ) ;
#1250 = EDGE_CURVE ( 'NONE', #1239, #28, #1905, .T. ) ;
#1251 = CARTESIAN_POINT ( 'NONE',  ( 0.000000000000000000, 0.000000000000000000, 2.700000000000001954 ) ) ;
#1252 = FACE_OUTER_BOUND ( 'NONE', #2282, .T. ) ;
#1253 = SHAPE_DEFINITION_REPRESENTATION ( #1560, #701 ) ;
#1254 = B_SPLINE_CURVE_WITH_KNOTS ( 'NONE', 3,
 ( #2756, #145, #1728, #3323, #2037, #2770, #3073, #729, #1784, #1188, #2824, #476, #2478, #913, #419, #1968, #1471, #2253, #2380, #26, #777, #492 ),
 .UNSPECIFIED., .F., .F.,
 ( 4, 2, 2, 2, 2, 2, 2, 2, 2, 2, 4 ),
 ( 1.734723475976807094E-18, 0.001809287644194636138, 0.002713931466291950954, 0.003618575288389265770, 0.005427862932583893234, 0.006332506754681203713, 0.007237150576778513325, 0.009046438220973132549, 0.01085572586516775004, 0.01266501350936236926, 0.01447430115355698675 ),
 .UNSPECIFIED. ) ;
#1255 = CARTESIAN_POINT ( 'NONE',  ( 30.97359937579848577, 28.85227903223883672, -4.770121381240334912 ) ) ;
#1256 = CARTESIAN_POINT ( 'NONE',  ( -14.10509071632326439, 16.22641105988293475, 0.000000000000000000 ) ) ;
#1257 = CARTESIAN_POINT ( 'NONE',  ( -31.39137215751868482, 29.27005181395903222, -5.839703669432752875 ) ) ;
#1258 = ORIENTED_EDGE ( 'NONE', *, *, #3109, .F. ) ;
#1259 = ORIENTED_EDGE ( 'NONE', *, *, #362, .F. ) ;
#1260 = FACE_OUTER_BOUND ( 'NONE', #1829, .T. ) ;
#1261 = CARTESIAN_POINT ( 'NONE',  ( -1.060660171779824523, 1.060660171779824523, 3.000000000000000000 ) ) ;
#1262 = VERTEX_POINT ( 'NONE', #50 ) ;
#1263 = CARTESIAN_POINT ( 'NONE',  ( -21.70360387310212147, 38.49999999999997868, -0.07554772463491311874 ) ) ;
#1264 = DIRECTION ( 'NONE',  ( -0.000000000000000000, -0.000000000000000000, -1.000000000000000000 ) ) ;
#1265 = AXIS2_PLACEMENT_3D ( 'NONE', #3036, #686, #912 ) ;
#1266 = ORIENTED_EDGE ( 'NONE', *, *, #967, .F. ) ;
#1267 = CARTESIAN_POINT ( 'NONE',  ( 28.61194508752837251, -30.73326543108801445, -4.267230256207082739 ) ) ;
#1268 = DIRECTION ( 'NONE',  ( 0.000000000000000000, 0.000000000000000000, -1.000000000000000000 ) ) ;
#1269 = EDGE_CURVE ( 'NONE', #1037, #2945, #1907, .T. ) ;
#1270 = CARTESIAN_POINT ( 'NONE',  ( -36.79999999999999005, 34.00000000000000711, -31.00000000000000355 ) ) ;
#1271 = ADVANCED_FACE ( 'NONE', ( #295 ), #2159, .T. ) ;
#1272 = CARTESIAN_POINT ( 'NONE',  ( 30.73326543108796471, 28.61194508752831211, -4.267230256206948624 ) ) ;
#1273 = CARTESIAN_POINT ( 'NONE',  ( -32.00000000000000000, 29.87867965644035095, -8.730026166412274691 ) ) ;
#1274 = VECTOR ( 'NONE', #1633, 1000.000000000000000 ) ;
#1275 = DIRECTION ( 'NONE',  ( 3.061276722312012491E-16, -1.000000000000000000, 0.000000000000000000 ) ) ;
#1276 = ORIENTED_EDGE ( 'NONE', *, *, #1036, .T. ) ;
#1277 = ORIENTED_EDGE ( 'NONE', *, *, #783, .F. ) ;
#1278 = CARTESIAN_POINT ( 'NONE',  ( -33.99999999999999289, -33.99999999999999289, -31.00000000000000355 ) ) ;
#1279 = CIRCLE ( 'NONE', #1051, 4.500000000000003553 ) ;
#1280 = DIRECTION ( 'NONE',  ( 0.000000000000000000, 0.000000000000000000, -1.000000000000000000 ) ) ;
#1281 = ORIENTED_EDGE ( 'NONE', *, *, #653, .F. ) ;
#1282 = AXIS2_PLACEMENT_3D ( 'NONE', #2100, #210, #3369 ) ;
#1283 = CARTESIAN_POINT ( 'NONE',  ( -32.33972353424194068, -38.49999999999992895, -7.526734355035985757 ) ) ;
#1284 = ORIENTED_EDGE ( 'NONE', *, *, #2212, .F. ) ;
#1285 = CARTESIAN_POINT ( 'NONE',  ( -29.87867965644037938, -32.00000000000000000, 3.000000000000000000 ) ) ;
#1286 = DIRECTION ( 'NONE',  ( 0.000000000000000000, -0.7071067811865230368, -0.7071067811865721087 ) ) ;
#1287 = DIRECTION ( 'NONE',  ( 0.000000000000000000, 0.000000000000000000, 1.000000000000000000 ) ) ;
#1288 = CARTESIAN_POINT ( 'NONE',  ( 24.86262114459427153, -22.74130080103459406, 0.000000000000000000 ) ) ;
#1289 = CARTESIAN_POINT ( 'NONE',  ( -29.27799139328775624, 31.39931173684744437, -5.831374897911975275 ) ) ;
#1290 = FACE_OUTER_BOUND ( 'NONE', #3122, .T. ) ;
#1291 = ORIENTED_EDGE ( 'NONE', *, *, #1523, .F. ) ;
#1292 = EDGE_CURVE ( 'NONE', #1935, #3035, #2502, .T. ) ;
#1293 = ORIENTED_EDGE ( 'NONE', *, *, #741, .T. ) ;
#1294 = CARTESIAN_POINT ( 'NONE',  ( 16.22641105988293830, -14.10509071632326261, 3.000000000000000000 ) ) ;
#1295 = DIRECTION ( 'NONE',  ( 0.7071067811865475727, -0.7071067811865475727, 0.000000000000000000 ) ) ;
#1296 = ORIENTED_EDGE ( 'NONE', *, *, #2271, .F. ) ;
#1297 = CARTESIAN_POINT ( 'NONE',  ( 0.000000000000000000, 0.000000000000000000, 2.700000000000046807 ) ) ;
#1298 = CARTESIAN_POINT ( 'NONE',  ( -32.00000000000000000, 19.63859338365493556, 0.000000000000000000 ) ) ;
#1299 = ORIENTED_EDGE ( 'NONE', *, *, #2920, .F. ) ;
#1300 = PLANE ( 'NONE',  #960 ) ;
#1301 = CONICAL_SURFACE ( 'NONE', #2076, 21.20000000000000995, 0.7853981633974309595 ) ;
#1302 = CIRCLE ( 'NONE', #2450, 2.250000000000036859 ) ;
#1303 = CARTESIAN_POINT ( 'NONE',  ( 30.60580184969977680, 28.48448150614013130, -4.024549735681428153 ) ) ;
#1304 = CARTESIAN_POINT ( 'NONE',  ( 29.87867965644035451, 32.00000000000000000, 3.000000000000000000 ) ) ;
#1305 = DIRECTION ( 'NONE',  ( -0.000000000000000000, 0.000000000000000000, 1.000000000000000000 ) ) ;
#1306 = ORIENTED_EDGE ( 'NONE', *, *, #1879, .T. ) ;
#1307 = ORIENTED_EDGE ( 'NONE', *, *, #3151, .T. ) ;
#1308 = CARTESIAN_POINT ( 'NONE',  ( -32.15000000000001279, 34.00000000000000711, -37.00000000000000000 ) ) ;
#1309 = CARTESIAN_POINT ( 'NONE',  ( 31.20000000000001350, -33.99999999999999289, -31.00000000000000355 ) ) ;
#1310 = EDGE_CURVE ( 'NONE', #2603, #1315, #2941, .T. ) ;
#1311 = EDGE_CURVE ( 'NONE', #1900, #2070, #1647, .T. ) ;
#1312 = EDGE_LOOP ( 'NONE', ( #96, #2394, #2402, #2321 ) ) ;
#1313 = CARTESIAN_POINT ( 'NONE',  ( -27.78984225777200479, 38.50000000000000000, -2.690903907322224953 ) ) ;
#1314 = DIRECTION ( 'NONE',  ( 1.000000000000000000, 0.000000000000000000, 0.000000000000000000 ) ) ;
#1315 = VERTEX_POINT ( 'NONE', #324 ) ;
#1316 = CIRCLE ( 'NONE', #921, 2.250000000000036859 ) ;
#1317 = DIRECTION ( 'NONE',  ( -0.000000000000000000, 0.000000000000000000, 1.000000000000000000 ) ) ;
#1318 = AXIS2_PLACEMENT_3D ( 'NONE', #1727, #1227, #1469 ) ;
#1319 = DIRECTION ( 'NONE',  ( -0.000000000000000000, 0.000000000000000000, 1.000000000000000000 ) ) ;
#1320 = CARTESIAN_POINT ( 'NONE',  ( -23.59968710724615448, 25.72100745080582840, -0.05512866774650126978 ) ) ;
#1321 = DIRECTION ( 'NONE',  ( 1.000000000000000000, 0.000000000000000000, 0.000000000000000000 ) ) ;
#1322 = LINE ( 'NONE', #21, #2904 ) ;
#1323 = ORIENTED_EDGE ( 'NONE', *, *, #2150, .T. ) ;
#1324 = DIRECTION ( 'NONE',  ( 2.164649529435402406E-16, -0.7071067811865638930, 0.7071067811865311414 ) ) ;
#1325 = TOROIDAL_SURFACE ( 'NONE', #2365, 14.49999999999999645, 10.00000000000000000 ) ;
#1326 = DIRECTION ( 'NONE',  ( 1.000000000000000000, 0.000000000000000000, 0.000000000000000000 ) ) ;
#1327 = AXIS2_PLACEMENT_3D ( 'NONE', #2736, #2474, #3239 ) ;
#1328 = ORIENTED_EDGE ( 'NONE', *, *, #2937, .F. ) ;
#1329 = AXIS2_PLACEMENT_3D ( 'NONE', #1238, #1028, #2281 ) ;
#1330 = CARTESIAN_POINT ( 'NONE',  ( -33.16823723062923079, 38.49999999999996447, -8.766484905927843130 ) ) ;
#1331 = EDGE_CURVE ( 'NONE', #2542, #1554, #910, .T. ) ;
#1332 = EDGE_CURVE ( 'NONE', #132, #3339, #1115, .T. ) ;
#1333 = LINE ( 'NONE', #794, #559 ) ;
#1334 = AXIS2_PLACEMENT_3D ( 'NONE', #1589, #2058, #3090 ) ;
#1335 = VERTEX_POINT ( 'NONE', #2660 ) ;
#1336 = CARTESIAN_POINT ( 'NONE',  ( -19.49999999999999289, 34.00000000000000711, -10.00000000000000178 ) ) ;
#1337 = ADVANCED_FACE ( 'NONE', ( #309 ), #1941, .F. ) ;
#1338 = CIRCLE ( 'NONE', #3241, 21.50000000000000000 ) ;
#1339 = CARTESIAN_POINT ( 'NONE',  ( 34.00000000000000711, -34.00000000000000711, -37.00000000000000000 ) ) ;
#1340 = CARTESIAN_POINT ( 'NONE',  ( 31.99999999999998579, 19.63859338365494267, 0.000000000000000000 ) ) ;
#1341 = DIRECTION ( 'NONE',  ( 1.000000000000000000, 0.000000000000000000, 0.000000000000000000 ) ) ;
#1342 = ORIENTED_EDGE ( 'NONE', *, *, #2793, .F. ) ;
#1343 = ORIENTED_EDGE ( 'NONE', *, *, #1010, .F. ) ;
#1344 = DIRECTION ( 'NONE',  ( 1.000000000000000000, 0.000000000000000000, 0.000000000000000000 ) ) ;
#1345 = CARTESIAN_POINT ( 'NONE',  ( -38.49999999999993605, -25.92027583992106798, -1.467502236493337664 ) ) ;
#1346 = VERTEX_POINT ( 'NONE', #593 ) ;
#1347 = DIRECTION ( 'NONE',  ( 1.000000000000000000, 0.000000000000000000, 0.000000000000000000 ) ) ;
#1348 = CARTESIAN_POINT ( 'NONE',  ( -35.85000000000000853, 34.00000000000000711, -37.00000000000000000 ) ) ;
#1349 = VERTEX_POINT ( 'NONE', #2465 ) ;
#1350 = CARTESIAN_POINT ( 'NONE',  ( 0.000000000000000000, 0.000000000000000000, 3.000000000000000000 ) ) ;
#1351 = ORIENTED_EDGE ( 'NONE', *, *, #3206, .F. ) ;
#1352 = EDGE_CURVE ( 'NONE', #1801, #1935, #1190, .T. ) ;
#1353 = ORIENTED_EDGE ( 'NONE', *, *, #367, .T. ) ;
#1354 = DIRECTION ( 'NONE',  ( -1.000000000000000000, 0.000000000000000000, 0.000000000000000000 ) ) ;
#1355 = CARTESIAN_POINT ( 'NONE',  ( 0.000000000000000000, 0.000000000000000000, 3.000000000000000000 ) ) ;
#1356 = CARTESIAN_POINT ( 'NONE',  ( -25.29494446355754178, 23.17362411999789984, -1.067261513540417638E-15 ) ) ;
#1357 = VERTEX_POINT ( 'NONE', #119 ) ;
#1358 = CIRCLE ( 'NONE', #2346, 2.250000000000036859 ) ;
#1359 = EDGE_LOOP ( 'NONE', ( #1929, #3179 ) ) ;
#1360 = CARTESIAN_POINT ( 'NONE',  ( 0.000000000000000000, 0.000000000000000000, 3.000000000000000000 ) ) ;
#1361 = CARTESIAN_POINT ( 'NONE',  ( -38.49999999999995026, -27.78984225777200834, -2.690903907322245381 ) ) ;
#1362 = ORIENTED_EDGE ( 'NONE', *, *, #2657, .F. ) ;
#1363 = CARTESIAN_POINT ( 'NONE',  ( -34.00000000000000711, -34.00000000000000711, -31.00000000000000355 ) ) ;
#1364 = LINE ( 'NONE', #572, #2108 ) ;
#1365 = EDGE_LOOP ( 'NONE', ( #1853, #3379, #25, #1695 ) ) ;
#1366 = DIRECTION ( 'NONE',  ( 1.000000000000000000, 0.000000000000000000, 0.000000000000000000 ) ) ;
#1367 = CIRCLE ( 'NONE', #705, 2.250000000000036859 ) ;
#1368 = ORIENTED_EDGE ( 'NONE', *, *, #288, .T. ) ;
#1369 = SECURITY_CLASSIFICATION ( '', '', #1565 ) ;
#1370 = EDGE_CURVE ( 'NONE', #1193, #1037, #952, .T. ) ;
#1371 = EDGE_CURVE ( 'NONE', #1946, #161, #2225, .T. ) ;
#1372 = CARTESIAN_POINT ( 'NONE',  ( -29.77622852459832714, -32.00000000000000711, -8.121668399505967528 ) ) ;
#1373 = DIRECTION ( 'NONE',  ( -0.000000000000000000, -0.000000000000000000, -1.000000000000000000 ) ) ;
#1374 = CIRCLE ( 'NONE', #1818, 1.849999999999997424 ) ;
#1375 = CARTESIAN_POINT ( 'NONE',  ( 38.20000000000000995, -33.99999999999998579, 3.000000000000000000 ) ) ;
#1376 = ORIENTED_EDGE ( 'NONE', *, *, #2250, .T. ) ;
#1377 = DIRECTION ( 'NONE',  ( 1.000000000000000000, 8.881784197001252323E-16, 0.000000000000000000 ) ) ;
#1378 = CARTESIAN_POINT ( 'NONE',  ( 20.25380855318837447, -31.99999999999999289, 4.387630666777276742E-16 ) ) ;
#1379 = VERTEX_POINT ( 'NONE', #915 ) ;
#1380 = PLANE ( 'NONE',  #2090 ) ;
#1381 = DIRECTION ( 'NONE',  ( -0.000000000000000000, -0.000000000000000000, 1.000000000000000000 ) ) ;
#1382 = AXIS2_PLACEMENT_3D ( 'NONE', #3146, #2094, #1314 ) ;
#1383 = VECTOR ( 'NONE', #1586, 1000.000000000000114 ) ;
#1384 = ORIENTED_EDGE ( 'NONE', *, *, #3063, .F. ) ;
#1385 = CARTESIAN_POINT ( 'NONE',  ( 33.99999999999998579, 38.50000000000000000, -10.00000000000000178 ) ) ;
#1386 = CARTESIAN_POINT ( 'NONE',  ( -32.00000000000000000, 20.25431548716134600, -1.067261513540418427E-16 ) ) ;
#1387 = AXIS2_PLACEMENT_3D ( 'NONE', #2341, #2325, #4 ) ;
#1388 = LINE ( 'NONE', #2892, #585 ) ;
#1389 = FACE_OUTER_BOUND ( 'NONE', #3294, .T. ) ;
#1390 = CARTESIAN_POINT ( 'NONE',  ( -33.99999999999999289, -33.99999999999999289, 2.699999999999991296 ) ) ;
#1391 = ORIENTED_EDGE ( 'NONE', *, *, #2546, .F. ) ;
#1392 = CARTESIAN_POINT ( 'NONE',  ( -33.99999999999999289, -33.99999999999999289, 0.000000000000000000 ) ) ;
#1393 = CARTESIAN_POINT ( 'NONE',  ( 29.87867965644035451, 32.00000000000000000, -8.730026166412176991 ) ) ;
#1394 = EDGE_CURVE ( 'NONE', #1624, #2540, #2211, .T. ) ;
#1395 = EDGE_CURVE ( 'NONE', #860, #1004, #2223, .T. ) ;
#1396 = ORIENTED_EDGE ( 'NONE', *, *, #1753, .T. ) ;
#1397 = CARTESIAN_POINT ( 'NONE',  ( 0.000000000000000000, 0.000000000000000000, 0.000000000000000000 ) ) ;
#1398 = CYLINDRICAL_SURFACE ( 'NONE', #176, 21.50000000000000000 ) ;
#1399 = ORIENTED_EDGE ( 'NONE', *, *, #2820, .F. ) ;
#1400 = DIRECTION ( 'NONE',  ( -3.061276722312013477E-16, 1.000000000000000000, 0.000000000000000000 ) ) ;
#1401 = FACE_OUTER_BOUND ( 'NONE', #616, .T. ) ;
#1402 = B_SPLINE_CURVE_WITH_KNOTS ( 'NONE', 3,
 ( #3386, #1040, #2846, #2048, #785, #190, #991, #3332, #2813, #2317, #500, #1303, #1272, #1255, #1008, #2879, #974, #2555, #484, #530, #2349, #3116 ),
 .UNSPECIFIED., .F., .F.,
 ( 4, 2, 2, 2, 2, 2, 2, 2, 2, 2, 4 ),
 ( 0.000000000000000000, 0.001805605640880740461, 0.003611211281761480922, 0.005416816922642221817, 0.007222422563522961844, 0.009028028204403701004, 0.009930831024844068849, 0.01083363384528443496, 0.01263923948616517759, 0.01354204230660554717, 0.01444484512704592022 ),
 .UNSPECIFIED. ) ;
#1403 = AXIS2_PLACEMENT_3D ( 'NONE', #2109, #2359, #8 ) ;
#1404 = CARTESIAN_POINT ( 'NONE',  ( -31.83321904595360508, -29.71189870239398090, -7.532751534698645557 ) ) ;
#1405 = CARTESIAN_POINT ( 'NONE',  ( 31.99999999999998579, 20.25380855318836737, 2.354751593366954943E-16 ) ) ;
#1406 = CARTESIAN_POINT ( 'NONE',  ( -23.79238562111636668, 32.00000000000001421, -0.8589831285635111113 ) ) ;
#1407 = ORIENTED_EDGE ( 'NONE', *, *, #345, .F. ) ;
#1408 = DIRECTION ( 'NONE',  ( -0.000000000000000000, 0.000000000000000000, 1.000000000000000000 ) ) ;
#1409 = CARTESIAN_POINT ( 'NONE',  ( -33.99999999999999289, 38.49999999999999289, 2.699999999999991296 ) ) ;
#1410 = ORIENTED_EDGE ( 'NONE', *, *, #2979, .F. ) ;
#1411 = DIRECTION ( 'NONE',  ( -0.000000000000000000, 0.000000000000000000, 1.000000000000000000 ) ) ;
#1412 = CIRCLE ( 'NONE', #971, 14.49999999999999822 ) ;
#1413 = ADVANCED_FACE ( 'NONE', ( #1210 ), #2259, .T. ) ;
#1414 = DIRECTION ( 'NONE',  ( -1.000000000000000000, 0.000000000000000000, 0.000000000000000000 ) ) ;
#1415 = EDGE_CURVE ( 'NONE', #1433, #359, #1576, .T. ) ;
#1416 = EDGE_LOOP ( 'NONE', ( #2308, #1258 ) ) ;
#1417 = DIRECTION ( 'NONE',  ( 1.000000000000000000, 3.061276722312013477E-16, 0.000000000000000000 ) ) ;
#1418 = CARTESIAN_POINT ( 'NONE',  ( -26.78726764178965425, -28.90858798534927843, -1.742255732245319599 ) ) ;
#1419 = VERTEX_POINT ( 'NONE', #2570 ) ;
#1420 = CARTESIAN_POINT ( 'NONE',  ( -29.25071597975689386, -27.12939563619727323, -2.090181034116116443 ) ) ;
#1421 = DIRECTION ( 'NONE',  ( -0.7071067811865474617, 0.7071067811865475727, 0.000000000000000000 ) ) ;
#1422 =( GEOMETRIC_REPRESENTATION_CONTEXT ( 3 ) GLOBAL_UNCERTAINTY_ASSIGNED_CONTEXT ( ( #2856 ) ) GLOBAL_UNIT_ASSIGNED_CONTEXT ( ( #1945, #2262, #1477 ) ) REPRESENTATION_CONTEXT ( 'NONE', 'WORKASPACE' ) );
#1423 = PERSON_AND_ORGANIZATION ( #2640, #2462 ) ;
#1424 = VERTEX_POINT ( 'NONE', #1348 ) ;
#1425 = CONICAL_SURFACE ( 'NONE', #2300, 2.250000000000029754, 0.7853981633974661536 ) ;
#1426 = LINE ( 'NONE', #2517, #1246 ) ;
#1427 = DIRECTION ( 'NONE',  ( -0.000000000000000000, 0.000000000000000000, 1.000000000000000000 ) ) ;
#1428 = VECTOR ( 'NONE', #3121, 1000.000000000000000 ) ;
#1429 = ORIENTED_EDGE ( 'NONE', *, *, #3150, .F. ) ;
#1430 = CARTESIAN_POINT ( 'NONE',  ( 31.99999999999999289, -28.36722254078900818, -4.760820730673295920 ) ) ;
#1431 = CARTESIAN_POINT ( 'NONE',  ( 29.87867965644035095, -32.00000000000000000, -8.730026166412264033 ) ) ;
#1432 = CC_DESIGN_APPROVAL ( #3110, ( #1369 ) ) ;
#1433 = VERTEX_POINT ( 'NONE', #514 ) ;
#1434 = EDGE_CURVE ( 'NONE', #3067, #335, #1022, .T. ) ;
#1435 = CARTESIAN_POINT ( 'NONE',  ( 26.82517373908320835, 32.00000000000000000, -2.884925936311597550 ) ) ;
#1436 = EDGE_CURVE ( 'NONE', #2131, #860, #1493, .T. ) ;
#1437 = CARTESIAN_POINT ( 'NONE',  ( -31.99999999999999289, 28.53192362653516767, -5.021505519407440943 ) ) ;
#1438 = EDGE_LOOP ( 'NONE', ( #1702, #703, #3128, #233 ) ) ;
#1439 = CIRCLE ( 'NONE', #1382, 4.499999999999997335 ) ;
#1440 = EDGE_CURVE ( 'NONE', #1532, #2717, #2062, .T. ) ;
#1441 = EDGE_CURVE ( 'NONE', #550, #2286, #43, .T. ) ;
#1442 = AXIS2_PLACEMENT_3D ( 'NONE', #1512, #1287, #2554 ) ;
#1443 = CIRCLE ( 'NONE', #2754, 1.849999999999997424 ) ;
#1444 = CARTESIAN_POINT ( 'NONE',  ( 38.49999999999996447, 23.15362102276350953, -0.3816487166846714851 ) ) ;
#1445 = CARTESIAN_POINT ( 'NONE',  ( -33.99999999999998579, -38.49999999999996447, 3.000000000000000000 ) ) ;
#1446 = AXIS2_PLACEMENT_3D ( 'NONE', #232, #1280, #3359 ) ;
#1447 = ORIENTED_EDGE ( 'NONE', *, *, #990, .T. ) ;
#1448 = CARTESIAN_POINT ( 'NONE',  ( 34.00000000000000711, 34.00000000000000711, 0.000000000000000000 ) ) ;
#1449 = CARTESIAN_POINT ( 'NONE',  ( -33.99999999999998579, -38.49999999999996447, 2.699999999999991296 ) ) ;
#1450 = ORIENTED_EDGE ( 'NONE', *, *, #3044, .F. ) ;
#1451 = DIRECTION ( 'NONE',  ( -0.000000000000000000, -0.000000000000000000, 1.000000000000000000 ) ) ;
#1452 = CARTESIAN_POINT ( 'NONE',  ( -32.00000000000000000, -19.63859338365492135, 0.000000000000000000 ) ) ;
#1453 = ORIENTED_EDGE ( 'NONE', *, *, #1505, .T. ) ;
#1454 = CARTESIAN_POINT ( 'NONE',  ( 25.25917090579538993, 38.50000000000000000, -1.132934895025765387 ) ) ;
#1455 = DIRECTION ( 'NONE',  ( -0.000000000000000000, -0.000000000000000000, -1.000000000000000000 ) ) ;
#1456 = ORIENTED_EDGE ( 'NONE', *, *, #2920, .T. ) ;
#1457 = CARTESIAN_POINT ( 'NONE',  ( 38.49999999999995737, 33.16823723062921658, -8.766484905927883986 ) ) ;
#1458 = EDGE_CURVE ( 'NONE', #2210, #1679, #2295, .T. ) ;
#1459 = CARTESIAN_POINT ( 'NONE',  ( 38.49999999999993605, -23.86877745840061138, -0.5949234976508257500 ) ) ;
#1460 = ADVANCED_FACE ( 'NONE', ( #441 ), #498, .F. ) ;
#1461 = EDGE_LOOP ( 'NONE', ( #2061, #1101, #1861, #2095 ) ) ;
#1462 = CARTESIAN_POINT ( 'NONE',  ( -16.08464059245184430, -13.96332024889222190, 2.900001759411824587 ) ) ;
#1463 = DIRECTION ( 'NONE',  ( -0.000000000000000000, -0.000000000000000000, -1.000000000000000000 ) ) ;
#1464 = EDGE_LOOP ( 'NONE', ( #2014, #3204 ) ) ;
#1465 = CARTESIAN_POINT ( 'NONE',  ( 31.99999999999997868, -28.98789835730059750, -5.820318706178353452 ) ) ;
#1466 = CARTESIAN_POINT ( 'NONE',  ( -32.00000000000000000, -29.87867965644037938, 3.000000000000000000 ) ) ;
#1467 = VECTOR ( 'NONE', #2385, 1000.000000000000000 ) ;
#1468 = ORIENTED_EDGE ( 'NONE', *, *, #1371, .T. ) ;
#1469 = DIRECTION ( 'NONE',  ( 1.000000000000000000, 0.000000000000000000, 0.000000000000000000 ) ) ;
#1470 = CIRCLE ( 'NONE', #372, 14.50000000000000178 ) ;
#1471 = CARTESIAN_POINT ( 'NONE',  ( 25.65984692903820275, 27.78116727259783758, -0.8580313880902298296 ) ) ;
#1472 = ORIENTED_EDGE ( 'NONE', *, *, #1055, .T. ) ;
#1473 = CARTESIAN_POINT ( 'NONE',  ( -25.89536819656588662, 32.00000000000002132, -2.094542282077760387 ) ) ;
#1474 = CARTESIAN_POINT ( 'NONE',  ( -31.77459126293544145, -29.65327091937582438, -7.241859038793537096 ) ) ;
#1475 = CARTESIAN_POINT ( 'NONE',  ( 31.99999999999998579, 29.87867965644033674, 3.000000000000000000 ) ) ;
#1476 = EDGE_CURVE ( 'NONE', #1946, #1419, #774, .T. ) ;
#1477 =( NAMED_UNIT ( * ) SI_UNIT ( $, .STERADIAN. ) SOLID_ANGLE_UNIT ( ) );
#1478 = ORIENTED_EDGE ( 'NONE', *, *, #1222, .F. ) ;
#1479 = EDGE_CURVE ( 'NONE', #957, #323, #2379, .T. ) ;
#1480 = DIRECTION ( 'NONE',  ( 0.000000000000000000, -0.000000000000000000, -1.000000000000000000 ) ) ;
#1481 = CARTESIAN_POINT ( 'NONE',  ( 25.25919748628423278, -38.49999999999991473, -1.132947113745775169 ) ) ;
#1482 = VECTOR ( 'NONE', #1656, 1000.000000000000000 ) ;
#1483 = ORIENTED_EDGE ( 'NONE', *, *, #3083, .T. ) ;
#1484 = DIRECTION ( 'NONE',  ( -0.000000000000000000, 0.000000000000000000, 1.000000000000000000 ) ) ;
#1485 = CARTESIAN_POINT ( 'NONE',  ( 31.99999999999999289, -22.05206502183957440, -0.2704498387654354352 ) ) ;
#1486 = PLANE ( 'NONE',  #2650 ) ;
#1487 = EDGE_LOOP ( 'NONE', ( #1429, #2849, #1761, #2952 ) ) ;
#1488 = CARTESIAN_POINT ( 'NONE',  ( 32.33972353424200463, 38.49999999999999289, -7.526734355035866741 ) ) ;
#1489 = DIRECTION ( 'NONE',  ( -1.000000000000000000, 0.000000000000000000, 0.000000000000000000 ) ) ;
#1490 = ORIENTED_EDGE ( 'NONE', *, *, #2271, .T. ) ;
#1491 = CARTESIAN_POINT ( 'NONE',  ( 14.10509071632327505, 16.22641105988292409, 2.700000000000001954 ) ) ;
#1492 = CIRCLE ( 'NONE', #2148, 14.49999999999999822 ) ;
#1493 = LINE ( 'NONE', #1511, #2812 ) ;
#1494 = DIRECTION ( 'NONE',  ( 0.000000000000000000, 0.000000000000000000, -1.000000000000000000 ) ) ;
#1495 = AXIS2_PLACEMENT_3D ( 'NONE', #994, #2831, #1570 ) ;
#1496 = DIRECTION ( 'NONE',  ( -0.000000000000000000, -0.000000000000000000, -1.000000000000000000 ) ) ;
#1497 = DIRECTION ( 'NONE',  ( 0.000000000000000000, -0.000000000000000000, -1.000000000000000000 ) ) ;
#1498 = VECTOR ( 'NONE', #2199, 1000.000000000000000 ) ;
#1499 = DIRECTION ( 'NONE',  ( -0.000000000000000000, 0.000000000000000000, 1.000000000000000000 ) ) ;
#1500 = ORIENTED_EDGE ( 'NONE', *, *, #1269, .T. ) ;
#1501 = LINE ( 'NONE', #1758, #815 ) ;
#1502 = CARTESIAN_POINT ( 'NONE',  ( -34.00000000000000711, 34.00000000000000711, -31.40000000000002345 ) ) ;
#1503 = DIRECTION ( 'NONE',  ( 0.000000000000000000, 0.000000000000000000, 1.000000000000000000 ) ) ;
#1504 = CIRCLE ( 'NONE', #2644, 21.50000000000000000 ) ;
#1505 = EDGE_CURVE ( 'NONE', #873, #657, #1338, .T. ) ;
#1506 = APPROVAL ( #1701, 'UNSPECIFIED' ) ;
#1507 = ORIENTED_EDGE ( 'NONE', *, *, #1395, .T. ) ;
#1508 = CARTESIAN_POINT ( 'NONE',  ( -24.44844210478399660, -26.56976244834362433, -0.2734185340363734507 ) ) ;
#1509 = VERTEX_POINT ( 'NONE', #1787 ) ;
#1510 = CARTESIAN_POINT ( 'NONE',  ( 29.81005904547113516, -31.93137938903078421, -8.124760168280763750 ) ) ;
#1511 = CARTESIAN_POINT ( 'NONE',  ( -1.060660171779813643, 1.060660171779813643, 0.000000000000000000 ) ) ;
#1512 = CARTESIAN_POINT ( 'NONE',  ( 34.00000000000000711, -33.99999999999999289, 3.000000000000000000 ) ) ;
#1513 = CARTESIAN_POINT ( 'NONE',  ( 26.56976244834358170, -24.44844210478390423, -0.2734185340363469163 ) ) ;
#1514 = CARTESIAN_POINT ( 'NONE',  ( -22.74130080103459406, 24.86262114459426797, 0.000000000000000000 ) ) ;
#1515 = CARTESIAN_POINT ( 'NONE',  ( -30.34026149257118021, 28.21894114901153472, -3.562303149240893863 ) ) ;
#1516 = ORIENTED_EDGE ( 'NONE', *, *, #1394, .T. ) ;
#1517 = DIRECTION ( 'NONE',  ( 0.7071067811865474617, -0.7071067811865476838, 0.000000000000000000 ) ) ;
#1518 = ORIENTED_EDGE ( 'NONE', *, *, #516, .T. ) ;
#1519 = DIRECTION ( 'NONE',  ( -0.000000000000000000, -0.000000000000000000, 1.000000000000000000 ) ) ;
#1520 = CARTESIAN_POINT ( 'NONE',  ( -32.00000000000000000, -29.64541976450984961, -7.529738314973135616 ) ) ;
#1521 = ORIENTED_EDGE ( 'NONE', *, *, #1902, .F. ) ;
#1522 = ADVANCED_FACE ( 'NONE', ( #3365 ), #3326, .T. ) ;
#1523 = EDGE_CURVE ( 'NONE', #1828, #2782, #1664, .T. ) ;
#1524 = CARTESIAN_POINT ( 'NONE',  ( -14.10509071632328393, -16.22641105988290988, 3.000000000000000000 ) ) ;
#1525 = VECTOR ( 'NONE', #904, 1000.000000000000000 ) ;
#1526 = VERTEX_POINT ( 'NONE', #1006 ) ;
#1527 = CARTESIAN_POINT ( 'NONE',  ( 23.59968710724617225, -25.72100745080581774, -0.05512866774650058282 ) ) ;
#1528 = CARTESIAN_POINT ( 'NONE',  ( -38.49999999999995026, 22.79322483209561057, -0.2921187203032455382 ) ) ;
#1529 = CARTESIAN_POINT ( 'NONE',  ( -13.89243315368299214, -16.01375349724261810, 3.000000000000000000 ) ) ;
#1530 = CARTESIAN_POINT ( 'NONE',  ( 30.34026149257109495, -28.21894114901141748, -3.562303149240733990 ) ) ;
#1531 = LINE ( 'NONE', #2573, #183 ) ;
#1532 = VERTEX_POINT ( 'NONE', #3096 ) ;
#1533 = CARTESIAN_POINT ( 'NONE',  ( 36.80000000000000426, -33.99999999999999289, -31.00000000000000355 ) ) ;
#1534 = ORIENTED_EDGE ( 'NONE', *, *, #592, .F. ) ;
#1535 = DIRECTION ( 'NONE',  ( -0.000000000000000000, 0.000000000000000000, 1.000000000000000000 ) ) ;
#1536 = DIRECTION ( 'NONE',  ( -0.000000000000000000, -0.000000000000000000, 1.000000000000000000 ) ) ;
#1537 = ORIENTED_EDGE ( 'NONE', *, *, #3150, .T. ) ;
#1538 = CARTESIAN_POINT ( 'NONE',  ( -24.22323987899291708, 38.49999999999997158, -0.7187895941456470261 ) ) ;
#1539 = CARTESIAN_POINT ( 'NONE',  ( -24.22321813307083715, -38.49999999999992184, -0.7187816967066523732 ) ) ;
#1540 = EDGE_CURVE ( 'NONE', #474, #359, #747, .T. ) ;
#1541 = ORIENTED_EDGE ( 'NONE', *, *, #91, .T. ) ;
#1542 = DIRECTION ( 'NONE',  ( -0.000000000000000000, -0.000000000000000000, -1.000000000000000000 ) ) ;
#1543 = DIRECTION ( 'NONE',  ( -3.061276722312012491E-16, 1.000000000000000000, 0.000000000000000000 ) ) ;
#1544 = CARTESIAN_POINT ( 'NONE',  ( -33.99999999999999289, 34.00000000000000711, 3.000000000000000000 ) ) ;
#1545 = EDGE_CURVE ( 'NONE', #402, #175, #2588, .T. ) ;
#1546 = ADVANCED_FACE ( 'NONE', ( #2443 ), #19, .T. ) ;
#1547 = B_SPLINE_CURVE_WITH_KNOTS ( 'NONE', 3,
 ( #1514, #2049, #1320, #1790, #1844, #485, #2318, #246, #501, #3352, #1009, #2066, #278, #3099, #751, #1289, #3137, #2083, #1825, #518, #786, #1569 ),
 .UNSPECIFIED., .F., .F.,
 ( 4, 2, 2, 2, 2, 2, 2, 2, 2, 2, 4 ),
 ( 0.000000000000000000, 0.001805605640880771903, 0.003611211281761543806, 0.005416816922642315492, 0.007222422563523087612, 0.009028028204403860599, 0.009930831024844249261, 0.01083363384528463966, 0.01263923948616541872, 0.01354204230660581258, 0.01444484512704620645 ),
 .UNSPECIFIED. ) ;
#1548 = CARTESIAN_POINT ( 'NONE',  ( 0.000000000000000000, 0.000000000000000000, -37.00000000000000000 ) ) ;
#1549 = LINE ( 'NONE', #1027, #667 ) ;
#1550 = VECTOR ( 'NONE', #1417, 1000.000000000000000 ) ;
#1551 = DIRECTION ( 'NONE',  ( 1.000000000000000000, 0.000000000000000000, 0.000000000000000000 ) ) ;
#1552 = ORIENTED_EDGE ( 'NONE', *, *, #1310, .T. ) ;
#1553 = DIRECTION ( 'NONE',  ( -0.000000000000000000, -0.000000000000000000, 1.000000000000000000 ) ) ;
#1554 = VERTEX_POINT ( 'NONE', #1623 ) ;
#1555 = DIRECTION ( 'NONE',  ( -1.000000000000000000, 0.000000000000000000, 0.000000000000000000 ) ) ;
#1556 = AXIS2_PLACEMENT_3D ( 'NONE', #871, #348, #2981 ) ;
#1557 = LINE ( 'NONE', #215, #510 ) ;
#1558 = ORIENTED_EDGE ( 'NONE', *, *, #973, .T. ) ;
#1559 = CONICAL_SURFACE ( 'NONE', #1057, 4.200000000000009059, 0.7853981633974237431 ) ;
#1560 = PRODUCT_DEFINITION_SHAPE ( 'NONE', 'NONE',  #181 ) ;
#1561 = DIRECTION ( 'NONE',  ( 1.000000000000000000, 0.000000000000000000, 0.000000000000000000 ) ) ;
#1562 = ORIENTED_EDGE ( 'NONE', *, *, #1250, .F. ) ;
#1563 = FACE_BOUND ( 'NONE', #849, .T. ) ;
#1564 = CARTESIAN_POINT ( 'NONE',  ( -38.49999999999995026, 27.18392729460124357, -2.254891860516887281 ) ) ;
#1565 = SECURITY_CLASSIFICATION_LEVEL ( 'unclassified' ) ;
#1566 = ADVANCED_FACE ( 'NONE', ( #1952 ), #2971, .T. ) ;
#1567 = ADVANCED_FACE ( 'NONE', ( #826 ), #1398, .T. ) ;
#1568 = CARTESIAN_POINT ( 'NONE',  ( 28.17373813077244904, -26.05241778721277157, -1.124548524629646051 ) ) ;
#1569 = CARTESIAN_POINT ( 'NONE',  ( -29.87867965644033674, 32.00000000000001421, -8.730026166412303112 ) ) ;
#1570 = DIRECTION ( 'NONE',  ( -1.000000000000000000, 0.000000000000000000, 0.000000000000000000 ) ) ;
#1571 = ORIENTED_EDGE ( 'NONE', *, *, #1839, .T. ) ;
#1572 = ORIENTED_EDGE ( 'NONE', *, *, #610, .T. ) ;
#1573 = CYLINDRICAL_SURFACE ( 'NONE', #268, 1.849999999999997424 ) ;
#1574 = AXIS2_PLACEMENT_3D ( 'NONE', #3149, #2891, #1822 ) ;
#1575 = CARTESIAN_POINT ( 'NONE',  ( 31.99999999999998579, 29.87867965644033674, -8.730026166412011790 ) ) ;
#1576 = B_SPLINE_CURVE_WITH_KNOTS ( 'NONE', 3,
 ( #899, #1956, #2992, #2810, #303, #2553, #2330, #1564, #970, #690, #480, #2862, #2020, #3113, #1528, #462, #710, #1823 ),
 .UNSPECIFIED., .F., .F.,
 ( 4, 2, 2, 2, 2, 2, 2, 2, 4 ),
 ( -1.999999999799886258E-05, 0.004443493908338705216, 0.008906987816675409481, 0.01002286129375958186, 0.01113873477084375424, 0.01337048172501210767, 0.01448635520209628526, 0.01560222867918046111, 0.01783397563334881628 ),
 .UNSPECIFIED. ) ;
#1577 = ORIENTED_EDGE ( 'NONE', *, *, #692, .T. ) ;
#1578 = DIRECTION ( 'NONE',  ( -0.000000000000000000, -0.000000000000000000, -1.000000000000000000 ) ) ;
#1579 = VERTEX_POINT ( 'NONE', #1915 ) ;
#1580 = CYLINDRICAL_SURFACE ( 'NONE', #3305, 21.50000000000000000 ) ;
#1581 = TOROIDAL_SURFACE ( 'NONE', #1909, 14.50000000000000178, 10.00000000000000000 ) ;
#1582 = DIRECTION ( 'NONE',  ( 0.000000000000000000, 0.000000000000000000, 1.000000000000000000 ) ) ;
#1583 = CARTESIAN_POINT ( 'NONE',  ( -38.50000000000000000, 34.00000000000000711, -37.00000000000000000 ) ) ;
#1584 = ADVANCED_FACE ( 'NONE', ( #77 ), #2409, .F. ) ;
#1585 = EDGE_CURVE ( 'NONE', #2782, #3258, #1885, .T. ) ;
#1586 = DIRECTION ( 'NONE',  ( -0.7071067811865602293, 8.659560562355086933E-17, 0.7071067811865348052 ) ) ;
#1587 = ORIENTED_EDGE ( 'NONE', *, *, #3266, .T. ) ;
#1588 = CYLINDRICAL_SURFACE ( 'NONE', #1802, 21.50000000000000000 ) ;
#1589 = CARTESIAN_POINT ( 'NONE',  ( -33.99999999999999289, -33.99999999999999289, -31.00000000000000355 ) ) ;
#1590 = EDGE_CURVE ( 'NONE', #2431, #3276, #1932, .T. ) ;
#1591 = EDGE_LOOP ( 'NONE', ( #220, #2906, #2923, #22, #3318, #1516 ) ) ;
#1592 = B_SPLINE_CURVE_WITH_KNOTS ( 'NONE', 3,
 ( #748, #2590, #3058, #1529 ),
 .UNSPECIFIED., .F., .F.,
 ( 4, 4 ),
 ( 2.453269466693398698E-18, 0.0004247899220746901086 ),
 .UNSPECIFIED. ) ;
#1593 = CARTESIAN_POINT ( 'NONE',  ( -23.86877745840060783, -38.49999999999992895, -0.5949234976508249728 ) ) ;
#1594 = LOCAL_TIME ( 15, 17, 1.000000000000000000, #392 ) ;
#1595 = EDGE_LOOP ( 'NONE', ( #603, #1500, #2771, #1577 ) ) ;
#1596 = VECTOR ( 'NONE', #668, 1000.000000000000000 ) ;
#1597 = DIRECTION ( 'NONE',  ( -0.000000000000000000, 0.000000000000000000, 1.000000000000000000 ) ) ;
#1598 = CARTESIAN_POINT ( 'NONE',  ( -38.49999999999996447, -33.99999999999998579, 2.699999999999991296 ) ) ;
#1599 = DIRECTION ( 'NONE',  ( -0.000000000000000000, -0.000000000000000000, -1.000000000000000000 ) ) ;
#1600 = CARTESIAN_POINT ( 'NONE',  ( 34.00000000000000711, -33.99999999999999289, 0.000000000000000000 ) ) ;
#1601 = ORIENTED_EDGE ( 'NONE', *, *, #2877, .T. ) ;
#1602 = CYLINDRICAL_SURFACE ( 'NONE', #1691, 4.499999999999997335 ) ;
#1603 = CIRCLE ( 'NONE', #2861, 4.500000000000003553 ) ;
#1604 = DIRECTION ( 'NONE',  ( 0.7071067811865477948, 0.7071067811865473507, 0.000000000000000000 ) ) ;
#1605 = VECTOR ( 'NONE', #602, 1000.000000000000114 ) ;
#1606 = EDGE_LOOP ( 'NONE', ( #1706, #1654 ) ) ;
#1607 = VECTOR ( 'NONE', #2976, 1000.000000000000114 ) ;
#1608 = DIRECTION ( 'NONE',  ( 0.000000000000000000, -0.000000000000000000, -1.000000000000000000 ) ) ;
#1609 = ADVANCED_FACE ( 'NONE', ( #2154 ), #1135, .T. ) ;
#1610 = EDGE_CURVE ( 'NONE', #248, #3142, #3074, .T. ) ;
#1611 = VECTOR ( 'NONE', #2119, 999.9999999999998863 ) ;
#1612 = VERTEX_POINT ( 'NONE', #2185 ) ;
#1613 = PLANE ( 'NONE',  #2876 ) ;
#1614 = VERTEX_POINT ( 'NONE', #59 ) ;
#1615 = CARTESIAN_POINT ( 'NONE',  ( -29.83526705455738792, -32.00000000000000711, -8.424977420626282409 ) ) ;
#1616 = PLANE ( 'NONE',  #3293 ) ;
#1617 = FACE_OUTER_BOUND ( 'NONE', #534, .T. ) ;
#1618 = ORIENTED_EDGE ( 'NONE', *, *, #2480, .F. ) ;
#1619 = FACE_OUTER_BOUND ( 'NONE', #1815, .T. ) ;
#1620 = CARTESIAN_POINT ( 'NONE',  ( -38.49999999999993605, -24.22323987899291708, -0.7187895941456516891 ) ) ;
#1621 = ORIENTED_EDGE ( 'NONE', *, *, #2092, .F. ) ;
#1622 = DIRECTION ( 'NONE',  ( -0.000000000000000000, -0.000000000000000000, -1.000000000000000000 ) ) ;
#1623 = CARTESIAN_POINT ( 'NONE',  ( 35.85000000000000853, -34.00000000000000711, -37.00000000000000000 ) ) ;
#1624 = VERTEX_POINT ( 'NONE', #319 ) ;
#1625 = EDGE_CURVE ( 'NONE', #2059, #2540, #1504, .T. ) ;
#1626 = CARTESIAN_POINT ( 'NONE',  ( 31.74999999999997868, -34.00000000000000711, -31.00000000000000711 ) ) ;
#1627 = EDGE_CURVE ( 'NONE', #1315, #873, #275, .T. ) ;
#1628 = CARTESIAN_POINT ( 'NONE',  ( -31.99999999999999289, 24.34268191928956782, -1.120732555420460574 ) ) ;
#1629 = ORIENTED_EDGE ( 'NONE', *, *, #2046, .T. ) ;
#1630 = CARTESIAN_POINT ( 'NONE',  ( 0.000000000000000000, 0.000000000000000000, 3.000000000000000000 ) ) ;
#1631 = CARTESIAN_POINT ( 'NONE',  ( 34.00000000000000711, 34.00000000000000711, -31.00000000000000355 ) ) ;
#1632 = CIRCLE ( 'NONE', #639, 4.500000000000003553 ) ;
#1633 = DIRECTION ( 'NONE',  ( -0.000000000000000000, -0.000000000000000000, -1.000000000000000000 ) ) ;
#1634 = AXIS2_PLACEMENT_3D ( 'NONE', #3123, #999, #772 ) ;
#1635 = ORIENTED_EDGE ( 'NONE', *, *, #1331, .T. ) ;
#1636 = DIRECTION ( 'NONE',  ( 0.000000000000000000, 0.000000000000000000, 1.000000000000000000 ) ) ;
#1637 = CARTESIAN_POINT ( 'NONE',  ( 22.06887650841424886, -32.00000000000000000, -0.2743135503996292357 ) ) ;
#1638 = VERTEX_POINT ( 'NONE', #623 ) ;
#1639 = CARTESIAN_POINT ( 'NONE',  ( -33.99999999999999289, 34.00000000000000711, 3.000000000000000000 ) ) ;
#1640 = CARTESIAN_POINT ( 'NONE',  ( 34.00000000000000711, -33.99999999999999289, -31.00000000000000355 ) ) ;
#1641 = CARTESIAN_POINT ( 'NONE',  ( 13.96332024889221302, -16.08464059245185496, 2.900001759411825475 ) ) ;
#1642 = VERTEX_POINT ( 'NONE', #1675 ) ;
#1643 = CARTESIAN_POINT ( 'NONE',  ( -14.10509071632326439, 16.22641105988293475, 3.000000000000000000 ) ) ;
#1644 = CARTESIAN_POINT ( 'NONE',  ( -32.00000000000000711, 29.24114570036643102, -6.373171791892894511 ) ) ;
#1645 = CIRCLE ( 'NONE', #163, 1.849999999999997424 ) ;
#1646 = ORIENTED_EDGE ( 'NONE', *, *, #2396, .T. ) ;
#1647 = LINE ( 'NONE', #2366, #1467 ) ;
#1648 = ADVANCED_FACE ( 'NONE', ( #2685 ), #1224, .F. ) ;
#1649 = CARTESIAN_POINT ( 'NONE',  ( 31.99999999999998579, 25.89536819656579780, -2.094542282077674678 ) ) ;
#1650 = CARTESIAN_POINT ( 'NONE',  ( -24.86262114459425021, 22.74130080103461182, 0.000000000000000000 ) ) ;
#1651 = ORIENTED_EDGE ( 'NONE', *, *, #363, .T. ) ;
#1652 = DIRECTION ( 'NONE',  ( 1.000000000000000000, -3.083952846180992055E-15, 0.000000000000000000 ) ) ;
#1653 = CARTESIAN_POINT ( 'NONE',  ( 16.22641105988293830, -14.10509071632326261, 2.700000000000001954 ) ) ;
#1654 = ORIENTED_EDGE ( 'NONE', *, *, #515, .T. ) ;
#1655 = CIRCLE ( 'NONE', #174, 10.00000000000000178 ) ;
#1656 = DIRECTION ( 'NONE',  ( -0.000000000000000000, -0.000000000000000000, -1.000000000000000000 ) ) ;
#1657 = CARTESIAN_POINT ( 'NONE',  ( -33.99999999999999289, -33.99999999999999289, 3.000000000000000000 ) ) ;
#1658 = AXIS2_PLACEMENT_3D ( 'NONE', #108, #2668, #2704 ) ;
#1659 = CIRCLE ( 'NONE', #561, 21.50000000000000000 ) ;
#1660 = ORIENTED_EDGE ( 'NONE', *, *, #2675, .F. ) ;
#1661 = CARTESIAN_POINT ( 'NONE',  ( -19.63859338365492135, -32.00000000000000000, 0.000000000000000000 ) ) ;
#1662 = VECTOR ( 'NONE', #2470, 1000.000000000000000 ) ;
#1663 = ORIENTED_EDGE ( 'NONE', *, *, #3084, .F. ) ;
#1664 = CIRCLE ( 'NONE', #1781, 21.50000000000000000 ) ;
#1665 = CARTESIAN_POINT ( 'NONE',  ( 38.49999999999997158, 25.25919748628423278, -1.132947113745768286 ) ) ;
#1666 = CARTESIAN_POINT ( 'NONE',  ( 31.99999999999998579, 24.35167120567841437, -1.125222183225051742 ) ) ;
#1667 = CARTESIAN_POINT ( 'NONE',  ( 34.00000000000000711, -33.99999999999999289, -31.00000000000000355 ) ) ;
#1668 = EDGE_CURVE ( 'NONE', #1509, #681, #1364, .T. ) ;
#1669 = ORIENTED_EDGE ( 'NONE', *, *, #1198, .T. ) ;
#1670 = EDGE_CURVE ( 'NONE', #666, #507, #2427, .T. ) ;
#1671 = DIRECTION ( 'NONE',  ( -0.7071067811865474617, -0.7071067811865475727, 0.000000000000000000 ) ) ;
#1672 = CARTESIAN_POINT ( 'NONE',  ( -38.49999999999993605, -21.70360387310211081, -0.07554772463491353507 ) ) ;
#1673 = ORIENTED_EDGE ( 'NONE', *, *, #1774, .F. ) ;
#1674 = CARTESIAN_POINT ( 'NONE',  ( -34.00000000000000711, 34.00000000000000711, -31.00000000000000355 ) ) ;
#1675 = CARTESIAN_POINT ( 'NONE',  ( -20.21595124790975007, -38.49999999999992895, 0.000000000000000000 ) ) ;
#1676 = EDGE_LOOP ( 'NONE', ( #865, #3301, #2918, #1376, #40 ) ) ;
#1677 = CARTESIAN_POINT ( 'NONE',  ( -27.77668715077359352, -29.89800749433321769, -2.898087002299678527 ) ) ;
#1678 = CIRCLE ( 'NONE', #199, 18.50000000000000000 ) ;
#1679 = VERTEX_POINT ( 'NONE', #1431 ) ;
#1680 = CARTESIAN_POINT ( 'NONE',  ( 38.49999999999999289, 33.79382362382376925, -9.692650751003235143 ) ) ;
#1681 = CARTESIAN_POINT ( 'NONE',  ( -33.99999999999999289, -33.99999999999999289, -31.00000000000000355 ) ) ;
#1682 = DATE_AND_TIME ( #1214, #2243 ) ;
#1683 = ORIENTED_EDGE ( 'NONE', *, *, #1585, .F. ) ;
#1684 = CARTESIAN_POINT ( 'NONE',  ( 13.89243315368298148, 16.01375349724263231, 3.000000000000000000 ) ) ;
#1685 = DIRECTION ( 'NONE',  ( -0.000000000000000000, -0.000000000000000000, -1.000000000000000000 ) ) ;
#1686 = AXIS2_PLACEMENT_3D ( 'NONE', #2626, #2398, #81 ) ;
#1687 = EDGE_CURVE ( 'NONE', #161, #2423, #2136, .T. ) ;
#1688 = ADVANCED_FACE ( 'NONE', ( #2921 ), #1103, .T. ) ;
#1689 = VERTEX_POINT ( 'NONE', #1243 ) ;
#1690 = CARTESIAN_POINT ( 'NONE',  ( 31.99999999999997868, -26.82517373908309111, -2.884925936311506067 ) ) ;
#1691 = AXIS2_PLACEMENT_3D ( 'NONE', #2649, #820, #38 ) ;
#1692 = CARTESIAN_POINT ( 'NONE',  ( 34.00000000000000711, 34.00000000000000711, -31.00000000000000711 ) ) ;
#1693 = EDGE_CURVE ( 'NONE', #301, #922, #454, .T. ) ;
#1694 = CC_DESIGN_PERSON_AND_ORGANIZATION_ASSIGNMENT ( #443, #3280, ( #2564 ) ) ;
#1695 = ORIENTED_EDGE ( 'NONE', *, *, #1292, .T. ) ;
#1696 = CARTESIAN_POINT ( 'NONE',  ( 25.38997063379887464, 32.00000000000000000, -1.735367792816714161 ) ) ;
#1697 = CARTESIAN_POINT ( 'NONE',  ( -14.10509071632326439, 16.22641105988293475, 2.700000000000001954 ) ) ;
#1698 = ORIENTED_EDGE ( 'NONE', *, *, #949, .T. ) ;
#1699 = CARTESIAN_POINT ( 'NONE',  ( -26.97049101750994637, -24.84917067395032220, -0.4292571824609114350 ) ) ;
#1700 = FACE_OUTER_BOUND ( 'NONE', #583, .T. ) ;
#1701 = APPROVAL_STATUS ( 'not_yet_approved' ) ;
#1702 = ORIENTED_EDGE ( 'NONE', *, *, #1670, .F. ) ;
#1703 = DIRECTION ( 'NONE',  ( -0.000000000000000000, -0.000000000000000000, -1.000000000000000000 ) ) ;
#1704 = CARTESIAN_POINT ( 'NONE',  ( 23.15362102276350953, -38.49999999999991473, -0.3816487166846732060 ) ) ;
#1705 = AXIS2_PLACEMENT_3D ( 'NONE', #704, #655, #2786 ) ;
#1706 = ORIENTED_EDGE ( 'NONE', *, *, #2977, .T. ) ;
#1707 = LINE ( 'NONE', #1996, #3331 ) ;
#1708 = CYLINDRICAL_SURFACE ( 'NONE', #1197, 2.799999999999997158 ) ;
#1709 = CARTESIAN_POINT ( 'NONE',  ( -32.00000000000000000, -29.34525279793426478, -6.669603815391193180 ) ) ;
#1710 = EDGE_LOOP ( 'NONE', ( #122, #57, #2656, #1109 ) ) ;
#1711 = ADVANCED_FACE ( 'NONE', ( #1168 ), #1998, .F. ) ;
#1712 = ADVANCED_FACE ( 'NONE', ( #417, #1203 ), #3288, .F. ) ;
#1713 = CYLINDRICAL_SURFACE ( 'NONE', #3234, 1.849999999999997424 ) ;
#1714 = AXIS2_PLACEMENT_3D ( 'NONE', #2293, #167, #675 ) ;
#1715 = VERTEX_POINT ( 'NONE', #2219 ) ;
#1716 = CIRCLE ( 'NONE', #2864, 4.500000000000003553 ) ;
#1717 = CARTESIAN_POINT ( 'NONE',  ( -27.78017226974752418, -25.65885192618790356, -0.8569819864713759117 ) ) ;
#1718 = DIRECTION ( 'NONE',  ( 1.224646799147353207E-16, 1.000000000000000000, 0.000000000000000000 ) ) ;
#1719 = CIRCLE ( 'NONE', #1282, 21.20000000000000995 ) ;
#1720 = ORIENTED_EDGE ( 'NONE', *, *, #134, .T. ) ;
#1721 = DIRECTION ( 'NONE',  ( -0.000000000000000000, -0.000000000000000000, 1.000000000000000000 ) ) ;
#1722 = CARTESIAN_POINT ( 'NONE',  ( 27.18396221881063113, -38.49999999999990763, -2.254915655342029090 ) ) ;
#1723 = ORIENTED_EDGE ( 'NONE', *, *, #1434, .F. ) ;
#1724 = DIRECTION ( 'NONE',  ( 1.000000000000000000, 0.000000000000000000, 0.000000000000000000 ) ) ;
#1725 = DIRECTION ( 'NONE',  ( 1.000000000000000000, 0.000000000000000000, 0.000000000000000000 ) ) ;
#1726 = EDGE_LOOP ( 'NONE', ( #722, #1955, #3317, #1323, #157, #771 ) ) ;
#1727 = CARTESIAN_POINT ( 'NONE',  ( 34.00000000000000711, 34.00000000000000711, -31.00000000000000355 ) ) ;
#1728 = CARTESIAN_POINT ( 'NONE',  ( 29.72246496235572977, 31.84378530591537526, -7.535311617175791454 ) ) ;
#1729 = EDGE_CURVE ( 'NONE', #3120, #1801, #727, .T. ) ;
#1730 = EDGE_CURVE ( 'NONE', #1526, #2516, #2209, .T. ) ;
#1731 = ORIENTED_EDGE ( 'NONE', *, *, #2297, .T. ) ;
#1732 = DIRECTION ( 'NONE',  ( -0.000000000000000000, -0.000000000000000000, 1.000000000000000000 ) ) ;
#1733 = CARTESIAN_POINT ( 'NONE',  ( 38.49999999999997158, 20.96594375926297360, -1.445602896647356913E-16 ) ) ;
#1734 = CARTESIAN_POINT ( 'NONE',  ( -33.99999999999999289, 34.00000000000000711, 2.699999999999991296 ) ) ;
#1735 = MECHANICAL_CONTEXT ( 'NONE', #3269, 'mechanical' ) ;
#1736 = ORIENTED_EDGE ( 'NONE', *, *, #990, .F. ) ;
#1737 = DIRECTION ( 'NONE',  ( -0.000000000000000000, -0.000000000000000000, -1.000000000000000000 ) ) ;
#1738 = CARTESIAN_POINT ( 'NONE',  ( 36.25000000000004263, 34.00000000000000711, -31.00000000000000355 ) ) ;
#1739 = ORIENTED_EDGE ( 'NONE', *, *, #3250, .F. ) ;
#1740 = DIRECTION ( 'NONE',  ( 1.000000000000000000, 0.000000000000000000, 0.000000000000000000 ) ) ;
#1741 = CARTESIAN_POINT ( 'NONE',  ( 34.00000000000000711, -34.00000000000000711, -31.00000000000000711 ) ) ;
#1742 = FACE_OUTER_BOUND ( 'NONE', #1591, .T. ) ;
#1743 = VECTOR ( 'NONE', #138, 1000.000000000000000 ) ;
#1744 = EDGE_LOOP ( 'NONE', ( #914, #1453, #2701, #630 ) ) ;
#1745 = CARTESIAN_POINT ( 'NONE',  ( 30.50264423704809857, 38.49999999999998579, -5.190509545258754187 ) ) ;
#1746 = AXIS2_PLACEMENT_3D ( 'NONE', #1044, #536, #3373 ) ;
#1747 = FACE_OUTER_BOUND ( 'NONE', #1312, .T. ) ;
#1748 = ORIENTED_EDGE ( 'NONE', *, *, #1476, .F. ) ;
#1749 = CARTESIAN_POINT ( 'NONE',  ( -28.97790164330640295, 32.00000000000002132, -5.830973800257499562 ) ) ;
#1750 = DIRECTION ( 'NONE',  ( 0.7071067811865474617, -0.7071067811865476838, 0.000000000000000000 ) ) ;
#1751 = CARTESIAN_POINT ( 'NONE',  ( -36.79999999999999005, -33.99999999999999289, -31.00000000000000355 ) ) ;
#1752 = CALENDAR_DATE ( 2026, 29, 7 ) ;
#1753 = EDGE_CURVE ( 'NONE', #3371, #2712, #3303, .T. ) ;
#1754 = DIRECTION ( 'NONE',  ( -0.000000000000000000, 0.000000000000000000, 1.000000000000000000 ) ) ;
#1755 = FACE_OUTER_BOUND ( 'NONE', #2352, .T. ) ;
#1756 = AXIS2_PLACEMENT_3D ( 'NONE', #1640, #42, #2684 ) ;
#1757 = ORIENTED_EDGE ( 'NONE', *, *, #1096, .T. ) ;
#1758 = CARTESIAN_POINT ( 'NONE',  ( -38.50000000000000000, -33.99999999999998579, 2.699999999999991296 ) ) ;
#1759 = FACE_OUTER_BOUND ( 'NONE', #2832, .T. ) ;
#1760 = CARTESIAN_POINT ( 'NONE',  ( -33.99999999999999289, -33.99999999999999289, 3.000000000000000000 ) ) ;
#1761 = ORIENTED_EDGE ( 'NONE', *, *, #1668, .T. ) ;
#1762 = DIRECTION ( 'NONE',  ( -0.000000000000000000, 0.000000000000000000, 1.000000000000000000 ) ) ;
#1763 = EDGE_LOOP ( 'NONE', ( #2055, #2807, #166, #2854 ) ) ;
#1764 = CARTESIAN_POINT ( 'NONE',  ( 29.71189870239394182, -31.83321904595359086, -7.532751534698395979 ) ) ;
#1765 = CIRCLE ( 'NONE', #1930, 4.200000000000001954 ) ;
#1766 = CARTESIAN_POINT ( 'NONE',  ( 38.49999999999996447, -33.99999999999998579, 3.000000000000000000 ) ) ;
#1767 = CARTESIAN_POINT ( 'NONE',  ( 16.15552642932789951, 14.03420608576825579, 2.800001734771416562 ) ) ;
#1768 = VECTOR ( 'NONE', #1750, 1000.000000000000000 ) ;
#1769 = AXIS2_PLACEMENT_3D ( 'NONE', #2430, #577, #848 ) ;
#1770 = TOROIDAL_SURFACE ( 'NONE', #723, 14.50000000000000178, 10.00000000000000000 ) ;
#1771 = DIRECTION ( 'NONE',  ( 1.000000000000000000, 0.000000000000000000, 0.000000000000000000 ) ) ;
#1772 = CARTESIAN_POINT ( 'NONE',  ( -33.99999999999999289, -33.99999999999999289, 0.000000000000000000 ) ) ;
#1773 = AXIS2_PLACEMENT_3D ( 'NONE', #725, #3000, #909 ) ;
#1774 = EDGE_CURVE ( 'NONE', #1004, #2765, #2275, .T. ) ;
#1775 = EDGE_CURVE ( 'NONE', #3111, #3276, #2425, .T. ) ;
#1776 = CARTESIAN_POINT ( 'NONE',  ( -31.29518675997303845, 29.17386641641338585, -5.564814071142231811 ) ) ;
#1777 = ORIENTED_EDGE ( 'NONE', *, *, #325, .F. ) ;
#1778 = CARTESIAN_POINT ( 'NONE',  ( 38.49999999999994316, -1.964319230150205268E-14, 0.000000000000000000 ) ) ;
#1779 = PLANE ( 'NONE',  #424 ) ;
#1780 = DIRECTION ( 'NONE',  ( 1.000000000000000000, -2.322356269987168107E-16, 0.000000000000000000 ) ) ;
#1781 = AXIS2_PLACEMENT_3D ( 'NONE', #732, #1268, #3348 ) ;
#1782 = ORIENTED_EDGE ( 'NONE', *, *, #1687, .F. ) ;
#1783 = DIRECTION ( 'NONE',  ( 0.7071067811865602293, 0.000000000000000000, 0.7071067811865348052 ) ) ;
#1784 = CARTESIAN_POINT ( 'NONE',  ( 28.62286358897637939, 30.74418393253602844, -4.266020712419815730 ) ) ;
#1785 = VERTEX_POINT ( 'NONE', #1466 ) ;
#1786 = CARTESIAN_POINT ( 'NONE',  ( -29.79191074764711544, 32.00000000000001421, -8.120324244561416549 ) ) ;
#1787 = CARTESIAN_POINT ( 'NONE',  ( 35.85000000000000853, -34.00000000000000711, -31.40000000000002345 ) ) ;
#1788 = DIRECTION ( 'NONE',  ( -0.000000000000000000, 0.000000000000000000, 1.000000000000000000 ) ) ;
#1789 = CARTESIAN_POINT ( 'NONE',  ( 29.74069997707748669, -27.61937963351781633, -2.688260404509847934 ) ) ;
#1790 = CARTESIAN_POINT ( 'NONE',  ( -24.43722477884818645, 26.55854512240785681, -0.2697504490010215750 ) ) ;
#1791 = CARTESIAN_POINT ( 'NONE',  ( -18.50000000000000000, 0.000000000000000000, 2.700000000000046807 ) ) ;
#1792 = ORIENTED_EDGE ( 'NONE', *, *, #1729, .T. ) ;
#1793 = CARTESIAN_POINT ( 'NONE',  ( 34.00000000000000711, 34.00000000000000711, -31.40000000000002345 ) ) ;
#1794 = EDGE_CURVE ( 'NONE', #2482, #2516, #3070, .T. ) ;
#1795 = DIRECTION ( 'NONE',  ( 0.000000000000000000, 0.000000000000000000, 1.000000000000000000 ) ) ;
#1796 = EDGE_LOOP ( 'NONE', ( #968, #789 ) ) ;
#1797 = CARTESIAN_POINT ( 'NONE',  ( -23.86879751986302978, 38.49999999999997868, -0.5949300883504360371 ) ) ;
#1798 = DIRECTION ( 'NONE',  ( -0.000000000000000000, -0.000000000000000000, -1.000000000000000000 ) ) ;
#1799 = EDGE_CURVE ( 'NONE', #359, #263, #2592, .T. ) ;
#1800 = ADVANCED_FACE ( 'NONE', ( #2524 ), #926, .F. ) ;
#1801 = VERTEX_POINT ( 'NONE', #2249 ) ;
#1802 = AXIS2_PLACEMENT_3D ( 'NONE', #3337, #3069, #1555 ) ;
#1803 = CARTESIAN_POINT ( 'NONE',  ( -29.49999999999999289, 34.00000000000000711, -10.00000000000000178 ) ) ;
#1804 = DIRECTION ( 'NONE',  ( -0.000000000000000000, -0.000000000000000000, -1.000000000000000000 ) ) ;
#1805 = LINE ( 'NONE', #1270, #2370 ) ;
#1806 = DATE_AND_TIME ( #2064, #1090 ) ;
#1807 = DIRECTION ( 'NONE',  ( -0.000000000000000000, 0.000000000000000000, 1.000000000000000000 ) ) ;
#1808 = CARTESIAN_POINT ( 'NONE',  ( -33.99999999999999289, -33.99999999999999289, 3.000000000000000000 ) ) ;
#1809 = FACE_OUTER_BOUND ( 'NONE', #349, .T. ) ;
#1810 = ORIENTED_EDGE ( 'NONE', *, *, #1940, .F. ) ;
#1811 = ORIENTED_EDGE ( 'NONE', *, *, #2735, .T. ) ;
#1812 = FACE_OUTER_BOUND ( 'NONE', #2074, .T. ) ;
#1813 = CARTESIAN_POINT ( 'NONE',  ( -31.19999999999999574, 34.00000000000000711, 3.000000000000000000 ) ) ;
#1814 = VECTOR ( 'NONE', #1134, 1000.000000000000000 ) ;
#1815 = EDGE_LOOP ( 'NONE', ( #596, #493, #1130, #2031 ) ) ;
#1816 = APPROVAL_PERSON_ORGANIZATION ( #3135, #3110, #3367 ) ;
#1817 = DIRECTION ( 'NONE',  ( -0.000000000000000000, -0.000000000000000000, 1.000000000000000000 ) ) ;
#1818 = AXIS2_PLACEMENT_3D ( 'NONE', #1003, #1817, #1561 ) ;
#1819 = ORIENTED_EDGE ( 'NONE', *, *, #741, .F. ) ;
#1820 = ADVANCED_FACE ( 'NONE', ( #1742 ), #1486, .T. ) ;
#1821 = EDGE_CURVE ( 'NONE', #47, #1433, #2152, .T. ) ;
#1822 = DIRECTION ( 'NONE',  ( 1.000000000000000000, 0.000000000000000000, -0.000000000000000000 ) ) ;
#1823 = CARTESIAN_POINT ( 'NONE',  ( -38.49999999999995026, 20.21595124790977138, 0.000000000000000000 ) ) ;
#1824 = DIRECTION ( 'NONE',  ( -0.000000000000000000, -0.000000000000000000, -1.000000000000000000 ) ) ;
#1825 = CARTESIAN_POINT ( 'NONE',  ( -29.71189870239393471, 31.83321904595360508, -7.532751534698431506 ) ) ;
#1826 = VECTOR ( 'NONE', #2387, 1000.000000000000000 ) ;
#1827 = CARTESIAN_POINT ( 'NONE',  ( -19.49999999999999289, -33.99999999999999289, -10.00000000000000178 ) ) ;
#1828 = VERTEX_POINT ( 'NONE', #2619 ) ;
#1829 = EDGE_LOOP ( 'NONE', ( #2510, #3032, #898, #978 ) ) ;
#1830 = DIRECTION ( 'NONE',  ( -0.000000000000000000, -0.000000000000000000, 1.000000000000000000 ) ) ;
#1831 = AXIS2_PLACEMENT_3D ( 'NONE', #2010, #2538, #191 ) ;
#1832 = FACE_OUTER_BOUND ( 'NONE', #1204, .T. ) ;
#1833 = ORIENTED_EDGE ( 'NONE', *, *, #1222, .T. ) ;
#1834 = VECTOR ( 'NONE', #579, 1000.000000000000000 ) ;
#1835 = DIRECTION ( 'NONE',  ( 0.000000000000000000, 0.7071067811865311414, -0.7071067811865638930 ) ) ;
#1836 = B_SPLINE_CURVE_WITH_KNOTS ( 'NONE', 3,
 ( #594, #2661, #3213, #1128, #2957, #613, #2646, #310, #2400, #35, #2928, #1649, #1873, #1666, #51, #547, #2710, #1891, #1405, #1340 ),
 .UNSPECIFIED., .F., .F.,
 ( 4, 2, 2, 2, 2, 2, 2, 2, 2, 4 ),
 ( 1.734723475976807094E-18, 0.001821396494255955907, 0.002732094741383931692, 0.003642792988511907477, 0.005464189482767860782, 0.007285585977023813220, 0.009106982471279766525, 0.01092837896553572156, 0.01274977545979167487, 0.01457117195404762817 ),
 .UNSPECIFIED. ) ;
#1837 = EDGE_LOOP ( 'NONE', ( #2234, #792, #1410, #1296, #977, #2508, #2584, #2788, #1982, #2283 ) ) ;
#1838 = FACE_BOUND ( 'NONE', #1124, .T. ) ;
#1839 = EDGE_CURVE ( 'NONE', #1120, #1638, #15, .T. ) ;
#1840 = EDGE_CURVE ( 'NONE', #2214, #2008, #1557, .T. ) ;
#1841 = COORDINATED_UNIVERSAL_TIME_OFFSET ( 3, 0, .BEHIND. ) ;
#1842 = CARTESIAN_POINT ( 'NONE',  ( 31.84378530591534684, -29.72246496235568003, -7.535311617175571186 ) ) ;
#1843 = ADVANCED_FACE ( 'NONE', ( #1832 ), #2899, .F. ) ;
#1844 = CARTESIAN_POINT ( 'NONE',  ( -24.84917067395027601, 26.97049101750994282, -0.4292571824608966136 ) ) ;
#1845 = CARTESIAN_POINT ( 'NONE',  ( -34.00000000000000711, -34.00000000000000711, 3.000999999999996781 ) ) ;
#1846 = FACE_OUTER_BOUND ( 'NONE', #853, .T. ) ;
#1847 = ORIENTED_EDGE ( 'NONE', *, *, #2251, .F. ) ;
#1848 = DIRECTION ( 'NONE',  ( -0.000000000000000000, -0.000000000000000000, 1.000000000000000000 ) ) ;
#1849 = DIRECTION ( 'NONE',  ( -0.000000000000000000, 0.000000000000000000, 1.000000000000000000 ) ) ;
#1850 = ORIENTED_EDGE ( 'NONE', *, *, #694, .F. ) ;
#1851 = CARTESIAN_POINT ( 'NONE',  ( -30.50268829849353480, 38.49999999999997868, -5.190559552243241725 ) ) ;
#1852 = CARTESIAN_POINT ( 'NONE',  ( -28.08296541402047097, -38.49999999999992184, -2.918744972641958313 ) ) ;
#1853 = ORIENTED_EDGE ( 'NONE', *, *, #2617, .F. ) ;
#1854 = PLANE ( 'NONE',  #2005 ) ;
#1855 = VECTOR ( 'NONE', #1737, 1000.000000000000000 ) ;
#1856 = CIRCLE ( 'NONE', #2781, 4.499999999999997335 ) ;
#1857 = CARTESIAN_POINT ( 'NONE',  ( -29.87867965644037938, -32.00000000000000000, -8.730026166412548250 ) ) ;
#1858 = DIRECTION ( 'NONE',  ( -0.000000000000000000, 0.000000000000000000, 1.000000000000000000 ) ) ;
#1859 = CARTESIAN_POINT ( 'NONE',  ( 34.00000000000000711, -33.99999999999999289, 0.000000000000000000 ) ) ;
#1860 = ADVANCED_FACE ( 'NONE', ( #2871 ), #2071, .F. ) ;
#1861 = ORIENTED_EDGE ( 'NONE', *, *, #2316, .T. ) ;
#1862 = CARTESIAN_POINT ( 'NONE',  ( -32.15000000000001279, 34.00000000000000711, -31.40000000000002345 ) ) ;
#1863 = CARTESIAN_POINT ( 'NONE',  ( -33.99999999999999289, 34.00000000000000711, -31.00000000000000355 ) ) ;
#1864 = ORIENTED_EDGE ( 'NONE', *, *, #3206, .T. ) ;
#1865 = LINE ( 'NONE', #2888, #996 ) ;
#1866 = VERTEX_POINT ( 'NONE', #1064 ) ;
#1867 = FACE_OUTER_BOUND ( 'NONE', #2948, .T. ) ;
#1868 = AXIS2_PLACEMENT_3D ( 'NONE', #3219, #1898, #2934 ) ;
#1869 = DIRECTION ( 'NONE',  ( 0.7071067811865475727, -0.7071067811865474617, 0.000000000000000000 ) ) ;
#1870 = AXIS2_PLACEMENT_3D ( 'NONE', #2490, #194, #923 ) ;
#1871 = ORIENTED_EDGE ( 'NONE', *, *, #1979, .F. ) ;
#1872 = CARTESIAN_POINT ( 'NONE',  ( -28.36722254078924266, -32.00000000000000000, -4.760820730673662737 ) ) ;
#1873 = CARTESIAN_POINT ( 'NONE',  ( 31.99999999999997868, 25.40132141337329230, -1.742830765874915588 ) ) ;
#1874 = DIRECTION ( 'NONE',  ( 1.000000000000000000, 0.000000000000000000, 0.000000000000000000 ) ) ;
#1875 = ORIENTED_EDGE ( 'NONE', *, *, #3310, .F. ) ;
#1876 = DIRECTION ( 'NONE',  ( -0.000000000000000000, -0.000000000000000000, -1.000000000000000000 ) ) ;
#1877 = AXIS2_PLACEMENT_3D ( 'NONE', #1350, #2363, #1054 ) ;
#1878 = CARTESIAN_POINT ( 'NONE',  ( -38.49999999999995026, -25.25919748628422568, -1.132947113745772727 ) ) ;
#1879 = EDGE_CURVE ( 'NONE', #175, #718, #2305, .T. ) ;
#1880 = EDGE_CURVE ( 'NONE', #105, #2540, #2836, .T. ) ;
#1881 = ORIENTED_EDGE ( 'NONE', *, *, #269, .F. ) ;
#1882 = CIRCLE ( 'NONE', #2475, 2.800000000000000266 ) ;
#1883 = AXIS2_PLACEMENT_3D ( 'NONE', #2105, #1536, #522 ) ;
#1884 = DIRECTION ( 'NONE',  ( 0.000000000000000000, -0.000000000000000000, -1.000000000000000000 ) ) ;
#1885 = LINE ( 'NONE', #2986, #1933 ) ;
#1886 = VECTOR ( 'NONE', #466, 1000.000000000000000 ) ;
#1887 = VERTEX_POINT ( 'NONE', #1575 ) ;
#1888 = CARTESIAN_POINT ( 'NONE',  ( 35.85000000000000853, -34.00000000000000711, 3.000999999999996781 ) ) ;
#1889 = CARTESIAN_POINT ( 'NONE',  ( -27.61937963351799041, -29.74069997707761104, -2.688260404510067314 ) ) ;
#1890 = CARTESIAN_POINT ( 'NONE',  ( -33.99999999999999289, 34.00000000000000711, 3.000000000000000000 ) ) ;
#1891 = CARTESIAN_POINT ( 'NONE',  ( 31.99999999999999289, 20.86993355941220685, -0.05631886488589166878 ) ) ;
#1892 = LINE ( 'NONE', #328, #2472 ) ;
#1893 = ORIENTED_EDGE ( 'NONE', *, *, #327, .F. ) ;
#1894 = ORIENTED_EDGE ( 'NONE', *, *, #1137, .F. ) ;
#1895 = CARTESIAN_POINT ( 'NONE',  ( 1.060660171779837846, 1.060660171779837846, 3.000000000000000000 ) ) ;
#1896 = CARTESIAN_POINT ( 'NONE',  ( 23.79238562111637734, -32.00000000000000000, -0.8589831285635045610 ) ) ;
#1897 = ORIENTED_EDGE ( 'NONE', *, *, #134, .F. ) ;
#1898 = DIRECTION ( 'NONE',  ( -0.000000000000000000, 0.000000000000000000, 1.000000000000000000 ) ) ;
#1899 = DIRECTION ( 'NONE',  ( -0.000000000000000000, -0.000000000000000000, -1.000000000000000000 ) ) ;
#1900 = VERTEX_POINT ( 'NONE', #267 ) ;
#1901 = CARTESIAN_POINT ( 'NONE',  ( 34.00000000000000711, -34.00000000000000711, -37.00000000000000000 ) ) ;
#1902 = EDGE_CURVE ( 'NONE', #1219, #1866, #2258, .T. ) ;
#1903 = CARTESIAN_POINT ( 'NONE',  ( -32.00000000000000711, 25.38997063379889951, -1.735367792816736809 ) ) ;
#1904 = EDGE_LOOP ( 'NONE', ( #2521, #304, #698, #1307, #2961, #2228 ) ) ;
#1905 = LINE ( 'NONE', #2127, #266 ) ;
#1906 = DIRECTION ( 'NONE',  ( -1.000000000000000000, 0.000000000000000000, 0.000000000000000000 ) ) ;
#1907 = CIRCLE ( 'NONE', #2561, 4.499999999999997335 ) ;
#1908 = CARTESIAN_POINT ( 'NONE',  ( 35.85000000000000853, 34.00000000000000711, -31.40000000000002345 ) ) ;
#1909 = AXIS2_PLACEMENT_3D ( 'NONE', #598, #2898, #2132 ) ;
#1910 = VERTEX_POINT ( 'NONE', #1309 ) ;
#1911 = PLANE ( 'NONE',  #749 ) ;
#1912 = CARTESIAN_POINT ( 'NONE',  ( -38.49999999999993605, -33.16823723062916685, -8.766484905927935500 ) ) ;
#1913 = VERTEX_POINT ( 'NONE', #1000 ) ;
#1914 = CARTESIAN_POINT ( 'NONE',  ( 31.20000000000001350, 34.00000000000000711, -31.00000000000000355 ) ) ;
#1915 = CARTESIAN_POINT ( 'NONE',  ( -14.10509071632326439, 16.22641105988293475, 2.700000000000001954 ) ) ;
#1916 = ORIENTED_EDGE ( 'NONE', *, *, #1839, .F. ) ;
#1917 = PLANE ( 'NONE',  #234 ) ;
#1918 = CARTESIAN_POINT ( 'NONE',  ( -32.00000000000000000, 29.54249565960738977, -7.233885590615776628 ) ) ;
#1919 = EDGE_CURVE ( 'NONE', #2087, #3017, #2531, .T. ) ;
#1920 = AXIS2_PLACEMENT_3D ( 'NONE', #3238, #1608, #2655 ) ;
#1921 = ADVANCED_FACE ( 'NONE', ( #806 ), #2050, .F. ) ;
#1922 = AXIS2_PLACEMENT_3D ( 'NONE', #1639, #2424, #1121 ) ;
#1923 = FACE_OUTER_BOUND ( 'NONE', #3298, .T. ) ;
#1924 = DIRECTION ( 'NONE',  ( 0.000000000000000000, 0.000000000000000000, -1.000000000000000000 ) ) ;
#1925 = CARTESIAN_POINT ( 'NONE',  ( -28.03594583239719285, 32.00000000000000711, -4.260401792516836039 ) ) ;
#1926 = VERTEX_POINT ( 'NONE', #3105 ) ;
#1927 = PLANE ( 'NONE',  #2233 ) ;
#1928 = PLANE ( 'NONE',  #1556 ) ;
#1929 = ORIENTED_EDGE ( 'NONE', *, *, #692, .F. ) ;
#1930 = AXIS2_PLACEMENT_3D ( 'NONE', #2101, #1499, #736 ) ;
#1931 = CARTESIAN_POINT ( 'NONE',  ( -31.74999999999997868, 34.00000000000000711, -31.00000000000000711 ) ) ;
#1932 = LINE ( 'NONE', #366, #880 ) ;
#1933 = VECTOR ( 'NONE', #1123, 1000.000000000000000 ) ;
#1934 = AXIS2_PLACEMENT_3D ( 'NONE', #1734, #1494, #884 ) ;
#1935 = VERTEX_POINT ( 'NONE', #1813 ) ;
#1936 = CARTESIAN_POINT ( 'NONE',  ( 22.63858463723470038, 32.00000000000000711, -0.4302702249978747062 ) ) ;
#1937 = CARTESIAN_POINT ( 'NONE',  ( -28.62286358897647887, -30.74418393253609949, -4.266020712420022676 ) ) ;
#1938 = AXIS2_PLACEMENT_3D ( 'NONE', #1183, #2507, #2236 ) ;
#1939 = ORIENTED_EDGE ( 'NONE', *, *, #305, .T. ) ;
#1940 = EDGE_CURVE ( 'NONE', #2292, #2482, #562, .T. ) ;
#1941 = CONICAL_SURFACE ( 'NONE', #891, 2.250000000000029754, 0.7853981633974661536 ) ;
#1942 = ADVANCED_FACE ( 'NONE', ( #2632, #2853 ), #506, .T. ) ;
#1943 = CARTESIAN_POINT ( 'NONE',  ( 38.49999999999995026, 22.79323909933865622, -0.2921219602350794142 ) ) ;
#1944 = CARTESIAN_POINT ( 'NONE',  ( 38.49999999999992895, -30.50264423704809502, -5.190509545258839452 ) ) ;
#1945 =( LENGTH_UNIT ( ) NAMED_UNIT ( * ) SI_UNIT ( .MILLI., .METRE. ) );
#1946 = VERTEX_POINT ( 'NONE', #490 ) ;
#1947 = EDGE_CURVE ( 'NONE', #3371, #248, #3344, .T. ) ;
#1948 = DIRECTION ( 'NONE',  ( 1.000000000000000000, 0.000000000000000000, 0.000000000000000000 ) ) ;
#1949 = CARTESIAN_POINT ( 'NONE',  ( -16.08464059245185851, 13.96332024889220591, 2.900001759411825475 ) ) ;
#1950 = ORIENTED_EDGE ( 'NONE', *, *, #3267, .T. ) ;
#1951 = FACE_BOUND ( 'NONE', #3324, .T. ) ;
#1952 = FACE_OUTER_BOUND ( 'NONE', #1114, .T. ) ;
#1953 = VERTEX_POINT ( 'NONE', #791 ) ;
#1954 = CARTESIAN_POINT ( 'NONE',  ( -13.89243315368296905, 16.01375349724263941, 3.000000000000000000 ) ) ;
#1955 = ORIENTED_EDGE ( 'NONE', *, *, #306, .F. ) ;
#1956 = CARTESIAN_POINT ( 'NONE',  ( -38.49999999999997868, 33.17114934573120166, -8.764423786872319155 ) ) ;
#1957 = CARTESIAN_POINT ( 'NONE',  ( 38.49999999999993605, -25.92024632332393708, -1.467486569550454201 ) ) ;
#1958 = ORIENTED_EDGE ( 'NONE', *, *, #428, .T. ) ;
#1959 = CARTESIAN_POINT ( 'NONE',  ( 14.03420608576825401, 16.15552642932790306, 2.800001734771416118 ) ) ;
#1960 = CARTESIAN_POINT ( 'NONE',  ( 29.50512168286700998, -38.49999999999991473, -4.102251244736660141 ) ) ;
#1961 = VECTOR ( 'NONE', #3368, 1000.000000000000000 ) ;
#1962 = EDGE_CURVE ( 'NONE', #3067, #175, #1002, .T. ) ;
#1963 = ORIENTED_EDGE ( 'NONE', *, *, #674, .F. ) ;
#1964 = DIRECTION ( 'NONE',  ( -0.000000000000000000, -0.000000000000000000, 1.000000000000000000 ) ) ;
#1965 = CARTESIAN_POINT ( 'NONE',  ( -32.00000000000000000, -28.38269632149781074, -4.759669368116930421 ) ) ;
#1966 = VERTEX_POINT ( 'NONE', #1653 ) ;
#1967 = CARTESIAN_POINT ( 'NONE',  ( -20.21595124790976072, 38.49999999999997868, 0.000000000000000000 ) ) ;
#1968 = CARTESIAN_POINT ( 'NONE',  ( 26.05241778721284973, 28.17373813077250588, -1.124548524629683577 ) ) ;
#1969 = ORIENTED_EDGE ( 'NONE', *, *, #2396, .F. ) ;
#1970 = CARTESIAN_POINT ( 'NONE',  ( 38.49999999999995737, 33.58562194750451368, -9.382282813880392425 ) ) ;
#1971 = CARTESIAN_POINT ( 'NONE',  ( 16.01375349724263941, -13.89243315368296372, 3.000000000000000000 ) ) ;
#1972 = CIRCLE ( 'NONE', #597, 2.800000000000000266 ) ;
#1973 = ORIENTED_EDGE ( 'NONE', *, *, #3084, .T. ) ;
#1974 = CARTESIAN_POINT ( 'NONE',  ( -33.99999999999999289, -33.99999999999999289, -10.00000000000000178 ) ) ;
#1975 = CARTESIAN_POINT ( 'NONE',  ( -32.15000000000001279, -34.00000000000000711, -37.00000000000000000 ) ) ;
#1976 = ORIENTED_EDGE ( 'NONE', *, *, #367, .F. ) ;
#1977 = FACE_OUTER_BOUND ( 'NONE', #1014, .T. ) ;
#1978 = CARTESIAN_POINT ( 'NONE',  ( 31.99999999999999289, -29.77622852459822411, -8.121668399505384883 ) ) ;
#1979 = EDGE_CURVE ( 'NONE', #474, #2636, #104, .T. ) ;
#1980 = CARTESIAN_POINT ( 'NONE',  ( 7.431540063958939521E-15, 32.00000000000000711, 3.000000000000000000 ) ) ;
#1981 = ADVANCED_FACE ( 'NONE', ( #314 ), #1928, .F. ) ;
#1982 = ORIENTED_EDGE ( 'NONE', *, *, #1415, .F. ) ;
#1983 = DIRECTION ( 'NONE',  ( 1.000000000000000000, 0.000000000000000000, 0.000000000000000000 ) ) ;
#1984 = VECTOR ( 'NONE', #574, 1000.000000000000000 ) ;
#1985 = ORIENTED_EDGE ( 'NONE', *, *, #973, .F. ) ;
#1986 = CARTESIAN_POINT ( 'NONE',  ( 34.00000000000000711, 34.00000000000000711, -31.00000000000000355 ) ) ;
#1987 = VECTOR ( 'NONE', #433, 1000.000000000000000 ) ;
#1988 = CARTESIAN_POINT ( 'NONE',  ( -29.90446279742023705, -27.78314245386061287, -2.888052449576481440 ) ) ;
#1989 = CARTESIAN_POINT ( 'NONE',  ( -29.49999999999999289, 34.00000000000000711, -37.00000000000000000 ) ) ;
#1990 = AXIS2_PLACEMENT_3D ( 'NONE', #2627, #2866, #2830 ) ;
#1991 = APPROVAL_DATE_TIME ( #1682, #1506 ) ;
#1992 = ORIENTED_EDGE ( 'NONE', *, *, #2021, .T. ) ;
#1993 = LINE ( 'NONE', #3045, #2124 ) ;
#1994 = CARTESIAN_POINT ( 'NONE',  ( 30.50268829849353835, -38.49999999999991473, -5.190559552243294128 ) ) ;
#1995 = ORIENTED_EDGE ( 'NONE', *, *, #1010, .T. ) ;
#1996 = CARTESIAN_POINT ( 'NONE',  ( -38.49999999999996447, -33.99999999999998579, 3.000000000000000000 ) ) ;
#1997 = CARTESIAN_POINT ( 'NONE',  ( 31.99999999999999289, -24.34268191928946834, -1.120732555420408838 ) ) ;
#1998 = CYLINDRICAL_SURFACE ( 'NONE', #2104, 2.800000000000000266 ) ;
#1999 = VERTEX_POINT ( 'NONE', #361 ) ;
#2000 = CARTESIAN_POINT ( 'NONE',  ( 20.21595124790978559, 38.49999999999999289, 0.000000000000000000 ) ) ;
#2001 = ORIENTED_EDGE ( 'NONE', *, *, #2227, .T. ) ;
#2002 = EDGE_CURVE ( 'NONE', #745, #1424, #1443, .T. ) ;
#2003 = CARTESIAN_POINT ( 'NONE',  ( 28.08068948466886638, -30.20200982822850833, -3.322216430284311794 ) ) ;
#2004 = CC_DESIGN_PERSON_AND_ORGANIZATION_ASSIGNMENT ( #3009, #2745, ( #181 ) ) ;
#2005 = AXIS2_PLACEMENT_3D ( 'NONE', #2586, #2364, #1056 ) ;
#2006 = CARTESIAN_POINT ( 'NONE',  ( -30.73326543108807840, -28.61194508752845778, -4.267230256207239947 ) ) ;
#2007 = CARTESIAN_POINT ( 'NONE',  ( 36.25000000000004263, 34.00000000000000711, -31.00000000000000711 ) ) ;
#2008 = VERTEX_POINT ( 'NONE', #1393 ) ;
#2009 = CARTESIAN_POINT ( 'NONE',  ( 31.20000000000001350, 34.00000000000000711, 3.000000000000000000 ) ) ;
#2010 = CARTESIAN_POINT ( 'NONE',  ( 1.060660171779832295, 1.060660171779831851, 3.000000000000000000 ) ) ;
#2011 = VERTEX_POINT ( 'NONE', #620 ) ;
#2012 = CARTESIAN_POINT ( 'NONE',  ( -35.85000000000000853, -34.00000000000000711, -37.00000000000000000 ) ) ;
#2013 = CARTESIAN_POINT ( 'NONE',  ( -32.00000000000000711, -28.03594583239730298, -4.260401792516973707 ) ) ;
#2014 = ORIENTED_EDGE ( 'NONE', *, *, #3310, .T. ) ;
#2015 = FACE_OUTER_BOUND ( 'NONE', #1438, .T. ) ;
#2016 = CONICAL_SURFACE ( 'NONE', #3261, 18.50000000000000000, 0.7853981633974541632 ) ;
#2017 = FACE_OUTER_BOUND ( 'NONE', #947, .T. ) ;
#2018 = VERTEX_POINT ( 'NONE', #1409 ) ;
#2019 = CARTESIAN_POINT ( 'NONE',  ( 29.44992368698024165, -31.57124403053989425, -6.383885799651177528 ) ) ;
#2020 = CARTESIAN_POINT ( 'NONE',  ( -38.49999999999995026, 23.86877745840062204, -0.5949234976508231965 ) ) ;
#2021 = EDGE_CURVE ( 'NONE', #2342, #1612, #482, .T. ) ;
#2022 = CARTESIAN_POINT ( 'NONE',  ( 33.99999999999998579, 38.50000000000000000, 2.699999999999991296 ) ) ;
#2023 = EDGE_CURVE ( 'NONE', #1379, #2782, #2651, .T. ) ;
#2024 = CARTESIAN_POINT ( 'NONE',  ( 30.98330354904248551, -28.86198320548281515, -4.766248292548132426 ) ) ;
#2025 = CARTESIAN_POINT ( 'NONE',  ( 33.58562194750427921, -38.49999999999989342, -9.382282813880530981 ) ) ;
#2026 = PRODUCT_DEFINITION_FORMATION_WITH_SPECIFIED_SOURCE ( 'ANY', '', #2564, .NOT_KNOWN. ) ;
#2027 = AXIS2_PLACEMENT_3D ( 'NONE', #2968, #1411, #622 ) ;
#2028 = DIRECTION ( 'NONE',  ( 1.000000000000000000, 3.061276722312013477E-16, 0.000000000000000000 ) ) ;
#2029 = ORIENTED_EDGE ( 'NONE', *, *, #966, .F. ) ;
#2030 = DIRECTION ( 'NONE',  ( -3.061276722312012491E-16, 1.000000000000000000, -0.000000000000000000 ) ) ;
#2031 = ORIENTED_EDGE ( 'NONE', *, *, #2614, .F. ) ;
#2032 = DIRECTION ( 'NONE',  ( 1.000000000000000000, 0.000000000000000000, 0.000000000000000000 ) ) ;
#2033 = CIRCLE ( 'NONE', #1318, 2.799999999999997158 ) ;
#2034 = DIRECTION ( 'NONE',  ( -0.000000000000000000, 0.000000000000000000, 1.000000000000000000 ) ) ;
#2035 = ORIENTED_EDGE ( 'NONE', *, *, #2444, .T. ) ;
#2036 = CARTESIAN_POINT ( 'NONE',  ( -31.74999999999997868, -34.00000000000000711, -31.00000000000000711 ) ) ;
#2037 = CARTESIAN_POINT ( 'NONE',  ( 29.44265553164957794, 31.56397587520924120, -6.395264255018885180 ) ) ;
#2038 = B_SPLINE_CURVE_WITH_KNOTS ( 'NONE', 3,
 ( #2, #1042, #3140, #449, #192, #1257, #1776, #717, #2815, #1515, #2574, #2161, #3183, #2647, #2944, #68, #2416, #3198, #2371, #2929, #1356, #1650 ),
 .UNSPECIFIED., .F., .F.,
 ( 4, 2, 2, 2, 2, 2, 2, 2, 2, 2, 4 ),
 ( 0.000000000000000000, 0.001809287644194629632, 0.002713931466291945750, 0.003618575288389261867, 0.005427862932583888897, 0.006332506754681207183, 0.007237150576778525468, 0.009046438220973165509, 0.01085572586516780728, 0.01266501350936244732, 0.01447430115355708910 ),
 .UNSPECIFIED. ) ;
#2039 = ORIENTED_EDGE ( 'NONE', *, *, #816, .T. ) ;
#2040 = DIRECTION ( 'NONE',  ( -0.7071067811865475727, -0.7071067811865474617, 0.000000000000000000 ) ) ;
#2041 = AXIS2_PLACEMENT_3D ( 'NONE', #3155, #2178, #20 ) ;
#2042 = DIRECTION ( 'NONE',  ( -0.000000000000000000, -0.000000000000000000, -1.000000000000000000 ) ) ;
#2043 = CARTESIAN_POINT ( 'NONE',  ( 18.79999999999995453, 0.000000000000000000, 3.000000000000000000 ) ) ;
#2044 = VECTOR ( 'NONE', #1835, 1000.000000000000227 ) ;
#2045 = AXIS2_PLACEMENT_3D ( 'NONE', #425, #2791, #1421 ) ;
#2046 = EDGE_CURVE ( 'NONE', #2052, #834, #56, .T. ) ;
#2047 = EDGE_CURVE ( 'NONE', #1679, #2373, #2441, .T. ) ;
#2048 = CARTESIAN_POINT ( 'NONE',  ( 26.55854512240782839, 24.43722477884816868, -0.2697504490010100286 ) ) ;
#2049 = CARTESIAN_POINT ( 'NONE',  ( -23.17409711112024695, 25.29541745467992797, 1.905824131322175763E-17 ) ) ;
#2050 = TOROIDAL_SURFACE ( 'NONE', #1387, 14.50000000000000178, 10.00000000000000000 ) ;
#2051 = PLANE ( 'NONE',  #2205 ) ;
#2052 = VERTEX_POINT ( 'NONE', #1449 ) ;
#2053 = EDGE_CURVE ( 'NONE', #2011, #335, #397, .T. ) ;
#2054 = CARTESIAN_POINT ( 'NONE',  ( -38.49999999999994316, -1.178591538090123066E-14, 2.699999999999991296 ) ) ;
#2055 = ORIENTED_EDGE ( 'NONE', *, *, #1729, .F. ) ;
#2056 = EDGE_CURVE ( 'NONE', #627, #2070, #2314, .T. ) ;
#2057 = CARTESIAN_POINT ( 'NONE',  ( 0.000000000000000000, -32.00000000000000000, 3.000000000000000000 ) ) ;
#2058 = DIRECTION ( 'NONE',  ( 0.000000000000000000, 0.000000000000000000, 1.000000000000000000 ) ) ;
#2059 = VERTEX_POINT ( 'NONE', #1195 ) ;
#2060 = CARTESIAN_POINT ( 'NONE',  ( -32.00000000000000000, -29.87867965644037938, 3.000000000000000000 ) ) ;
#2061 = ORIENTED_EDGE ( 'NONE', *, *, #2792, .F. ) ;
#2062 = LINE ( 'NONE', #2393, #459 ) ;
#2063 = PLANE ( 'NONE',  #395 ) ;
#2064 = CALENDAR_DATE ( 2026, 29, 7 ) ;
#2065 = DIRECTION ( 'NONE',  ( 0.7071067811865474617, -0.7071067811865474617, 0.000000000000000000 ) ) ;
#2066 = CARTESIAN_POINT ( 'NONE',  ( -28.48448150614019170, 30.60580184969986917, -4.024549735681574703 ) ) ;
#2067 = CARTESIAN_POINT ( 'NONE',  ( 14.10509071632327505, 16.22641105988292409, 0.000000000000000000 ) ) ;
#2068 = ORIENTED_EDGE ( 'NONE', *, *, #1332, .F. ) ;
#2069 = LINE ( 'NONE', #2576, #985 ) ;
#2070 = VERTEX_POINT ( 'NONE', #1975 ) ;
#2071 = CYLINDRICAL_SURFACE ( 'NONE', #1883, 2.800000000000000266 ) ;
#2072 = EDGE_CURVE ( 'NONE', #2636, #301, #1279, .T. ) ;
#2073 = EDGE_CURVE ( 'NONE', #431, #718, #3093, .T. ) ;
#2074 = EDGE_LOOP ( 'NONE', ( #1683, #624, #312, #1065 ) ) ;
#2075 = CARTESIAN_POINT ( 'NONE',  ( 38.49999999999996447, -33.99999999999998579, -10.00000000000000178 ) ) ;
#2076 = AXIS2_PLACEMENT_3D ( 'NONE', #2264, #2794, #102 ) ;
#2077 = VERTEX_POINT ( 'NONE', #680 ) ;
#2078 = CIRCLE ( 'NONE', #95, 4.499999999999997335 ) ;
#2079 = DIRECTION ( 'NONE',  ( 1.000000000000000000, 0.000000000000000000, -0.000000000000000000 ) ) ;
#2080 = CARTESIAN_POINT ( 'NONE',  ( 0.000000000000000000, 0.000000000000000000, 3.000000000000000000 ) ) ;
#2081 = DIRECTION ( 'NONE',  ( 1.000000000000000000, 0.000000000000000000, 0.000000000000000000 ) ) ;
#2082 = CARTESIAN_POINT ( 'NONE',  ( -33.99999999999999289, 38.49999999999999289, 3.000000000000000000 ) ) ;
#2083 = CARTESIAN_POINT ( 'NONE',  ( -29.65327091937576398, 31.77459126293544855, -7.241859038793329262 ) ) ;
#2084 = DIRECTION ( 'NONE',  ( 0.000000000000000000, 0.000000000000000000, 1.000000000000000000 ) ) ;
#2085 = ORIENTED_EDGE ( 'NONE', *, *, #1332, .T. ) ;
#2086 = FACE_OUTER_BOUND ( 'NONE', #3040, .T. ) ;
#2087 = VERTEX_POINT ( 'NONE', #1738 ) ;
#2088 = CARTESIAN_POINT ( 'NONE',  ( -33.99999999999999289, 38.50000000000001421, -10.00000000000000178 ) ) ;
#2089 = CARTESIAN_POINT ( 'NONE',  ( 34.00000000000000711, 34.00000000000000711, 3.000000000000000000 ) ) ;
#2090 = AXIS2_PLACEMENT_3D ( 'NONE', #2408, #2153, #2719 ) ;
#2091 = ORIENTED_EDGE ( 'NONE', *, *, #2939, .T. ) ;
#2092 = EDGE_CURVE ( 'NONE', #2493, #1638, #905, .T. ) ;
#2093 = EDGE_CURVE ( 'NONE', #2457, #2197, #1716, .T. ) ;
#2094 = DIRECTION ( 'NONE',  ( 0.000000000000000000, -0.000000000000000000, -1.000000000000000000 ) ) ;
#2095 = ORIENTED_EDGE ( 'NONE', *, *, #2589, .T. ) ;
#2096 = DIRECTION ( 'NONE',  ( -1.000000000000000000, 0.000000000000000000, 0.000000000000000000 ) ) ;
#2097 = FACE_BOUND ( 'NONE', #917, .T. ) ;
#2098 = CONICAL_SURFACE ( 'NONE', #1877, 21.20000000000000995, 0.7853981633974309595 ) ;
#2099 = CYLINDRICAL_SURFACE ( 'NONE', #316, 18.50000000000000000 ) ;
#2100 = CARTESIAN_POINT ( 'NONE',  ( 0.000000000000000000, 0.000000000000000000, 3.000000000000000000 ) ) ;
#2101 = CARTESIAN_POINT ( 'NONE',  ( 34.00000000000000711, -33.99999999999999289, 3.000000000000000000 ) ) ;
#2102 = ORIENTED_EDGE ( 'NONE', *, *, #610, .F. ) ;
#2103 = CARTESIAN_POINT ( 'NONE',  ( 34.00000000000000711, 34.00000000000000711, 3.000999999999996781 ) ) ;
#2104 = AXIS2_PLACEMENT_3D ( 'NONE', #980, #143, #2285 ) ;
#2105 = CARTESIAN_POINT ( 'NONE',  ( -33.99999999999999289, 34.00000000000000711, -31.00000000000000355 ) ) ;
#2106 = EDGE_LOOP ( 'NONE', ( #1048, #1034 ) ) ;
#2107 = AXIS2_PLACEMENT_3D ( 'NONE', #956, #2533, #390 ) ;
#2108 = VECTOR ( 'NONE', #382, 1000.000000000000114 ) ;
#2109 = CARTESIAN_POINT ( 'NONE',  ( 0.000000000000000000, 0.000000000000000000, 3.000000000000000000 ) ) ;
#2110 = ORIENTED_EDGE ( 'NONE', *, *, #1545, .T. ) ;
#2111 = DIRECTION ( 'NONE',  ( -0.000000000000000000, -0.000000000000000000, 1.000000000000000000 ) ) ;
#2112 = PLANE ( 'NONE',  #33 ) ;
#2113 = ADVANCED_FACE ( 'NONE', ( #959 ), #2748, .T. ) ;
#2114 = CARTESIAN_POINT ( 'NONE',  ( -23.79182546617557037, -32.00000000000000711, -0.8582643753766572292 ) ) ;
#2115 = CARTESIAN_POINT ( 'NONE',  ( -16.01375349724261454, -13.89243315368298859, 3.000000000000000000 ) ) ;
#2116 = DIRECTION ( 'NONE',  ( 1.000000000000000000, 0.000000000000000000, 0.000000000000000000 ) ) ;
#2117 = EDGE_LOOP ( 'NONE', ( #1013, #2451, #2303, #1351 ) ) ;
#2118 = CARTESIAN_POINT ( 'NONE',  ( 18.50000000000000000, 2.265596578422603396E-15, 3.000000000000000000 ) ) ;
#2119 = DIRECTION ( 'NONE',  ( -0.7071067811865477948, -0.7071067811865473507, 0.000000000000000000 ) ) ;
#2120 = ORIENTED_EDGE ( 'NONE', *, *, #477, .T. ) ;
#2121 = CARTESIAN_POINT ( 'NONE',  ( -30.50264423704808792, -38.49999999999993605, -5.190509545258818136 ) ) ;
#2122 = ORIENTED_EDGE ( 'NONE', *, *, #1794, .T. ) ;
#2123 = CARTESIAN_POINT ( 'NONE',  ( 0.000000000000000000, 0.000000000000000000, 0.000000000000000000 ) ) ;
#2124 = VECTOR ( 'NONE', #1496, 1000.000000000000000 ) ;
#2125 = ADVANCED_FACE ( 'NONE', ( #1755 ), #1217, .T. ) ;
#2126 = EDGE_CURVE ( 'NONE', #455, #2777, #778, .T. ) ;
#2127 = CARTESIAN_POINT ( 'NONE',  ( -1.060660171779827188, -1.060660171779826966, 0.000000000000000000 ) ) ;
#2128 = LINE ( 'NONE', #2910, #2319 ) ;
#2129 = LINE ( 'NONE', #532, #1274 ) ;
#2130 = ORIENTED_EDGE ( 'NONE', *, *, #1458, .F. ) ;
#2131 = VERTEX_POINT ( 'NONE', #2280 ) ;
#2132 = DIRECTION ( 'NONE',  ( 1.000000000000000000, 0.000000000000000000, 0.000000000000000000 ) ) ;
#2133 = CARTESIAN_POINT ( 'NONE',  ( 28.38269632149771482, -32.00000000000000711, -4.759669368116759891 ) ) ;
#2134 = ORIENTED_EDGE ( 'NONE', *, *, #2520, .F. ) ;
#2135 = CARTESIAN_POINT ( 'NONE',  ( -38.49999999999997868, 34.00000000000000711, 3.000000000000000000 ) ) ;
#2136 = LINE ( 'NONE', #3203, #2536 ) ;
#2137 = ORIENTED_EDGE ( 'NONE', *, *, #2635, .F. ) ;
#2138 = CARTESIAN_POINT ( 'NONE',  ( 20.85992855152133174, 31.99999999999999289, -0.05532509882921867600 ) ) ;
#2139 = CARTESIAN_POINT ( 'NONE',  ( -29.82059474039922975, -31.94191508395886103, -8.123812770480077106 ) ) ;
#2140 = AXIS2_PLACEMENT_3D ( 'NONE', #2270, #3322, #965 ) ;
#2141 = VERTEX_POINT ( 'NONE', #3314 ) ;
#2142 = CARTESIAN_POINT ( 'NONE',  ( -26.82517373908332914, -32.00000000000000711, -2.884925936311734773 ) ) ;
#2143 = CARTESIAN_POINT ( 'NONE',  ( 38.49999999999992895, -33.99999999999998579, 2.699999999999991296 ) ) ;
#2144 = EDGE_CURVE ( 'NONE', #1037, #1999, #975, .T. ) ;
#2145 = DIRECTION ( 'NONE',  ( -0.000000000000000000, -0.000000000000000000, 1.000000000000000000 ) ) ;
#2146 = ORIENTED_EDGE ( 'NONE', *, *, #2820, .T. ) ;
#2147 = DIRECTION ( 'NONE',  ( 0.7071067811865230368, 0.000000000000000000, -0.7071067811865721087 ) ) ;
#2148 = AXIS2_PLACEMENT_3D ( 'NONE', #1859, #2401, #1874 ) ;
#2149 = CARTESIAN_POINT ( 'NONE',  ( 25.89536819656589017, -32.00000000000000711, -2.094542282077745732 ) ) ;
#2150 = EDGE_CURVE ( 'NONE', #2603, #53, #2731, .T. ) ;
#2151 = ORIENTED_EDGE ( 'NONE', *, *, #1479, .T. ) ;
#2152 = CIRCLE ( 'NONE', #2479, 4.500000000000003553 ) ;
#2153 = DIRECTION ( 'NONE',  ( 0.000000000000000000, 0.000000000000000000, 1.000000000000000000 ) ) ;
#2154 = FACE_OUTER_BOUND ( 'NONE', #1595, .T. ) ;
#2155 = AXIS2_PLACEMENT_3D ( 'NONE', #2160, #1858, #296 ) ;
#2156 = VERTEX_POINT ( 'NONE', #2115 ) ;
#2157 = CARTESIAN_POINT ( 'NONE',  ( -24.85907640980135014, -26.98039675336097432, -0.4339733207428184691 ) ) ;
#2158 = ORIENTED_EDGE ( 'NONE', *, *, #1394, .F. ) ;
#2159 = CYLINDRICAL_SURFACE ( 'NONE', #1077, 4.499999999999997335 ) ;
#2160 = CARTESIAN_POINT ( 'NONE',  ( 0.000000000000000000, 0.000000000000000000, 0.000000000000000000 ) ) ;
#2161 = CARTESIAN_POINT ( 'NONE',  ( -29.89800749433317151, 27.77668715077351536, -2.898087002299575943 ) ) ;
#2162 = VERTEX_POINT ( 'NONE', #1256 ) ;
#2163 = LINE ( 'NONE', #618, #3162 ) ;
#2164 = CARTESIAN_POINT ( 'NONE',  ( -38.49999999999993605, -23.86879751986302978, -0.5949300883504379245 ) ) ;
#2165 = ORIENTED_EDGE ( 'NONE', *, *, #3189, .F. ) ;
#2166 = CARTESIAN_POINT ( 'NONE',  ( -33.99999999999999289, -33.99999999999999289, 3.000000000000000000 ) ) ;
#2167 = DIRECTION ( 'NONE',  ( -0.000000000000000000, -0.000000000000000000, -1.000000000000000000 ) ) ;
#2168 = EDGE_CURVE ( 'NONE', #1953, #2648, #1531, .T. ) ;
#2169 = CARTESIAN_POINT ( 'NONE',  ( -36.25000000000004263, 34.00000000000000711, -31.00000000000000711 ) ) ;
#2170 = EDGE_CURVE ( 'NONE', #2663, #1866, #3117, .T. ) ;
#2171 = EDGE_LOOP ( 'NONE', ( #2338, #538, #54, #1521 ) ) ;
#2172 = CARTESIAN_POINT ( 'NONE',  ( 33.17114934649625013, 38.50000000000001421, -8.764423786359010649 ) ) ;
#2173 = CARTESIAN_POINT ( 'NONE',  ( -32.00000000000000711, 23.79182546617549932, -0.8582643753766245887 ) ) ;
#2174 = VERTEX_POINT ( 'NONE', #716 ) ;
#2175 = CARTESIAN_POINT ( 'NONE',  ( -28.01903382393692610, -32.00000000000000000, -4.259590356345412054 ) ) ;
#2176 = CARTESIAN_POINT ( 'NONE',  ( 38.50000000000000711, -33.99999999999999289, -37.00000000000000000 ) ) ;
#2177 = VECTOR ( 'NONE', #1703, 1000.000000000000000 ) ;
#2178 = DIRECTION ( 'NONE',  ( -0.000000000000000000, 0.000000000000000000, 1.000000000000000000 ) ) ;
#2179 = CIRCLE ( 'NONE', #149, 1.849999999999997424 ) ;
#2180 = ORIENTED_EDGE ( 'NONE', *, *, #1055, .F. ) ;
#2181 = CARTESIAN_POINT ( 'NONE',  ( 34.00000000000000711, -34.00000000000000711, -31.00000000000000355 ) ) ;
#2182 = CARTESIAN_POINT ( 'NONE',  ( -38.49999999999993605, -30.50268829849352770, -5.190559552243273700 ) ) ;
#2183 = EDGE_LOOP ( 'NONE', ( #964, #511, #1757, #1893 ) ) ;
#2184 = CARTESIAN_POINT ( 'NONE',  ( -38.49999999999993605, -20.21595124790975362, 0.000000000000000000 ) ) ;
#2185 = CARTESIAN_POINT ( 'NONE',  ( -16.01375349724262520, 13.89243315368297438, 3.000000000000000000 ) ) ;
#2186 = ORIENTED_EDGE ( 'NONE', *, *, #1479, .F. ) ;
#2187 = ADVANCED_FACE ( 'NONE', ( #1060 ), #1559, .T. ) ;
#2188 = CARTESIAN_POINT ( 'NONE',  ( 20.25431548716134245, 31.99999999999999289, -1.029145030913974542E-16 ) ) ;
#2189 = EDGE_CURVE ( 'NONE', #1642, #1614, #1110, .T. ) ;
#2190 = DIRECTION ( 'NONE',  ( -0.000000000000000000, -0.000000000000000000, -1.000000000000000000 ) ) ;
#2191 = EDGE_CURVE ( 'NONE', #1612, #1379, #1719, .T. ) ;
#2192 = CIRCLE ( 'NONE', #2358, 21.20000000000000995 ) ;
#2193 = CARTESIAN_POINT ( 'NONE',  ( 38.49999999999996447, 29.50512168286700287, -4.102251244736628166 ) ) ;
#2194 = DIRECTION ( 'NONE',  ( 1.000000000000000000, 0.000000000000000000, 0.000000000000000000 ) ) ;
#2195 = DIRECTION ( 'NONE',  ( 1.000000000000000000, 0.000000000000000000, 0.000000000000000000 ) ) ;
#2196 = DATE_TIME_ROLE ( 'creation_date' ) ;
#2197 = VERTEX_POINT ( 'NONE', #1583 ) ;
#2198 = DIRECTION ( 'NONE',  ( 0.000000000000000000, -0.7071067811865311414, 0.7071067811865638930 ) ) ;
#2199 = DIRECTION ( 'NONE',  ( -0.7071067811865352493, 0.000000000000000000, -0.7071067811865597852 ) ) ;
#2200 = EDGE_LOOP ( 'NONE', ( #1958, #320, #1396, #1483, #3006, #804 ) ) ;
#2201 = AXIS2_PLACEMENT_3D ( 'NONE', #549, #868, #2881 ) ;
#2202 = DIRECTION ( 'NONE',  ( 1.000000000000000000, 0.000000000000000000, 0.000000000000000000 ) ) ;
#2203 = DIRECTION ( 'NONE',  ( -0.000000000000000000, -0.000000000000000000, -1.000000000000000000 ) ) ;
#2204 = AXIS2_PLACEMENT_3D ( 'NONE', #90, #1899, #1150 ) ;
#2205 = AXIS2_PLACEMENT_3D ( 'NONE', #502, #228, #2028 ) ;
#2206 = ORIENTED_EDGE ( 'NONE', *, *, #843, .F. ) ;
#2207 = CARTESIAN_POINT ( 'NONE',  ( 29.54249565960736135, 31.99999999999998579, -7.233885590615688699 ) ) ;
#2208 = FACE_OUTER_BOUND ( 'NONE', #377, .T. ) ;
#2209 = CIRCLE ( 'NONE', #886, 2.800000000000000266 ) ;
#2210 = VERTEX_POINT ( 'NONE', #258 ) ;
#2211 = LINE ( 'NONE', #2726, #3233 ) ;
#2212 = EDGE_CURVE ( 'NONE', #2777, #3111, #1549, .T. ) ;
#2213 = CARTESIAN_POINT ( 'NONE',  ( 38.49999999999993605, -24.22321813307085492, -0.7187816967066547047 ) ) ;
#2214 = VERTEX_POINT ( 'NONE', #1304 ) ;
#2215 = DIRECTION ( 'NONE',  ( 1.000000000000000000, 0.000000000000000000, 0.000000000000000000 ) ) ;
#2216 = CARTESIAN_POINT ( 'NONE',  ( 24.22323987899293840, -38.49999999999990763, -0.7187895941456530213 ) ) ;
#2217 = ORIENTED_EDGE ( 'NONE', *, *, #1053, .F. ) ;
#2218 = CARTESIAN_POINT ( 'NONE',  ( 31.99999999999999289, -29.24114570036631022, -6.373171791892627169 ) ) ;
#2219 = CARTESIAN_POINT ( 'NONE',  ( 22.74130080103461182, -24.86262114459425376, 0.000000000000000000 ) ) ;
#2220 = ORIENTED_EDGE ( 'NONE', *, *, #327, .T. ) ;
#2221 = CARTESIAN_POINT ( 'NONE',  ( 24.22321813307085137, 38.50000000000000000, -0.7187816967066464890 ) ) ;
#2222 = DIRECTION ( 'NONE',  ( 1.000000000000000000, 0.000000000000000000, 0.000000000000000000 ) ) ;
#2223 = B_SPLINE_CURVE_WITH_KNOTS ( 'NONE', 3,
 ( #408, #3007, #658, #644, #1699, #1717, #882, #2496, #1420, #1988, #2447, #148, #2006, #2240, #3247, #3278, #676, #1474, #1404, #2512, #97, #168 ),
 .UNSPECIFIED., .F., .F.,
 ( 4, 2, 2, 2, 2, 2, 2, 2, 2, 2, 4 ),
 ( 0.000000000000000000, 0.001805605640880802477, 0.003611211281761604955, 0.005416816922642407432, 0.007222422563523209910, 0.009028028204404013254, 0.009930831024844417529, 0.01083363384528482354, 0.01263923948616563903, 0.01354204230660604677, 0.01444484512704645104 ),
 .UNSPECIFIED. ) ;
#2224 = EDGE_LOOP ( 'NONE', ( #3003, #2914, #171, #3237, #2345, #3125, #3272, #3354, #3102, #523, #1342 ) ) ;
#2225 = LINE ( 'NONE', #3260, #1047 ) ;
#2226 = DIRECTION ( 'NONE',  ( -1.000000000000000000, 0.000000000000000000, 0.000000000000000000 ) ) ;
#2227 = EDGE_CURVE ( 'NONE', #469, #2493, #2757, .T. ) ;
#2228 = ORIENTED_EDGE ( 'NONE', *, *, #3225, .T. ) ;
#2229 = EDGE_CURVE ( 'NONE', #323, #957, #513, .T. ) ;
#2230 = CARTESIAN_POINT ( 'NONE',  ( 38.50000000000000711, 34.00000000000001421, -10.00000000000000178 ) ) ;
#2231 = CARTESIAN_POINT ( 'NONE',  ( 21.70360387310212147, -38.49999999999991473, -0.07554772463491363221 ) ) ;
#2232 = CIRCLE ( 'NONE', #2672, 2.800000000000000266 ) ;
#2233 = AXIS2_PLACEMENT_3D ( 'NONE', #1895, #2915, #3169 ) ;
#2234 = ORIENTED_EDGE ( 'NONE', *, *, #3038, .F. ) ;
#2235 = CARTESIAN_POINT ( 'NONE',  ( 31.99999999999997868, -25.38997063379877517, -1.735367792816656429 ) ) ;
#2236 = DIRECTION ( 'NONE',  ( 1.000000000000000000, 0.000000000000000000, 0.000000000000000000 ) ) ;
#2237 = ORIENTED_EDGE ( 'NONE', *, *, #515, .F. ) ;
#2238 = LINE ( 'NONE', #706, #3075 ) ;
#2239 = ORIENTED_EDGE ( 'NONE', *, *, #2797, .F. ) ;
#2240 = CARTESIAN_POINT ( 'NONE',  ( -30.97359937579859590, -28.85227903223896817, -4.770121381240659986 ) ) ;
#2241 = LINE ( 'NONE', #1174, #1220 ) ;
#2242 = CIRCLE ( 'NONE', #2951, 21.50000000000000000 ) ;
#2243 = LOCAL_TIME ( 15, 17, 1.000000000000000000, #170 ) ;
#2244 = ORIENTED_EDGE ( 'NONE', *, *, #570, .T. ) ;
#2245 = LINE ( 'NONE', #3299, #2177 ) ;
#2246 = CARTESIAN_POINT ( 'NONE',  ( 22.79323909933865977, -38.49999999999992184, -0.2921219602350799138 ) ) ;
#2247 = ORIENTED_EDGE ( 'NONE', *, *, #3020, .T. ) ;
#2248 = FACE_OUTER_BOUND ( 'NONE', #1487, .T. ) ;
#2249 = CARTESIAN_POINT ( 'NONE',  ( -31.19999999999999574, 34.00000000000000711, -31.00000000000000355 ) ) ;
#2250 = EDGE_CURVE ( 'NONE', #1785, #1926, #2594, .T. ) ;
#2251 = EDGE_CURVE ( 'NONE', #1926, #1612, #2334, .T. ) ;
#2252 = ORIENTED_EDGE ( 'NONE', *, *, #2653, .T. ) ;
#2253 = CARTESIAN_POINT ( 'NONE',  ( 24.85907640980128974, 26.98039675336094234, -0.4339733207427937112 ) ) ;
#2254 = VECTOR ( 'NONE', #2190, 1000.000000000000000 ) ;
#2255 = CONICAL_SURFACE ( 'NONE', #2201, 2.250000000000029754, 0.7853981633974661536 ) ;
#2256 = VERTEX_POINT ( 'NONE', #1273 ) ;
#2257 = CARTESIAN_POINT ( 'NONE',  ( 24.43722477884820066, -26.55854512240783549, -0.2697504490010197986 ) ) ;
#2258 = CIRCLE ( 'NONE', #1108, 18.50000000000000000 ) ;
#2259 = CYLINDRICAL_SURFACE ( 'NONE', #2804, 21.50000000000000000 ) ;
#2260 = LINE ( 'NONE', #1445, #452 ) ;
#2261 = AXIS2_PLACEMENT_3D ( 'NONE', #867, #1924, #1906 ) ;
#2262 =( NAMED_UNIT ( * ) PLANE_ANGLE_UNIT ( ) SI_UNIT ( $, .RADIAN. ) );
#2263 = ORIENTED_EDGE ( 'NONE', *, *, #260, .F. ) ;
#2264 = CARTESIAN_POINT ( 'NONE',  ( 0.000000000000000000, 0.000000000000000000, 3.000000000000000000 ) ) ;
#2265 = CARTESIAN_POINT ( 'NONE',  ( 20.96594375926296294, -38.49999999999991473, 1.445602896647326098E-16 ) ) ;
#2266 = ORIENTED_EDGE ( 'NONE', *, *, #2382, .F. ) ;
#2267 = CARTESIAN_POINT ( 'NONE',  ( -34.00000000000000711, -34.00000000000000711, -31.40000000000002345 ) ) ;
#2268 = DIRECTION ( 'NONE',  ( 1.000000000000000000, 0.000000000000000000, 0.000000000000000000 ) ) ;
#2269 = ORIENTED_EDGE ( 'NONE', *, *, #1962, .T. ) ;
#2270 = CARTESIAN_POINT ( 'NONE',  ( 0.000000000000000000, 0.000000000000000000, 0.000000000000000000 ) ) ;
#2271 = EDGE_CURVE ( 'NONE', #1689, #3232, #1547, .T. ) ;
#2272 = EDGE_CURVE ( 'NONE', #2302, #298, #3186, .T. ) ;
#2273 = DIRECTION ( 'NONE',  ( -5.102127870520020982E-16, -1.000000000000000000, 0.000000000000000000 ) ) ;
#2274 = ORIENTED_EDGE ( 'NONE', *, *, #2480, .T. ) ;
#2275 = B_SPLINE_CURVE_WITH_KNOTS ( 'NONE', 3,
 ( #2799, #963, #1520, #1709, #946, #2819, #652, #1965, #2013, #401, #3320, #3051, #3271, #197, #2752, #3016, #3034, #702, #2784, #1452 ),
 .UNSPECIFIED., .F., .F.,
 ( 4, 2, 2, 2, 2, 2, 2, 2, 2, 4 ),
 ( 1.734723475976807094E-18, 0.001821396494256021827, 0.002732094741384031873, 0.003642792988512041918, 0.005464189482768059408, 0.007285585977024077765, 0.009106982471280096123, 0.01092837896553611535, 0.01274977545979213284, 0.01457117195404815033 ),
 .UNSPECIFIED. ) ;
#2276 = CARTESIAN_POINT ( 'NONE',  ( 27.78314245386054182, -29.90446279742017666, -2.888052449576373526 ) ) ;
#2277 = CARTESIAN_POINT ( 'NONE',  ( 1.060660171779832295, 1.060660171779831851, 3.000000000000000000 ) ) ;
#2278 = DIRECTION ( 'NONE',  ( 0.000000000000000000, 0.000000000000000000, -1.000000000000000000 ) ) ;
#2279 = CARTESIAN_POINT ( 'NONE',  ( 38.49999999999995026, 20.21595124790977493, 0.000000000000000000 ) ) ;
#2280 = CARTESIAN_POINT ( 'NONE',  ( -16.22641105988290988, -14.10509071632328570, 0.000000000000000000 ) ) ;
#2281 = DIRECTION ( 'NONE',  ( 1.000000000000000000, 0.000000000000000000, 0.000000000000000000 ) ) ;
#2282 = EDGE_LOOP ( 'NONE', ( #997, #1241, #2180, #1618 ) ) ;
#2283 = ORIENTED_EDGE ( 'NONE', *, *, #1821, .F. ) ;
#2284 = DIRECTION ( 'NONE',  ( 1.000000000000000000, 0.000000000000000000, 0.000000000000000000 ) ) ;
#2285 = DIRECTION ( 'NONE',  ( 1.000000000000000000, 0.000000000000000000, 0.000000000000000000 ) ) ;
#2286 = VERTEX_POINT ( 'NONE', #1041 ) ;
#2287 = CARTESIAN_POINT ( 'NONE',  ( 23.15360480325195880, 38.50000000000000000, -0.3816444876301800515 ) ) ;
#2288 = VECTOR ( 'NONE', #2931, 1000.000000000000000 ) ;
#2289 = CARTESIAN_POINT ( 'NONE',  ( 31.99999999999998579, -19.63859338365492846, 0.000000000000000000 ) ) ;
#2290 = EDGE_CURVE ( 'NONE', #2600, #922, #185, .T. ) ;
#2291 = ADVANCED_FACE ( 'NONE', ( #3165 ), #98, .F. ) ;
#2292 = VERTEX_POINT ( 'NONE', #2678 ) ;
#2293 = CARTESIAN_POINT ( 'NONE',  ( -34.00000000000000711, -34.00000000000000711, -37.00000000000000000 ) ) ;
#2294 = B_SPLINE_CURVE_WITH_KNOTS ( 'NONE', 3,
 ( #412, #1462, #958, #939 ),
 .UNSPECIFIED., .F., .F.,
 ( 4, 4 ),
 ( 0.000000000000000000, 0.0004247899220746923854 ),
 .UNSPECIFIED. ) ;
#2295 = LINE ( 'NONE', #2790, #608 ) ;
#2296 = CARTESIAN_POINT ( 'NONE',  ( 34.00000000000000711, 34.00000000000000711, 0.000000000000000000 ) ) ;
#2297 = EDGE_CURVE ( 'NONE', #550, #2214, #1140, .T. ) ;
#2298 = CARTESIAN_POINT ( 'NONE',  ( 31.64093192628978457, -29.51961158273011421, -6.677178291977980962 ) ) ;
#2299 = CARTESIAN_POINT ( 'NONE',  ( -1.060660171779827188, -1.060660171779826966, 3.000000000000000000 ) ) ;
#2300 = AXIS2_PLACEMENT_3D ( 'NONE', #1741, #2985, #416 ) ;
#2301 = CARTESIAN_POINT ( 'NONE',  ( 32.15000000000001279, -34.00000000000000711, 3.000999999999996781 ) ) ;
#2302 = VERTEX_POINT ( 'NONE', #2176 ) ;
#2303 = ORIENTED_EDGE ( 'NONE', *, *, #427, .F. ) ;
#2304 = DIRECTION ( 'NONE',  ( -0.000000000000000000, -0.000000000000000000, -1.000000000000000000 ) ) ;
#2305 = LINE ( 'NONE', #740, #2375 ) ;
#2306 = ORIENTED_EDGE ( 'NONE', *, *, #2550, .F. ) ;
#2307 = CARTESIAN_POINT ( 'NONE',  ( 32.15000000000001279, 34.00000000000000711, -37.00000000000000000 ) ) ;
#2308 = ORIENTED_EDGE ( 'NONE', *, *, #1331, .F. ) ;
#2309 = CARTESIAN_POINT ( 'NONE',  ( -29.87867965644033674, 32.00000000000001421, -8.730026166412303112 ) ) ;
#2310 = AXIS2_PLACEMENT_3D ( 'NONE', #280, #1061, #2116 ) ;
#2311 = DIRECTION ( 'NONE',  ( -1.000000000000000000, 0.000000000000000000, 0.000000000000000000 ) ) ;
#2312 = DIRECTION ( 'NONE',  ( -1.000000000000000000, 5.102127870520020982E-16, 0.000000000000000000 ) ) ;
#2313 = VECTOR ( 'NONE', #223, 1000.000000000000000 ) ;
#2314 = CIRCLE ( 'NONE', #3134, 1.849999999999997424 ) ;
#2315 = ADVANCED_FACE ( 'NONE', ( #326, #1389 ), #1616, .F. ) ;
#2316 = EDGE_CURVE ( 'NONE', #1433, #2197, #82, .T. ) ;
#2317 = CARTESIAN_POINT ( 'NONE',  ( 29.90446279742011981, 27.78314245386047432, -2.888052449576275826 ) ) ;
#2318 = CARTESIAN_POINT ( 'NONE',  ( -26.04584069729022744, 28.16716104084990135, -1.119808028364547514 ) ) ;
#2319 = VECTOR ( 'NONE', #851, 1000.000000000000000 ) ;
#2320 = FACE_OUTER_BOUND ( 'NONE', #2117, .T. ) ;
#2321 = ORIENTED_EDGE ( 'NONE', *, *, #305, .F. ) ;
#2322 = DIRECTION ( 'NONE',  ( -1.000000000000000000, 0.000000000000000000, 0.000000000000000000 ) ) ;
#2323 = ORIENTED_EDGE ( 'NONE', *, *, #1979, .T. ) ;
#2324 = DIRECTION ( 'NONE',  ( -0.000000000000000000, -0.000000000000000000, 1.000000000000000000 ) ) ;
#2325 = DIRECTION ( 'NONE',  ( -0.000000000000000000, 0.000000000000000000, 1.000000000000000000 ) ) ;
#2326 = ORIENTED_EDGE ( 'NONE', *, *, #634, .F. ) ;
#2327 = CARTESIAN_POINT ( 'NONE',  ( -22.79322483209558925, -38.49999999999992895, -0.2921187203032468149 ) ) ;
#2328 = ORIENTED_EDGE ( 'NONE', *, *, #2023, .T. ) ;
#2329 = PLANE ( 'NONE',  #1574 ) ;
#2330 = CARTESIAN_POINT ( 'NONE',  ( -38.49999999999995026, 27.78980546374030070, -2.690876094217201420 ) ) ;
#2331 = CARTESIAN_POINT ( 'NONE',  ( 0.000000000000000000, 0.000000000000000000, 2.700000000000001954 ) ) ;
#2332 = DATE_TIME_ROLE ( 'classification_date' ) ;
#2333 = LINE ( 'NONE', #750, #1961 ) ;
#2334 = LINE ( 'NONE', #2299, #1886 ) ;
#2335 = EDGE_CURVE ( 'NONE', #28, #3258, #399, .T. ) ;
#2336 = EDGE_CURVE ( 'NONE', #1828, #2131, #2128, .T. ) ;
#2337 = CYLINDRICAL_SURFACE ( 'NONE', #2587, 1.849999999999997424 ) ;
#2338 = ORIENTED_EDGE ( 'NONE', *, *, #901, .F. ) ;
#2339 = ORIENTED_EDGE ( 'NONE', *, *, #2653, .F. ) ;
#2340 = CARTESIAN_POINT ( 'NONE',  ( 34.00000000000000711, 34.00000000000000711, -37.00000000000000000 ) ) ;
#2341 = CARTESIAN_POINT ( 'NONE',  ( -33.99999999999999289, -33.99999999999999289, -10.00000000000000178 ) ) ;
#2342 = VERTEX_POINT ( 'NONE', #2893 ) ;
#2343 = CARTESIAN_POINT ( 'NONE',  ( -25.92024632332392642, -38.49999999999992895, -1.467486569550449316 ) ) ;
#2344 = AXIS2_PLACEMENT_3D ( 'NONE', #123, #1164, #2215 ) ;
#2345 = ORIENTED_EDGE ( 'NONE', *, *, #2894, .F. ) ;
#2346 = AXIS2_PLACEMENT_3D ( 'NONE', #2181, #3157, #1344 ) ;
#2347 = B_SPLINE_CURVE_WITH_KNOTS ( 'NONE', 3,
 ( #3136, #209, #1842, #2298, #3313, #3081, #517, #2024, #2593, #1530, #734, #257, #1789, #3064, #715, #1568, #245, #465, #1513, #2829, #2572, #1288 ),
 .UNSPECIFIED., .F., .F.,
 ( 4, 2, 2, 2, 2, 2, 2, 2, 2, 2, 4 ),
 ( 0.000000000000000000, 0.001809287644194593637, 0.002713931466291892840, 0.003618575288389192044, 0.005427862932583800426, 0.006332506754681099630, 0.007237150576778398833, 0.009046438220972985098, 0.01085572586516757310, 0.01266501350936216110, 0.01447430115355674562 ),
 .UNSPECIFIED. ) ;
#2348 = CARTESIAN_POINT ( 'NONE',  ( 0.000000000000000000, 0.000000000000000000, -37.00000000000000000 ) ) ;
#2349 = CARTESIAN_POINT ( 'NONE',  ( 31.97092655649720072, 29.84960621293753036, -8.426596083035935436 ) ) ;
#2350 = DIRECTION ( 'NONE',  ( -0.000000000000000000, 0.000000000000000000, 1.000000000000000000 ) ) ;
#2351 = DIRECTION ( 'NONE',  ( 1.000000000000000000, 0.000000000000000000, 0.000000000000000000 ) ) ;
#2352 = EDGE_LOOP ( 'NONE', ( #491, #1490, #3052, #1133, #1541, #753 ) ) ;
#2353 = ORIENTED_EDGE ( 'NONE', *, *, #1919, .T. ) ;
#2354 = CARTESIAN_POINT ( 'NONE',  ( 34.00000000000000711, 34.00000000000000711, -31.00000000000000711 ) ) ;
#2355 = AXIS2_PLACEMENT_3D ( 'NONE', #453, #962, #2284 ) ;
#2356 = ORIENTED_EDGE ( 'NONE', *, *, #1540, .F. ) ;
#2357 = CARTESIAN_POINT ( 'NONE',  ( -28.08300307669587070, 38.49999999999998579, -2.918774861815954580 ) ) ;
#2358 = AXIS2_PLACEMENT_3D ( 'NONE', #3285, #943, #699 ) ;
#2359 = DIRECTION ( 'NONE',  ( 0.000000000000000000, -0.000000000000000000, -1.000000000000000000 ) ) ;
#2360 = EDGE_CURVE ( 'NONE', #824, #573, #71, .T. ) ;
#2361 = ADVANCED_FACE ( 'NONE', ( #66 ), #347, .T. ) ;
#2362 = EDGE_LOOP ( 'NONE', ( #3290, #80, #3335, #527 ) ) ;
#2363 = DIRECTION ( 'NONE',  ( 0.000000000000000000, 0.000000000000000000, -1.000000000000000000 ) ) ;
#2364 = DIRECTION ( 'NONE',  ( 0.000000000000000000, 1.000000000000000000, 0.000000000000000000 ) ) ;
#2365 = AXIS2_PLACEMENT_3D ( 'NONE', #3066, #1305, #2351 ) ;
#2366 = CARTESIAN_POINT ( 'NONE',  ( -32.15000000000001279, -34.00000000000000711, 3.000999999999996781 ) ) ;
#2367 = AXIS2_PLACEMENT_3D ( 'NONE', #1085, #2532, #3042 ) ;
#2368 = CIRCLE ( 'NONE', #881, 21.50000000000000000 ) ;
#2369 = DIRECTION ( 'NONE',  ( 1.000000000000000000, 0.000000000000000000, 0.000000000000000000 ) ) ;
#2370 = VECTOR ( 'NONE', #499, 1000.000000000000000 ) ;
#2371 = CARTESIAN_POINT ( 'NONE',  ( -26.56976244834361012, 24.44844210478395752, -0.2734185340363628480 ) ) ;
#2372 = DIRECTION ( 'NONE',  ( 0.7071067811865721087, 2.164649529435426811E-16, -0.7071067811865229258 ) ) ;
#2373 = VERTEX_POINT ( 'NONE', #814 ) ;
#2374 = LINE ( 'NONE', #1294, #691 ) ;
#2375 = VECTOR ( 'NONE', #1046, 1000.000000000000000 ) ;
#2376 = DIRECTION ( 'NONE',  ( 0.7071067811865473507, -0.7071067811865477948, 0.000000000000000000 ) ) ;
#2377 = ORIENTED_EDGE ( 'NONE', *, *, #2839, .T. ) ;
#2378 = CARTESIAN_POINT ( 'NONE',  ( -33.58562194750456342, 38.49999999999997158, -9.382282813880337358 ) ) ;
#2379 = CIRCLE ( 'NONE', #1058, 1.849999999999997424 ) ;
#2380 = CARTESIAN_POINT ( 'NONE',  ( 24.44844210478395752, 26.56976244834361012, -0.2734185340363582961 ) ) ;
#2381 = VERTEX_POINT ( 'NONE', #2943 ) ;
#2382 = EDGE_CURVE ( 'NONE', #1887, #3055, #1836, .T. ) ;
#2383 = LINE ( 'NONE', #29, #391 ) ;
#2384 = CARTESIAN_POINT ( 'NONE',  ( 34.00000000000000711, 34.00000000000000711, -31.00000000000000355 ) ) ;
#2385 = DIRECTION ( 'NONE',  ( -0.000000000000000000, -0.000000000000000000, -1.000000000000000000 ) ) ;
#2386 = DIRECTION ( 'NONE',  ( -0.000000000000000000, 0.000000000000000000, 1.000000000000000000 ) ) ;
#2387 = DIRECTION ( 'NONE',  ( 1.000000000000000000, 3.061276722312013477E-16, 0.000000000000000000 ) ) ;
#2388 = VERTEX_POINT ( 'NONE', #2448 ) ;
#2389 = CARTESIAN_POINT ( 'NONE',  ( -24.86262114459423245, -22.74130080103461182, 0.000000000000000000 ) ) ;
#2390 = CARTESIAN_POINT ( 'NONE',  ( -16.01375349724262520, 13.89243315368297438, 3.000000000000000000 ) ) ;
#2391 = ORIENTED_EDGE ( 'NONE', *, *, #3044, .T. ) ;
#2392 = LINE ( 'NONE', #1083, #1482 ) ;
#2393 = CARTESIAN_POINT ( 'NONE',  ( -1.060660171779824523, 1.060660171779824523, 0.000000000000000000 ) ) ;
#2394 = ORIENTED_EDGE ( 'NONE', *, *, #1119, .F. ) ;
#2395 = AXIS2_PLACEMENT_3D ( 'NONE', #1630, #1319, #339 ) ;
#2396 = EDGE_CURVE ( 'NONE', #1913, #3067, #1092, .T. ) ;
#2397 = ORIENTED_EDGE ( 'NONE', *, *, #1436, .F. ) ;
#2398 = DIRECTION ( 'NONE',  ( -0.000000000000000000, -0.000000000000000000, 1.000000000000000000 ) ) ;
#2399 = EDGE_CURVE ( 'NONE', #3017, #2087, #781, .T. ) ;
#2400 = CARTESIAN_POINT ( 'NONE',  ( 31.99999999999999289, 28.03594583239711469, -4.260401792516678832 ) ) ;
#2401 = DIRECTION ( 'NONE',  ( -0.000000000000000000, 0.000000000000000000, 1.000000000000000000 ) ) ;
#2402 = ORIENTED_EDGE ( 'NONE', *, *, #3151, .F. ) ;
#2403 = ORIENTED_EDGE ( 'NONE', *, *, #2499, .F. ) ;
#2404 = APPLICATION_CONTEXT ( 'configuration controlled 3d designs of mechanical parts and assemblies' ) ;
#2405 = CARTESIAN_POINT ( 'NONE',  ( -29.49999999999999289, -33.99999999999999289, -37.00000000000000000 ) ) ;
#2406 = CARTESIAN_POINT ( 'NONE',  ( -33.99999999999998579, -38.49999999999993605, 2.699999999999991296 ) ) ;
#2407 = ORIENTED_EDGE ( 'NONE', *, *, #1196, .T. ) ;
#2408 = CARTESIAN_POINT ( 'NONE',  ( 34.00000000000000711, -33.99999999999999289, -31.00000000000000355 ) ) ;
#2409 = CYLINDRICAL_SURFACE ( 'NONE', #2204, 1.849999999999997424 ) ;
#2410 = CIRCLE ( 'NONE', #1920, 4.500000000000003553 ) ;
#2411 = ORIENTED_EDGE ( 'NONE', *, *, #2336, .T. ) ;
#2412 = CARTESIAN_POINT ( 'NONE',  ( -32.00000000000000000, 28.36722254078913252, -4.760820730673499313 ) ) ;
#2413 = ORIENTED_EDGE ( 'NONE', *, *, #1292, .F. ) ;
#2414 = CARTESIAN_POINT ( 'NONE',  ( -34.00000000000000711, -34.00000000000000711, -31.00000000000000711 ) ) ;
#2415 = CARTESIAN_POINT ( 'NONE',  ( 0.000000000000000000, 0.000000000000000000, 0.000000000000000000 ) ) ;
#2416 = CARTESIAN_POINT ( 'NONE',  ( -27.78116727259784469, 25.65984692903820275, -0.8580313880902427082 ) ) ;
#2417 = EDGE_CURVE ( 'NONE', #2663, #2683, #2241, .T. ) ;
#2418 = ORIENTED_EDGE ( 'NONE', *, *, #535, .T. ) ;
#2419 = EDGE_CURVE ( 'NONE', #1801, #3120, #3138, .T. ) ;
#2420 = FACE_OUTER_BOUND ( 'NONE', #3218, .T. ) ;
#2421 = VECTOR ( 'NONE', #342, 1000.000000000000000 ) ;
#2422 = CARTESIAN_POINT ( 'NONE',  ( -38.49999999999995026, -20.96594375926295584, 0.000000000000000000 ) ) ;
#2423 = VERTEX_POINT ( 'NONE', #1475 ) ;
#2424 = DIRECTION ( 'NONE',  ( -0.000000000000000000, -0.000000000000000000, -1.000000000000000000 ) ) ;
#2425 = CIRCLE ( 'NONE', #127, 4.200000000000009059 ) ;
#2426 = CARTESIAN_POINT ( 'NONE',  ( 31.20000000000001350, 34.00000000000000711, -31.00000000000000355 ) ) ;
#2427 = LINE ( 'NONE', #2169, #1605 ) ;
#2428 = VECTOR ( 'NONE', #357, 1000.000000000000000 ) ;
#2429 = ORIENTED_EDGE ( 'NONE', *, *, #553, .F. ) ;
#2430 = CARTESIAN_POINT ( 'NONE',  ( -1.060660171779818750, -1.060660171779818306, 3.000000000000000000 ) ) ;
#2431 = VERTEX_POINT ( 'NONE', #442 ) ;
#2432 = DIRECTION ( 'NONE',  ( 1.000000000000000000, 3.061276722312013477E-16, 0.000000000000000000 ) ) ;
#2433 = DIRECTION ( 'NONE',  ( 1.000000000000000000, 0.000000000000000000, 0.000000000000000000 ) ) ;
#2434 = DIRECTION ( 'NONE',  ( -0.000000000000000000, 0.000000000000000000, 1.000000000000000000 ) ) ;
#2435 = ORIENTED_EDGE ( 'NONE', *, *, #1198, .F. ) ;
#2436 = CARTESIAN_POINT ( 'NONE',  ( 31.99999999999998579, 29.87867965644033674, 3.000000000000000000 ) ) ;
#2437 = CARTESIAN_POINT ( 'NONE',  ( -38.49999999999993605, -29.50512168286698866, -4.102251244736641489 ) ) ;
#2438 = EDGE_CURVE ( 'NONE', #2842, #2087, #629, .T. ) ;
#2439 = EDGE_CURVE ( 'NONE', #335, #2077, #106, .T. ) ;
#2440 = ORIENTED_EDGE ( 'NONE', *, *, #1311, .F. ) ;
#2441 = B_SPLINE_CURVE_WITH_KNOTS ( 'NONE', 3,
 ( #300, #890, #2682, #632, #2917, #39, #1081, #2133, #568, #2665, #1100, #2149, #3187, #840, #1896, #2932, #1637, #332, #1378, #648 ),
 .UNSPECIFIED., .F., .F.,
 ( 4, 2, 2, 2, 2, 2, 2, 2, 2, 4 ),
 ( 0.000000000000000000, 0.001821396494255981277, 0.002732094741383973326, 0.003642792988511965591, 0.005464189482767948386, 0.007285585977023931181, 0.009106982471279915711, 0.01092837896553590024, 0.01274977545979188477, 0.01457117195404786930 ),
 .UNSPECIFIED. ) ;
#2442 = DIRECTION ( 'NONE',  ( 1.000000000000000000, 0.000000000000000000, 0.000000000000000000 ) ) ;
#2443 = FACE_OUTER_BOUND ( 'NONE', #1710, .T. ) ;
#2444 = EDGE_CURVE ( 'NONE', #2052, #1105, #2260, .T. ) ;
#2445 = ORIENTED_EDGE ( 'NONE', *, *, #2419, .T. ) ;
#2446 = CARTESIAN_POINT ( 'NONE',  ( 29.50000000000001066, -33.99999999999999289, 3.000000000000000000 ) ) ;
#2447 = CARTESIAN_POINT ( 'NONE',  ( -30.20200982822856162, -28.08068948466894099, -3.322216430284435251 ) ) ;
#2448 = CARTESIAN_POINT ( 'NONE',  ( -31.74999999999997158, 34.00000000000000711, -31.00000000000000355 ) ) ;
#2449 = CARTESIAN_POINT ( 'NONE',  ( 32.15000000000001279, -34.00000000000000711, -31.40000000000002345 ) ) ;
#2450 = AXIS2_PLACEMENT_3D ( 'NONE', #3319, #979, #650 ) ;
#2451 = ORIENTED_EDGE ( 'NONE', *, *, #2499, .T. ) ;
#2452 = CARTESIAN_POINT ( 'NONE',  ( -33.99999999999999289, 34.00000000000000711, -10.00000000000000178 ) ) ;
#2453 = CARTESIAN_POINT ( 'NONE',  ( -16.15552642932790306, 14.03420608576825224, 2.800001734771416118 ) ) ;
#2454 = ORIENTED_EDGE ( 'NONE', *, *, #1627, .F. ) ;
#2455 = CARTESIAN_POINT ( 'NONE',  ( -33.99999999999998579, -38.49999999999993605, 2.699999999999991296 ) ) ;
#2456 = DIRECTION ( 'NONE',  ( 1.000000000000000000, 0.000000000000000000, 0.000000000000000000 ) ) ;
#2457 = VERTEX_POINT ( 'NONE', #1989 ) ;
#2458 = LINE ( 'NONE', #1643, #1984 ) ;
#2459 = EDGE_CURVE ( 'NONE', #2482, #2292, #1882, .T. ) ;
#2460 = ADVANCED_FACE ( 'NONE', ( #1700 ), #832, .F. ) ;
#2461 = CARTESIAN_POINT ( 'NONE',  ( -26.05241778721291368, -28.17373813077253786, -1.124548524629739976 ) ) ;
#2462 = ORGANIZATION ( 'UNSPECIFIED', 'UNSPECIFIED', '' ) ;
#2463 = VECTOR ( 'NONE', #2999, 1000.000000000000000 ) ;
#2464 = AXIS2_PLACEMENT_3D ( 'NONE', #2054, #2372, #2030 ) ;
#2465 = CARTESIAN_POINT ( 'NONE',  ( 36.80000000000000426, -33.99999999999999289, -31.00000000000000355 ) ) ;
#2466 = CARTESIAN_POINT ( 'NONE',  ( 38.49999999999992895, -27.78980546374029004, -2.690876094217221404 ) ) ;
#2467 = PERSON_AND_ORGANIZATION ( #2640, #2462 ) ;
#2468 = ORIENTED_EDGE ( 'NONE', *, *, #2759, .F. ) ;
#2469 = FACE_OUTER_BOUND ( 'NONE', #344, .T. ) ;
#2470 = DIRECTION ( 'NONE',  ( -0.7071067811865475727, -0.7071067811865474617, 0.000000000000000000 ) ) ;
#2471 = ORIENTED_EDGE ( 'NONE', *, *, #1440, .F. ) ;
#2472 = VECTOR ( 'NONE', #837, 1000.000000000000000 ) ;
#2473 = CARTESIAN_POINT ( 'NONE',  ( 31.99999999999999289, -28.53192362653504688, -5.021505519407226004 ) ) ;
#2474 = DIRECTION ( 'NONE',  ( -0.000000000000000000, 0.000000000000000000, 1.000000000000000000 ) ) ;
#2475 = AXIS2_PLACEMENT_3D ( 'NONE', #1681, #2727, #3027 ) ;
#2476 = ORIENTED_EDGE ( 'NONE', *, *, #1229, .T. ) ;
#2477 = DIRECTION ( 'NONE',  ( 0.000000000000000000, 1.000000000000000000, -0.000000000000000000 ) ) ;
#2478 = CARTESIAN_POINT ( 'NONE',  ( 27.61937963351789449, 29.74069997707754709, -2.688260404509934531 ) ) ;
#2479 = AXIS2_PLACEMENT_3D ( 'NONE', #284, #1033, #1016 ) ;
#2480 = EDGE_CURVE ( 'NONE', #2431, #2018, #609, .T. ) ;
#2481 = EDGE_CURVE ( 'NONE', #3156, #2945, #3076, .T. ) ;
#2482 = VERTEX_POINT ( 'NONE', #1751 ) ;
#2483 = CARTESIAN_POINT ( 'NONE',  ( 38.49999999999995737, 32.31880752694938508, -7.544926167341817980 ) ) ;
#2484 = CARTESIAN_POINT ( 'NONE',  ( 16.22641105988292054, 14.10509071632327682, 0.000000000000000000 ) ) ;
#2485 = CALENDAR_DATE ( 2026, 29, 7 ) ;
#2486 = ORIENTED_EDGE ( 'NONE', *, *, #2002, .T. ) ;
#2487 = CARTESIAN_POINT ( 'NONE',  ( 1.060660171779814753, -1.060660171779814975, 3.000000000000000000 ) ) ;
#2488 = CARTESIAN_POINT ( 'NONE',  ( 34.00000000000000711, -33.99999999999999289, -10.00000000000000178 ) ) ;
#2489 = ORIENTED_EDGE ( 'NONE', *, *, #2002, .F. ) ;
#2490 = CARTESIAN_POINT ( 'NONE',  ( -1.178591538090124801E-14, 38.49999999999998579, 3.000000000000000000 ) ) ;
#2491 = CARTESIAN_POINT ( 'NONE',  ( 33.99999999999998579, 38.50000000000000000, 3.000000000000000000 ) ) ;
#2492 = DIRECTION ( 'NONE',  ( -0.000000000000000000, -0.000000000000000000, 1.000000000000000000 ) ) ;
#2493 = VERTEX_POINT ( 'NONE', #2775 ) ;
#2494 = CARTESIAN_POINT ( 'NONE',  ( -19.49999999999999289, 34.00000000000000711, -8.673617379884035472E-16 ) ) ;
#2495 = ORIENTED_EDGE ( 'NONE', *, *, #1436, .T. ) ;
#2496 = CARTESIAN_POINT ( 'NONE',  ( -28.90127658991611881, -26.77995624635648753, -1.735336486519486909 ) ) ;
#2497 = DIRECTION ( 'NONE',  ( -0.000000000000000000, -0.000000000000000000, -1.000000000000000000 ) ) ;
#2498 = ORIENTED_EDGE ( 'NONE', *, *, #2901, .F. ) ;
#2499 = EDGE_CURVE ( 'NONE', #3360, #503, #2761, .T. ) ;
#2500 = CARTESIAN_POINT ( 'NONE',  ( -32.00000000000000000, -29.87867965644037938, -8.730026166412548250 ) ) ;
#2501 = DIRECTION ( 'NONE',  ( 0.000000000000000000, -0.000000000000000000, -1.000000000000000000 ) ) ;
#2502 = CIRCLE ( 'NONE', #422, 2.800000000000000266 ) ;
#2503 = AXIS2_PLACEMENT_3D ( 'NONE', #2834, #3089, #790 ) ;
#2504 = ORIENTED_EDGE ( 'NONE', *, *, #2126, .T. ) ;
#2505 = DIRECTION ( 'NONE',  ( -0.000000000000000000, -0.000000000000000000, -1.000000000000000000 ) ) ;
#2506 = DIRECTION ( 'NONE',  ( 0.000000000000000000, 0.000000000000000000, 1.000000000000000000 ) ) ;
#2507 = DIRECTION ( 'NONE',  ( -0.000000000000000000, 0.000000000000000000, 1.000000000000000000 ) ) ;
#2508 = ORIENTED_EDGE ( 'NONE', *, *, #2776, .F. ) ;
#2509 = DIRECTION ( 'NONE',  ( 0.000000000000000000, 0.000000000000000000, -1.000000000000000000 ) ) ;
#2510 = ORIENTED_EDGE ( 'NONE', *, *, #816, .F. ) ;
#2511 = CARTESIAN_POINT ( 'NONE',  ( 1.060660171779814753, -1.060660171779814975, 0.000000000000000000 ) ) ;
#2512 = CARTESIAN_POINT ( 'NONE',  ( -31.93137938903078776, -29.81005904547115648, -8.124760168281035533 ) ) ;
#2513 = CARTESIAN_POINT ( 'NONE',  ( 38.49999999999992895, -22.79322483209559280, -0.2921187203032468149 ) ) ;
#2514 = VECTOR ( 'NONE', #1798, 1000.000000000000000 ) ;
#2515 = APPROVAL_ROLE ( '' ) ;
#2516 = VERTEX_POINT ( 'NONE', #189 ) ;
#2517 = CARTESIAN_POINT ( 'NONE',  ( 38.19999999999997442, 34.00000000000001421, 3.000000000000000000 ) ) ;
#2518 = DIRECTION ( 'NONE',  ( 1.000000000000000000, 0.000000000000000000, 0.000000000000000000 ) ) ;
#2519 = ADVANCED_FACE ( 'NONE', ( #375 ), #3279, .F. ) ;
#2520 = EDGE_CURVE ( 'NONE', #1966, #1946, #762, .T. ) ;
#2521 = ORIENTED_EDGE ( 'NONE', *, *, #1225, .F. ) ;
#2522 = DIRECTION ( 'NONE',  ( -0.000000000000000000, -0.000000000000000000, -1.000000000000000000 ) ) ;
#2523 = CARTESIAN_POINT ( 'NONE',  ( 34.00000000000000711, -33.99999999999999289, -31.00000000000000355 ) ) ;
#2524 = FACE_OUTER_BOUND ( 'NONE', #2200, .T. ) ;
#2525 = ORIENTED_EDGE ( 'NONE', *, *, #1794, .F. ) ;
#2526 = CONICAL_SURFACE ( 'NONE', #827, 2.250000000000029754, 0.7853981633974661536 ) ;
#2527 = FACE_OUTER_BOUND ( 'NONE', #2613, .T. ) ;
#2528 = VECTOR ( 'NONE', #2597, 1000.000000000000000 ) ;
#2529 = EDGE_LOOP ( 'NONE', ( #1391, #810, #2454, #2838 ) ) ;
#2530 = CARTESIAN_POINT ( 'NONE',  ( -22.65326044772980651, 32.00000000000002132, -0.4352126750054375881 ) ) ;
#2531 = CIRCLE ( 'NONE', #833, 2.250000000000036859 ) ;
#2532 = DIRECTION ( 'NONE',  ( -0.000000000000000000, -0.000000000000000000, -1.000000000000000000 ) ) ;
#2533 = DIRECTION ( 'NONE',  ( 0.000000000000000000, 0.000000000000000000, 1.000000000000000000 ) ) ;
#2534 = AXIS2_PLACEMENT_3D ( 'NONE', #2611, #2350, #3387 ) ;
#2535 = PERSON_AND_ORGANIZATION_ROLE ( 'design_supplier' ) ;
#2536 = VECTOR ( 'NONE', #3175, 1000.000000000000000 ) ;
#2537 = FACE_OUTER_BOUND ( 'NONE', #1031, .T. ) ;
#2538 = DIRECTION ( 'NONE',  ( 0.7071067811865476838, 0.7071067811865474617, -0.000000000000000000 ) ) ;
#2539 = DIRECTION ( 'NONE',  ( 0.000000000000000000, -1.000000000000000000, 0.000000000000000000 ) ) ;
#2540 = VERTEX_POINT ( 'NONE', #2484 ) ;
#2541 = DIRECTION ( 'NONE',  ( 0.7071067811865311414, 0.000000000000000000, 0.7071067811865638930 ) ) ;
#2542 = VERTEX_POINT ( 'NONE', #409 ) ;
#2543 = LINE ( 'NONE', #2491, #1596 ) ;
#2544 = EDGE_CURVE ( 'NONE', #1419, #1624, #434, .T. ) ;
#2545 = CARTESIAN_POINT ( 'NONE',  ( 7.431540063958939521E-15, 32.00000000000000711, 0.000000000000000000 ) ) ;
#2546 = EDGE_CURVE ( 'NONE', #657, #2603, #1592, .T. ) ;
#2547 = ORIENTED_EDGE ( 'NONE', *, *, #2759, .T. ) ;
#2548 = CARTESIAN_POINT ( 'NONE',  ( 21.70359555605514856, 38.50000000000000711, -0.07554687996457347399 ) ) ;
#2549 = CARTESIAN_POINT ( 'NONE',  ( 38.19999999999995310, -1.949012846538645558E-14, 3.000000000000000000 ) ) ;
#2550 = EDGE_CURVE ( 'NONE', #3094, #315, #3343, .T. ) ;
#2551 = ORIENTED_EDGE ( 'NONE', *, *, #1879, .F. ) ;
#2552 = CARTESIAN_POINT ( 'NONE',  ( 29.87867965644035095, -32.00000000000000000, -8.730026166412264033 ) ) ;
#2553 = CARTESIAN_POINT ( 'NONE',  ( -38.49999999999995026, 28.08296541402048518, -2.918744972641944102 ) ) ;
#2554 = DIRECTION ( 'NONE',  ( 1.000000000000000000, 0.000000000000000000, 0.000000000000000000 ) ) ;
#2555 = CARTESIAN_POINT ( 'NONE',  ( 31.77459126293538816, 29.65327091937573201, -7.241859038793080572 ) ) ;
#2556 = DIRECTION ( 'NONE',  ( -0.000000000000000000, -0.000000000000000000, -1.000000000000000000 ) ) ;
#2557 = CARTESIAN_POINT ( 'NONE',  ( -38.19999999999994600, -1.169407707923187177E-14, 3.000000000000000000 ) ) ;
#2558 = ORIENTED_EDGE ( 'NONE', *, *, #2272, .F. ) ;
#2559 = ORIENTED_EDGE ( 'NONE', *, *, #1011, .T. ) ;
#2560 = CARTESIAN_POINT ( 'NONE',  ( -1.060660171779824523, 1.060660171779824523, 3.000000000000000000 ) ) ;
#2561 = AXIS2_PLACEMENT_3D ( 'NONE', #1073, #3212, #277 ) ;
#2562 = DIRECTION ( 'NONE',  ( -1.000000000000000000, 0.000000000000000000, 0.000000000000000000 ) ) ;
#2563 = ORIENTED_EDGE ( 'NONE', *, *, #3207, .F. ) ;
#2564 = PRODUCT ( 'base_agitador', 'base_agitador', '', ( #1735 ) ) ;
#2565 = DIRECTION ( 'NONE',  ( 0.000000000000000000, 0.000000000000000000, 1.000000000000000000 ) ) ;
#2566 = CARTESIAN_POINT ( 'NONE',  ( -26.87223755492903265, -38.49999999999992895, -2.047659821427969984 ) ) ;
#2567 = ORIENTED_EDGE ( 'NONE', *, *, #3350, .T. ) ;
#2568 = ADVANCED_FACE ( 'NONE', ( #3114 ), #1770, .F. ) ;
#2569 = CARTESIAN_POINT ( 'NONE',  ( 26.04584069729023810, -28.16716104084988714, -1.119808028364541963 ) ) ;
#2570 = CARTESIAN_POINT ( 'NONE',  ( 16.01375349724262520, 13.89243315368297971, 3.000000000000000000 ) ) ;
#2571 = CARTESIAN_POINT ( 'NONE',  ( 0.000000000000000000, -32.00000000000000000, 0.000000000000000000 ) ) ;
#2572 = CARTESIAN_POINT ( 'NONE',  ( 25.29494446355753823, -23.17362411999786431, -1.583951611365541042E-15 ) ) ;
#2573 = CARTESIAN_POINT ( 'NONE',  ( 18.50000000000000000, 0.000000000000000000, 2.700000000000046807 ) ) ;
#2574 = CARTESIAN_POINT ( 'NONE',  ( -30.19802693387053338, 28.07670659031088434, -3.335556130470555658 ) ) ;
#2575 = ORIENTED_EDGE ( 'NONE', *, *, #136, .T. ) ;
#2576 = CARTESIAN_POINT ( 'NONE',  ( 38.20000000000000995, -33.99999999999998579, 3.000000000000000000 ) ) ;
#2577 = EDGE_LOOP ( 'NONE', ( #1148, #3253 ) ) ;
#2578 = FACE_OUTER_BOUND ( 'NONE', #1244, .T. ) ;
#2579 = VECTOR ( 'NONE', #1783, 1000.000000000000114 ) ;
#2580 = CARTESIAN_POINT ( 'NONE',  ( 1.060660171779817196, -1.060660171779817418, 0.000000000000000000 ) ) ;
#2581 = ORIENTED_EDGE ( 'NONE', *, *, #447, .T. ) ;
#2582 = CARTESIAN_POINT ( 'NONE',  ( -27.18396221881060981, 38.49999999999997158, -2.254915655342005110 ) ) ;
#2583 = CARTESIAN_POINT ( 'NONE',  ( -21.70359555605511304, -38.49999999999992895, -0.07554687996457419563 ) ) ;
#2584 = ORIENTED_EDGE ( 'NONE', *, *, #118, .F. ) ;
#2585 = PLANE ( 'NONE',  #993 ) ;
#2586 = CARTESIAN_POINT ( 'NONE',  ( 0.000000000000000000, -32.00000000000000000, 3.000000000000000000 ) ) ;
#2587 = AXIS2_PLACEMENT_3D ( 'NONE', #1845, #769, #211 ) ;
#2588 = LINE ( 'NONE', #241, #451 ) ;
#2589 = EDGE_CURVE ( 'NONE', #2197, #2457, #3133, .T. ) ;
#2590 = CARTESIAN_POINT ( 'NONE',  ( -14.03420608576826467, -16.15552642932789240, 2.800001734771416118 ) ) ;
#2591 = ADVANCED_FACE ( 'NONE', ( #2828 ), #2063, .F. ) ;
#2592 = CIRCLE ( 'NONE', #1938, 14.50000000000000178 ) ;
#2593 = CARTESIAN_POINT ( 'NONE',  ( 30.74418393253597515, -28.62286358897629768, -4.266020712419682503 ) ) ;
#2594 = LINE ( 'NONE', #18, #3347 ) ;
#2595 = AXIS2_PLACEMENT_3D ( 'NONE', #735, #3333, #2814 ) ;
#2596 = B_SPLINE_CURVE_WITH_KNOTS ( 'NONE', 3,
 ( #2309, #1786, #3025, #3230, #2789, #1749, #615, #2711, #1925, #2826, #358, #1473, #933, #987, #1406, #2530, #440, #479, #2808, #3309 ),
 .UNSPECIFIED., .F., .F.,
 ( 4, 2, 2, 2, 2, 2, 2, 2, 2, 4 ),
 ( 1.734723475976807094E-18, 0.001821396494255987999, 0.002732094741383982867, 0.003642792988511977300, 0.005464189482767964866, 0.007285585977023952865, 0.009106982471279941732, 0.01092837896553593147, 0.01274977545979192120, 0.01457117195404791093 ),
 .UNSPECIFIED. ) ;
#2597 = DIRECTION ( 'NONE',  ( -0.000000000000000000, -0.000000000000000000, -1.000000000000000000 ) ) ;
#2598 = EDGE_LOOP ( 'NONE', ( #1552, #460, #1169, #929 ) ) ;
#2599 = DIRECTION ( 'NONE',  ( 0.7071067811865311414, 0.000000000000000000, -0.7071067811865638930 ) ) ;
#2600 = VERTEX_POINT ( 'NONE', #3097 ) ;
#2601 = CARTESIAN_POINT ( 'NONE',  ( 33.99999999999999289, -38.49999999999999289, -10.00000000000000178 ) ) ;
#2602 = DIRECTION ( 'NONE',  ( -0.000000000000000000, -0.000000000000000000, -1.000000000000000000 ) ) ;
#2603 = VERTEX_POINT ( 'NONE', #481 ) ;
#2604 = CARTESIAN_POINT ( 'NONE',  ( -33.79382362386902372, 38.50000000000000711, -9.692650750972861218 ) ) ;
#2605 = CARTESIAN_POINT ( 'NONE',  ( -34.00000000000000711, 34.00000000000000711, -37.00000000000000000 ) ) ;
#2606 = ORIENTED_EDGE ( 'NONE', *, *, #3083, .F. ) ;
#2607 = PLANE ( 'NONE',  #526 ) ;
#2608 = DIRECTION ( 'NONE',  ( -0.000000000000000000, -0.000000000000000000, -1.000000000000000000 ) ) ;
#2609 = PERSON_AND_ORGANIZATION_ROLE ( 'classification_officer' ) ;
#2610 = FACE_OUTER_BOUND ( 'NONE', #2872, .T. ) ;
#2611 = CARTESIAN_POINT ( 'NONE',  ( 34.00000000000000711, -33.99999999999999289, -37.00000000000000000 ) ) ;
#2612 = CARTESIAN_POINT ( 'NONE',  ( -32.00000000000000000, -19.63859338365492135, 0.000000000000000000 ) ) ;
#2613 = EDGE_LOOP ( 'NONE', ( #3336, #1969, #846, #2987 ) ) ;
#2614 = EDGE_CURVE ( 'NONE', #2782, #2342, #1659, .T. ) ;
#2615 = DIRECTION ( 'NONE',  ( -0.000000000000000000, -0.000000000000000000, -1.000000000000000000 ) ) ;
#2616 = ORIENTED_EDGE ( 'NONE', *, *, #2417, .F. ) ;
#2617 = EDGE_CURVE ( 'NONE', #3120, #3035, #1805, .T. ) ;
#2618 = CARTESIAN_POINT ( 'NONE',  ( -14.10509071632328393, -16.22641105988290988, 2.700000000000001954 ) ) ;
#2619 = CARTESIAN_POINT ( 'NONE',  ( -16.22641105988290988, -14.10509071632328570, 2.700000000000001954 ) ) ;
#2620 = VERTEX_POINT ( 'NONE', #2022 ) ;
#2621 = CARTESIAN_POINT ( 'NONE',  ( -26.87227109147088555, 38.49999999999997868, -2.047681420432118760 ) ) ;
#2622 = LINE ( 'NONE', #509, #3277 ) ;
#2623 = VERTEX_POINT ( 'NONE', #206 ) ;
#2624 = AXIS2_PLACEMENT_3D ( 'NONE', #250, #1519, #2032 ) ;
#2625 = FACE_BOUND ( 'NONE', #3307, .T. ) ;
#2626 = CARTESIAN_POINT ( 'NONE',  ( -33.99999999999999289, -33.99999999999999289, -31.00000000000000355 ) ) ;
#2627 = CARTESIAN_POINT ( 'NONE',  ( 34.00000000000000711, 34.00000000000000711, -31.00000000000000355 ) ) ;
#2628 = DIRECTION ( 'NONE',  ( -0.000000000000000000, -0.000000000000000000, -1.000000000000000000 ) ) ;
#2629 = CARTESIAN_POINT ( 'NONE',  ( -35.85000000000000853, -34.00000000000000711, -31.40000000000002345 ) ) ;
#2630 = EDGE_LOOP ( 'NONE', ( #1985, #1266, #670, #101 ) ) ;
#2631 = LINE ( 'NONE', #3103, #1187 ) ;
#2632 = FACE_BOUND ( 'NONE', #1464, .T. ) ;
#2633 = ADVANCED_FACE ( 'NONE', ( #1252 ), #998, .T. ) ;
#2634 = CIRCLE ( 'NONE', #3059, 1.849999999999997424 ) ;
#2635 = EDGE_CURVE ( 'NONE', #3055, #1193, #2806, .T. ) ;
#2636 = VERTEX_POINT ( 'NONE', #3080 ) ;
#2637 = CIRCLE ( 'NONE', #3060, 2.250000000000036859 ) ;
#2638 = CARTESIAN_POINT ( 'NONE',  ( 33.99999999999998579, 38.20000000000000995, 3.000000000000000000 ) ) ;
#2639 = ORIENTED_EDGE ( 'NONE', *, *, #1774, .T. ) ;
#2640 = PERSON ( 'UNSPECIFIED', 'UNSPECIFIED', 'UNSPECIFIED', ('UNSPECIFIED'), ('UNSPECIFIED'), ('UNSPECIFIED') ) ;
#2641 = DIRECTION ( 'NONE',  ( 1.000000000000000000, 0.000000000000000000, 0.000000000000000000 ) ) ;
#2642 = CONICAL_SURFACE ( 'NONE', #64, 4.200000000000001954, 0.7853981633974251864 ) ;
#2643 = CYLINDRICAL_SURFACE ( 'NONE', #1686, 2.800000000000000266 ) ;
#2644 = AXIS2_PLACEMENT_3D ( 'NONE', #2950, #3220, #3192 ) ;
#2645 = AXIS2_PLACEMENT_3D ( 'NONE', #3022, #951, #1983 ) ;
#2646 = CARTESIAN_POINT ( 'NONE',  ( 31.99999999999998579, 28.83706503722573089, -5.556282366869591982 ) ) ;
#2647 = CARTESIAN_POINT ( 'NONE',  ( -29.25441466265485957, 27.13309431909521763, -2.094548177651358145 ) ) ;
#2648 = VERTEX_POINT ( 'NONE', #2043 ) ;
#2649 = CARTESIAN_POINT ( 'NONE',  ( 34.00000000000000711, 34.00000000000000711, 3.000000000000000000 ) ) ;
#2650 = AXIS2_PLACEMENT_3D ( 'NONE', #552, #2376, #1604 ) ;
#2651 = LINE ( 'NONE', #103, #1498 ) ;
#2652 = ORIENTED_EDGE ( 'NONE', *, *, #2093, .T. ) ;
#2653 = EDGE_CURVE ( 'NONE', #132, #2373, #733, .T. ) ;
#2654 = ADVANCED_FACE ( 'NONE', ( #1809 ), #2848, .F. ) ;
#2655 = DIRECTION ( 'NONE',  ( 1.000000000000000000, 0.000000000000000000, 0.000000000000000000 ) ) ;
#2656 = ORIENTED_EDGE ( 'NONE', *, *, #261, .F. ) ;
#2657 = EDGE_CURVE ( 'NONE', #3276, #1262, #467, .T. ) ;
#2658 = FACE_OUTER_BOUND ( 'NONE', #520, .T. ) ;
#2659 = ORIENTED_EDGE ( 'NONE', *, *, #721, .T. ) ;
#2660 = CARTESIAN_POINT ( 'NONE',  ( 31.74999999999997158, -34.00000000000000711, -31.00000000000000355 ) ) ;
#2661 = CARTESIAN_POINT ( 'NONE',  ( 32.00000000000000000, 29.79191074764710123, -8.120324244561137661 ) ) ;
#2662 = LINE ( 'NONE', #297, #2421 ) ;
#2663 = VERTEX_POINT ( 'NONE', #1791 ) ;
#2664 = DIRECTION ( 'NONE',  ( -0.000000000000000000, 0.000000000000000000, 1.000000000000000000 ) ) ;
#2665 = CARTESIAN_POINT ( 'NONE',  ( 27.25788135359609754, -31.99999999999999289, -3.323223786641821498 ) ) ;
#2666 = ORIENTED_EDGE ( 'NONE', *, *, #694, .T. ) ;
#2667 = DIRECTION ( 'NONE',  ( -0.000000000000000000, -0.000000000000000000, 1.000000000000000000 ) ) ;
#2668 = DIRECTION ( 'NONE',  ( 0.000000000000000000, 0.000000000000000000, -1.000000000000000000 ) ) ;
#2669 = ORIENTED_EDGE ( 'NONE', *, *, #3246, .F. ) ;
#2670 = CARTESIAN_POINT ( 'NONE',  ( 29.87867965644035451, 32.00000000000000000, -8.730026166412176991 ) ) ;
#2671 = CARTESIAN_POINT ( 'NONE',  ( -34.00000000000000711, 34.00000000000000711, 3.000999999999996781 ) ) ;
#2672 = AXIS2_PLACEMENT_3D ( 'NONE', #2698, #1636, #2681 ) ;
#2673 = VECTOR ( 'NONE', #2946, 1000.000000000000000 ) ;
#2674 = ADVANCED_FACE ( 'NONE', ( #976 ), #3334, .F. ) ;
#2675 = EDGE_CURVE ( 'NONE', #2990, #2542, #3316, .T. ) ;
#2676 = ORIENTED_EDGE ( 'NONE', *, *, #721, .F. ) ;
#2677 = CARTESIAN_POINT ( 'NONE',  ( -25.88923592036140064, -32.00000000000000000, -2.089504320102834267 ) ) ;
#2678 = CARTESIAN_POINT ( 'NONE',  ( -31.19999999999999574, -33.99999999999999289, -31.00000000000000355 ) ) ;
#2679 = DIRECTION ( 'NONE',  ( 1.000000000000000000, 0.000000000000000000, 0.000000000000000000 ) ) ;
#2680 = ORIENTED_EDGE ( 'NONE', *, *, #405, .T. ) ;
#2681 = DIRECTION ( 'NONE',  ( 1.000000000000000000, 0.000000000000000000, 0.000000000000000000 ) ) ;
#2682 = CARTESIAN_POINT ( 'NONE',  ( 29.64541976450979632, -31.99999999999999289, -7.529738314972880708 ) ) ;
#2683 = VERTEX_POINT ( 'NONE', #787 ) ;
#2684 = DIRECTION ( 'NONE',  ( 1.000000000000000000, 0.000000000000000000, 0.000000000000000000 ) ) ;
#2685 = FACE_OUTER_BOUND ( 'NONE', #2822, .T. ) ;
#2686 = VECTOR ( 'NONE', #2167, 1000.000000000000000 ) ;
#2687 = DESIGN_CONTEXT ( 'detailed design', #2404, 'design' ) ;
#2688 = ORIENTED_EDGE ( 'NONE', *, *, #2046, .F. ) ;
#2689 = DIRECTION ( 'NONE',  ( -0.7071067811865602293, 8.659560562355086933E-17, 0.7071067811865348052 ) ) ;
#2690 = CYLINDRICAL_SURFACE ( 'NONE', #720, 1.849999999999997424 ) ;
#2691 = ADVANCED_FACE ( 'NONE', ( #2320 ), #2526, .F. ) ;
#2692 = ADVANCED_FACE ( 'NONE', ( #3100 ), #2051, .F. ) ;
#2693 = CARTESIAN_POINT ( 'NONE',  ( -29.54249565960744306, -31.99999999999999289, -7.233885590616007555 ) ) ;
#2694 = DIRECTION ( 'NONE',  ( 0.000000000000000000, 0.000000000000000000, 1.000000000000000000 ) ) ;
#2695 = AXIS2_PLACEMENT_3D ( 'NONE', #1600, #52, #2679 ) ;
#2696 = DIRECTION ( 'NONE',  ( 0.000000000000000000, 0.000000000000000000, -1.000000000000000000 ) ) ;
#2697 = EDGE_LOOP ( 'NONE', ( #2445, #1792 ) ) ;
#2698 = CARTESIAN_POINT ( 'NONE',  ( -33.99999999999999289, 34.00000000000000711, 3.000000000000000000 ) ) ;
#2699 = CIRCLE ( 'NONE', #3180, 2.799999999999997158 ) ;
#2700 = CARTESIAN_POINT ( 'NONE',  ( -34.00000000000000711, 34.00000000000000711, -37.00000000000000000 ) ) ;
#2701 = ORIENTED_EDGE ( 'NONE', *, *, #306, .T. ) ;
#2702 = AXIS2_PLACEMENT_3D ( 'NONE', #3012, #1236, #664 ) ;
#2703 = DIRECTION ( 'NONE',  ( 0.7071067811865602293, 0.000000000000000000, 0.7071067811865348052 ) ) ;
#2704 = DIRECTION ( 'NONE',  ( -1.000000000000000000, 0.000000000000000000, 0.000000000000000000 ) ) ;
#2705 = B_SPLINE_CURVE_WITH_KNOTS ( 'NONE', 3,
 ( #178, #3302, #3286, #1485, #1167, #945, #1997, #2235, #637, #1690, #2734, #3270, #381, #1430, #2473, #1465, #2218, #3254, #924, #1978, #3015, #159 ),
 .UNSPECIFIED., .F., .F.,
 ( 4, 2, 2, 2, 2, 2, 2, 2, 2, 2, 4 ),
 ( 0.000000000000000000, 0.001817082036938769780, 0.003634164073877539560, 0.005451246110816309991, 0.007268328147755079120, 0.009085410184693849117, 0.009993951203163231947, 0.01090249222163261131, 0.01271957425857137697, 0.01362811527704075806, 0.01453665629551014263 ),
 .UNSPECIFIED. ) ;
#2706 = AXIS2_PLACEMENT_3D ( 'NONE', #1631, #1373, #2194 ) ;
#2707 = EDGE_LOOP ( 'NONE', ( #2110, #763, #87, #2762 ) ) ;
#2708 = CARTESIAN_POINT ( 'NONE',  ( -13.96332024889220058, 16.08464059245186917, 2.900001759411825919 ) ) ;
#2709 = CARTESIAN_POINT ( 'NONE',  ( 38.49999999999995737, 24.22323987899293485, -0.7187895941456488025 ) ) ;
#2710 = CARTESIAN_POINT ( 'NONE',  ( 31.99999999999998579, 22.06887650841421333, -0.2743135503996205204 ) ) ;
#2711 = CARTESIAN_POINT ( 'NONE',  ( -28.38269632149771482, 32.00000000000002132, -4.759669368116782984 ) ) ;
#2712 = VERTEX_POINT ( 'NONE', #3085 ) ;
#2713 = FACE_OUTER_BOUND ( 'NONE', #3281, .T. ) ;
#2714 = CARTESIAN_POINT ( 'NONE',  ( -38.49999999999993605, -32.31880752694937087, -7.544926167341856171 ) ) ;
#2715 = EDGE_CURVE ( 'NONE', #315, #3094, #2801, .T. ) ;
#2716 = CC_DESIGN_PERSON_AND_ORGANIZATION_ASSIGNMENT ( #1423, #208, ( #2026 ) ) ;
#2717 = VERTEX_POINT ( 'NONE', #2067 ) ;
#2718 = CLOSED_SHELL ( 'NONE', ( #760, #2737, #2691, #2922, #633, #1566, #822, #863, #2878, #114, #2654, #1584, #2755, #817, #576, #31, #1860, #903, #3245, #3330, #1688, #1177, #1413, #928, #2315, #1156, #180, #1567, #112, #12, #1098, #2113, #1820, #759, #920, #6, #2125, #1800, #1843, #714, #73, #3021, #2519, #2291, #3308, #3062, #1271, #2591, #3287, #1522, #219, #1981, #32, #1609, #201, #1172, #89, #1712, #1711, #1942, #2956, #74, #2674, #448, #1248, #48, #243, #799, #1460, #3188, #2774, #154, #2568, #1921, #782, #2187, #2997, #3355, #244, #2633, #1546, #2692, #3039, #1071, #950, #2361, #2460, #3167, #1337, #591, #1648 ) ) ;
#2719 = DIRECTION ( 'NONE',  ( 1.000000000000000000, 0.000000000000000000, -0.000000000000000000 ) ) ;
#2720 = CARTESIAN_POINT ( 'NONE',  ( 34.00000000000000711, 34.00000000000000711, 3.000000000000000000 ) ) ;
#2721 = EDGE_LOOP ( 'NONE', ( #2796, #635, #2244, #5, #1939, #3088, #673 ) ) ;
#2722 = CARTESIAN_POINT ( 'NONE',  ( 31.20000000000001350, -33.99999999999999289, 3.000000000000000000 ) ) ;
#2723 = CARTESIAN_POINT ( 'NONE',  ( -27.13309431909529934, -29.25441466265490931, -2.094548177651436305 ) ) ;
#2724 = ORIENTED_EDGE ( 'NONE', *, *, #1730, .T. ) ;
#2725 = AXIS2_PLACEMENT_3D ( 'NONE', #1360, #55, #581 ) ;
#2726 = CARTESIAN_POINT ( 'NONE',  ( 16.22641105988292054, 14.10509071632327682, 3.000000000000000000 ) ) ;
#2727 = DIRECTION ( 'NONE',  ( 0.000000000000000000, 0.000000000000000000, 1.000000000000000000 ) ) ;
#2728 = VECTOR ( 'NONE', #1876, 1000.000000000000000 ) ;
#2729 = ORIENTED_EDGE ( 'NONE', *, *, #289, .F. ) ;
#2730 = CARTESIAN_POINT ( 'NONE',  ( -33.99999999999999289, 38.50000000000001421, 2.699999999999991296 ) ) ;
#2731 = LINE ( 'NONE', #379, #1662 ) ;
#2732 = ORIENTED_EDGE ( 'NONE', *, *, #2863, .T. ) ;
#2733 = CARTESIAN_POINT ( 'NONE',  ( -33.99999999999999289, -33.99999999999999289, 3.000000000000000000 ) ) ;
#2734 = CARTESIAN_POINT ( 'NONE',  ( 31.99999999999998579, -27.25256958930117079, -3.317701853219625630 ) ) ;
#2735 = EDGE_CURVE ( 'NONE', #402, #2889, #1765, .T. ) ;
#2736 = CARTESIAN_POINT ( 'NONE',  ( -33.99999999999999289, 34.00000000000000711, 0.000000000000000000 ) ) ;
#2737 = ADVANCED_FACE ( 'NONE', ( #1290 ), #1213, .F. ) ;
#2738 = ORIENTED_EDGE ( 'NONE', *, *, #224, .T. ) ;
#2739 = CARTESIAN_POINT ( 'NONE',  ( -33.99999999999999289, 38.20000000000001705, 3.000000000000000000 ) ) ;
#2740 = CARTESIAN_POINT ( 'NONE',  ( -31.99999999999999289, 29.83526705455734529, -8.424977420626014180 ) ) ;
#2741 = APPROVAL_PERSON_ORGANIZATION ( #2467, #2821, #887 ) ;
#2742 = ORIENTED_EDGE ( 'NONE', *, *, #151, .F. ) ;
#2743 = CARTESIAN_POINT ( 'NONE',  ( 38.49999999999995026, 31.88050157591500167, -6.942742037375836617 ) ) ;
#2744 = CARTESIAN_POINT ( 'NONE',  ( -36.25000000000004263, -34.00000000000000711, -31.00000000000000711 ) ) ;
#2745 = PERSON_AND_ORGANIZATION_ROLE ( 'creator' ) ;
#2746 = ORIENTED_EDGE ( 'NONE', *, *, #200, .F. ) ;
#2747 = DIRECTION ( 'NONE',  ( 0.7071067811865475727, 0.7071067811865474617, 0.000000000000000000 ) ) ;
#2748 = CYLINDRICAL_SURFACE ( 'NONE', #341, 21.50000000000000000 ) ;
#2749 = ORIENTED_EDGE ( 'NONE', *, *, #288, .F. ) ;
#2750 = AXIS2_PLACEMENT_3D ( 'NONE', #486, #752, #1551 ) ;
#2751 = DIRECTION ( 'NONE',  ( -0.000000000000000000, -0.000000000000000000, 1.000000000000000000 ) ) ;
#2752 = CARTESIAN_POINT ( 'NONE',  ( -32.00000000000000000, -23.79238562111642707, -0.8589831285635406433 ) ) ;
#2753 = ORIENTED_EDGE ( 'NONE', *, *, #1545, .F. ) ;
#2754 = AXIS2_PLACEMENT_3D ( 'NONE', #2700, #2965, #2947 ) ;
#2755 = ADVANCED_FACE ( 'NONE', ( #3119 ), #2337, .F. ) ;
#2756 = CARTESIAN_POINT ( 'NONE',  ( 29.87867965644035451, 32.00000000000000000, -8.730026166412176991 ) ) ;
#2757 = CIRCLE ( 'NONE', #1990, 2.799999999999997158 ) ;
#2758 = ORIENTED_EDGE ( 'NONE', *, *, #901, .T. ) ;
#2759 = EDGE_CURVE ( 'NONE', #1614, #301, #508, .T. ) ;
#2760 = DIRECTION ( 'NONE',  ( -0.000000000000000000, -0.000000000000000000, 1.000000000000000000 ) ) ;
#2761 = LINE ( 'NONE', #2744, #14 ) ;
#2762 = ORIENTED_EDGE ( 'NONE', *, *, #2735, .F. ) ;
#2763 = FACE_OUTER_BOUND ( 'NONE', #2529, .T. ) ;
#2764 = CARTESIAN_POINT ( 'NONE',  ( 27.78984225777201189, -38.49999999999990763, -2.690903907322251598 ) ) ;
#2765 = VERTEX_POINT ( 'NONE', #2612 ) ;
#2766 = CARTESIAN_POINT ( 'NONE',  ( -38.19999999999996021, 34.00000000000000711, 3.000000000000000000 ) ) ;
#2767 = DIRECTION ( 'NONE',  ( 1.000000000000000000, 0.000000000000000000, 0.000000000000000000 ) ) ;
#2768 = CARTESIAN_POINT ( 'NONE',  ( -29.49999999999999289, -33.99999999999999289, 3.000000000000000000 ) ) ;
#2769 = ORIENTED_EDGE ( 'NONE', *, *, #1458, .T. ) ;
#2770 = CARTESIAN_POINT ( 'NONE',  ( 29.27005181395900379, 31.39137215751866705, -5.839703669432680044 ) ) ;
#2771 = ORIENTED_EDGE ( 'NONE', *, *, #3289, .T. ) ;
#2772 = CARTESIAN_POINT ( 'NONE',  ( 31.74999999999997158, 34.00000000000000711, -31.00000000000000355 ) ) ;
#2773 = CARTESIAN_POINT ( 'NONE',  ( 38.49999999999994316, 26.87227109147089621, -2.047681420432123200 ) ) ;
#2774 = ADVANCED_FACE ( 'NONE', ( #262 ), #1325, .F. ) ;
#2775 = CARTESIAN_POINT ( 'NONE',  ( 36.80000000000000426, 34.00000000000000711, -31.00000000000000355 ) ) ;
#2776 = EDGE_CURVE ( 'NONE', #2256, #1239, #2038, .T. ) ;
#2777 = VERTEX_POINT ( 'NONE', #565 ) ;
#2778 = CARTESIAN_POINT ( 'NONE',  ( -33.99999999999998579, -38.49999999999996447, -10.00000000000000178 ) ) ;
#2779 = DIRECTION ( 'NONE',  ( -0.000000000000000000, -0.000000000000000000, 1.000000000000000000 ) ) ;
#2780 = VECTOR ( 'NONE', #2198, 1000.000000000000227 ) ;
#2781 = AXIS2_PLACEMENT_3D ( 'NONE', #2340, #1535, #505 ) ;
#2782 = VERTEX_POINT ( 'NONE', #1113 ) ;
#2783 = FACE_OUTER_BOUND ( 'NONE', #439, .T. ) ;
#2784 = CARTESIAN_POINT ( 'NONE',  ( -32.00000000000000711, -20.25380855318837092, 2.862971361719535639E-16 ) ) ;
#2785 = ORIENTED_EDGE ( 'NONE', *, *, #845, .F. ) ;
#2786 = DIRECTION ( 'NONE',  ( -1.000000000000000000, 0.000000000000000000, 0.000000000000000000 ) ) ;
#2787 = FACE_OUTER_BOUND ( 'NONE', #3244, .T. ) ;
#2788 = ORIENTED_EDGE ( 'NONE', *, *, #1799, .F. ) ;
#2789 = CARTESIAN_POINT ( 'NONE',  ( -29.23169528707070697, 32.00000000000001421, -6.387214023458438028 ) ) ;
#2790 = CARTESIAN_POINT ( 'NONE',  ( 29.87867965644035095, -32.00000000000000000, 3.000000000000000000 ) ) ;
#2791 = DIRECTION ( 'NONE',  ( 0.7071067811865475727, 0.7071067811865474617, -0.000000000000000000 ) ) ;
#2792 = EDGE_CURVE ( 'NONE', #47, #2457, #2129, .T. ) ;
#2793 = EDGE_CURVE ( 'NONE', #2077, #255, #3072, .T. ) ;
#2794 = DIRECTION ( 'NONE',  ( 0.000000000000000000, 0.000000000000000000, -1.000000000000000000 ) ) ;
#2795 = CARTESIAN_POINT ( 'NONE',  ( 33.99999999999999289, -38.49999999999999289, -10.00000000000000178 ) ) ;
#2796 = ORIENTED_EDGE ( 'NONE', *, *, #289, .T. ) ;
#2797 = EDGE_CURVE ( 'NONE', #834, #402, #852, .T. ) ;
#2798 = DIRECTION ( 'NONE',  ( -0.000000000000000000, -0.000000000000000000, -1.000000000000000000 ) ) ;
#2799 = CARTESIAN_POINT ( 'NONE',  ( -32.00000000000000000, -29.87867965644037938, -8.730026166412548250 ) ) ;
#2800 = ORIENTED_EDGE ( 'NONE', *, *, #2937, .T. ) ;
#2801 = CIRCLE ( 'NONE', #1154, 2.799999999999997158 ) ;
#2802 = CARTESIAN_POINT ( 'NONE',  ( 26.87223755492904687, 38.49999999999999289, -2.047659821427942894 ) ) ;
#2803 = PLANE ( 'NONE',  #2859 ) ;
#2804 = AXIS2_PLACEMENT_3D ( 'NONE', #3296, #1139, #3227 ) ;
#2805 = AXIS2_PLACEMENT_3D ( 'NONE', #164, #1762, #2222 ) ;
#2806 = CIRCLE ( 'NONE', #2964, 14.49999999999999822 ) ;
#2807 = ORIENTED_EDGE ( 'NONE', *, *, #2617, .T. ) ;
#2808 = CARTESIAN_POINT ( 'NONE',  ( -20.25380855318835671, 32.00000000000000711, 1.326453595400234331E-15 ) ) ;
#2809 = VECTOR ( 'NONE', #2492, 1000.000000000000000 ) ;
#2810 = CARTESIAN_POINT ( 'NONE',  ( -38.49999999999996447, 30.50264423704811634, -5.190509545258797708 ) ) ;
#2811 = CARTESIAN_POINT ( 'NONE',  ( 38.49999999999994316, -1.964319230150205268E-14, 3.000000000000000000 ) ) ;
#2812 = VECTOR ( 'NONE', #205, 1000.000000000000000 ) ;
#2813 = CARTESIAN_POINT ( 'NONE',  ( 29.25071597975678728, 27.12939563619712047, -2.090181034115963676 ) ) ;
#2814 = DIRECTION ( 'NONE',  ( -1.000000000000000000, 0.000000000000000000, 0.000000000000000000 ) ) ;
#2815 = CARTESIAN_POINT ( 'NONE',  ( -30.74418393253604620, 28.62286358897639715, -4.266020712419871685 ) ) ;
#2816 = ORIENTED_EDGE ( 'NONE', *, *, #2840, .T. ) ;
#2817 = ORIENTED_EDGE ( 'NONE', *, *, #516, .F. ) ;
#2818 = DIRECTION ( 'NONE',  ( -1.000000000000000000, -3.061276722312013477E-16, 0.000000000000000000 ) ) ;
#2819 = CARTESIAN_POINT ( 'NONE',  ( -31.99999999999999289, -28.97790164330647045, -5.830973800257677198 ) ) ;
#2820 = EDGE_CURVE ( 'NONE', #3360, #627, #2662, .T. ) ;
#2821 = APPROVAL ( #3231, 'UNSPECIFIED' ) ;
#2822 = EDGE_LOOP ( 'NONE', ( #2498, #1299, #3101, #3215 ) ) ;
#2823 = LINE ( 'NONE', #475, #1093 ) ;
#2824 = CARTESIAN_POINT ( 'NONE',  ( 28.07670659031086302, 30.19802693387051562, -3.335556130470512581 ) ) ;
#2825 = ORIENTED_EDGE ( 'NONE', *, *, #2382, .T. ) ;
#2826 = CARTESIAN_POINT ( 'NONE',  ( -27.25788135359610465, 32.00000000000000711, -3.323223786641837041 ) ) ;
#2827 = DIRECTION ( 'NONE',  ( 1.000000000000000000, 0.000000000000000000, 0.000000000000000000 ) ) ;
#2828 = FACE_OUTER_BOUND ( 'NONE', #2994, .T. ) ;
#2829 = CARTESIAN_POINT ( 'NONE',  ( 25.72782805161930142, -23.60650770805962040, -0.05609968126458585169 ) ) ;
#2830 = DIRECTION ( 'NONE',  ( 1.000000000000000000, 0.000000000000000000, 0.000000000000000000 ) ) ;
#2831 = DIRECTION ( 'NONE',  ( -0.000000000000000000, -0.000000000000000000, -1.000000000000000000 ) ) ;
#2832 = EDGE_LOOP ( 'NONE', ( #2429, #229, #1407, #588 ) ) ;
#2833 = LINE ( 'NONE', #1533, #548 ) ;
#2834 = CARTESIAN_POINT ( 'NONE',  ( 34.00000000000000711, 34.00000000000000711, 0.000000000000000000 ) ) ;
#2835 = AXIS2_PLACEMENT_3D ( 'NONE', #1339, #850, #17 ) ;
#2836 = LINE ( 'NONE', #2580, #1611 ) ;
#2837 = AXIS2_PLACEMENT_3D ( 'NONE', #1278, #2324, #3358 ) ;
#2838 = ORIENTED_EDGE ( 'NONE', *, *, #1310, .F. ) ;
#2839 = EDGE_CURVE ( 'NONE', #2052, #1230, #1603, .T. ) ;
#2840 = EDGE_CURVE ( 'NONE', #1335, #681, #1209, .T. ) ;
#2841 = CARTESIAN_POINT ( 'NONE',  ( -27.18392729460122226, -38.49999999999993605, -2.254891860516896607 ) ) ;
#2842 = VERTEX_POINT ( 'NONE', #1908 ) ;
#2843 = FACE_BOUND ( 'NONE', #3024, .T. ) ;
#2844 = CARTESIAN_POINT ( 'NONE',  ( -38.49999999999994316, -1.178591538090123066E-14, 0.000000000000000000 ) ) ;
#2845 = PERSON_AND_ORGANIZATION ( #2640, #2462 ) ;
#2846 = CARTESIAN_POINT ( 'NONE',  ( 25.72100745080581063, 23.59968710724615448, -0.05512866774649839707 ) ) ;
#2847 = DIRECTION ( 'NONE',  ( 0.000000000000000000, 0.000000000000000000, -1.000000000000000000 ) ) ;
#2848 = CYLINDRICAL_SURFACE ( 'NONE', #1495, 1.849999999999997424 ) ;
#2849 = ORIENTED_EDGE ( 'NONE', *, *, #7, .F. ) ;
#2850 = ORIENTED_EDGE ( 'NONE', *, *, #1799, .T. ) ;
#2851 = CARTESIAN_POINT ( 'NONE',  ( -35.85000000000000853, 34.00000000000000711, -31.40000000000002345 ) ) ;
#2852 = VECTOR ( 'NONE', #3341, 1000.000000000000000 ) ;
#2853 = FACE_OUTER_BOUND ( 'NONE', #2697, .T. ) ;
#2854 = ORIENTED_EDGE ( 'NONE', *, *, #1352, .F. ) ;
#2855 = DIRECTION ( 'NONE',  ( 1.000000000000000000, 0.000000000000000000, 0.000000000000000000 ) ) ;
#2856 = UNCERTAINTY_MEASURE_WITH_UNIT (LENGTH_MEASURE( 1.000000000000000082E-05 ), #1945, 'distance_accuracy_value', 'NONE');
#2857 = ORIENTED_EDGE ( 'NONE', *, *, #1371, .F. ) ;
#2858 = CARTESIAN_POINT ( 'NONE',  ( -32.00000000000000000, 0.000000000000000000, 3.000000000000000000 ) ) ;
#2859 = AXIS2_PLACEMENT_3D ( 'NONE', #984, #404, #131 ) ;
#2860 = DIRECTION ( 'NONE',  ( -0.000000000000000000, -0.000000000000000000, 1.000000000000000000 ) ) ;
#2861 = AXIS2_PLACEMENT_3D ( 'NONE', #1390, #2696, #3166 ) ;
#2862 = CARTESIAN_POINT ( 'NONE',  ( -38.49999999999995737, 24.22321813307086202, -0.7187816967066500418 ) ) ;
#2863 = EDGE_CURVE ( 'NONE', #876, #745, #1078, .T. ) ;
#2864 = AXIS2_PLACEMENT_3D ( 'NONE', #3252, #1427, #2518 ) ;
#2865 = PLANE ( 'NONE',  #3160 ) ;
#2866 = DIRECTION ( 'NONE',  ( 0.000000000000000000, 0.000000000000000000, 1.000000000000000000 ) ) ;
#2867 = AXIS2_PLACEMENT_3D ( 'NONE', #2415, #2386, #564 ) ;
#2868 = DIRECTION ( 'NONE',  ( 0.000000000000000000, 0.000000000000000000, -1.000000000000000000 ) ) ;
#2869 = ORIENTED_EDGE ( 'NONE', *, *, #1590, .F. ) ;
#2870 = LINE ( 'NONE', #2057, #3315 ) ;
#2871 = FACE_OUTER_BOUND ( 'NONE', #1763, .T. ) ;
#2872 = EDGE_LOOP ( 'NONE', ( #398, #2758, #140, #3321 ) ) ;
#2873 = CARTESIAN_POINT ( 'NONE',  ( -33.99999999999998579, -38.49999999999996447, -10.00000000000000178 ) ) ;
#2874 = ORIENTED_EDGE ( 'NONE', *, *, #1540, .T. ) ;
#2875 = CARTESIAN_POINT ( 'NONE',  ( -16.22641105988292765, 14.10509071632327505, 0.000000000000000000 ) ) ;
#2876 = AXIS2_PLACEMENT_3D ( 'NONE', #512, #1869, #2907 ) ;
#2877 = EDGE_CURVE ( 'NONE', #1689, #2162, #1892, .T. ) ;
#2878 = ADVANCED_FACE ( 'NONE', ( #1617 ), #338, .F. ) ;
#2879 = CARTESIAN_POINT ( 'NONE',  ( 31.39931173684735910, 29.27799139328769229, -5.831374897911764776 ) ) ;
#2880 = DIRECTION ( 'NONE',  ( 0.7071067811865516806, 0.000000000000000000, 0.7071067811865434649 ) ) ;
#2881 = DIRECTION ( 'NONE',  ( 1.000000000000000000, 0.000000000000000000, 0.000000000000000000 ) ) ;
#2882 = DIRECTION ( 'NONE',  ( -0.000000000000000000, -0.000000000000000000, -1.000000000000000000 ) ) ;
#2883 = ORIENTED_EDGE ( 'NONE', *, *, #2657, .T. ) ;
#2884 = FACE_OUTER_BOUND ( 'NONE', #450, .T. ) ;
#2885 = DIRECTION ( 'NONE',  ( 1.000000000000000000, 0.000000000000000000, 0.000000000000000000 ) ) ;
#2886 = CIRCLE ( 'NONE', #1403, 18.79999999999995453 ) ;
#2887 = ORIENTED_EDGE ( 'NONE', *, *, #1668, .F. ) ;
#2888 = CARTESIAN_POINT ( 'NONE',  ( 38.49999999999996447, 34.00000000000001421, 3.000000000000000000 ) ) ;
#2889 = VERTEX_POINT ( 'NONE', #1375 ) ;
#2890 = CONICAL_SURFACE ( 'NONE', #1025, 2.250000000000029754, 0.7853981633974661536 ) ;
#2891 = DIRECTION ( 'NONE',  ( 0.000000000000000000, 0.000000000000000000, 1.000000000000000000 ) ) ;
#2892 = CARTESIAN_POINT ( 'NONE',  ( -1.178591538090124801E-14, 38.49999999999998579, 0.000000000000000000 ) ) ;
#2893 = CARTESIAN_POINT ( 'NONE',  ( -16.22641105988292765, 14.10509071632327505, 2.700000000000001954 ) ) ;
#2894 = EDGE_CURVE ( 'NONE', #2373, #431, #1492, .T. ) ;
#2895 = EDGE_CURVE ( 'NONE', #1614, #132, #3229, .T. ) ;
#2896 = CARTESIAN_POINT ( 'NONE',  ( 31.74999999999997868, 34.00000000000000711, -31.00000000000000711 ) ) ;
#2897 = ORIENTED_EDGE ( 'NONE', *, *, #3378, .F. ) ;
#2898 = DIRECTION ( 'NONE',  ( -0.000000000000000000, 0.000000000000000000, 1.000000000000000000 ) ) ;
#2899 = PLANE ( 'NONE',  #67 ) ;
#2900 = CIRCLE ( 'NONE', #2355, 4.499999999999997335 ) ;
#2901 = EDGE_CURVE ( 'NONE', #2174, #3017, #2913, .T. ) ;
#2902 = ORIENTED_EDGE ( 'NONE', *, *, #2635, .T. ) ;
#2903 = CARTESIAN_POINT ( 'NONE',  ( -33.99999999999999289, 38.50000000000001421, -10.00000000000000178 ) ) ;
#2904 = VECTOR ( 'NONE', #1517, 1000.000000000000000 ) ;
#2905 = CARTESIAN_POINT ( 'NONE',  ( -29.49999999999999289, -33.99999999999999289, -10.00000000000000178 ) ) ;
#2906 = ORIENTED_EDGE ( 'NONE', *, *, #1178, .T. ) ;
#2907 = DIRECTION ( 'NONE',  ( 0.7071067811865474617, 0.7071067811865475727, 0.000000000000000000 ) ) ;
#2908 = VECTOR ( 'NONE', #2040, 1000.000000000000000 ) ;
#2909 = CARTESIAN_POINT ( 'NONE',  ( -27.25256958930140527, -31.99999999999999289, -3.317701853219888974 ) ) ;
#2910 = CARTESIAN_POINT ( 'NONE',  ( -16.22641105988290988, -14.10509071632328570, 3.000000000000000000 ) ) ;
#2911 = AXIS2_PLACEMENT_3D ( 'NONE', #1544, #2278, #972 ) ;
#2912 = VECTOR ( 'NONE', #72, 1000.000000000000227 ) ;
#2913 = LINE ( 'NONE', #2896, #1383 ) ;
#2914 = ORIENTED_EDGE ( 'NONE', *, *, #2053, .F. ) ;
#2915 = DIRECTION ( 'NONE',  ( 0.7071067811865475727, 0.7071067811865475727, -0.000000000000000000 ) ) ;
#2916 = AXIS2_PLACEMENT_3D ( 'NONE', #1657, #351, #2562 ) ;
#2917 = CARTESIAN_POINT ( 'NONE',  ( 29.23169528707071763, -32.00000000000000000, -6.387214023458408718 ) ) ;
#2918 = ORIENTED_EDGE ( 'NONE', *, *, #927, .T. ) ;
#2919 = LINE ( 'NONE', #1931, #870 ) ;
#2920 = EDGE_CURVE ( 'NONE', #2842, #2174, #557, .T. ) ;
#2921 = FACE_OUTER_BOUND ( 'NONE', #2183, .T. ) ;
#2922 = ADVANCED_FACE ( 'NONE', ( #311 ), #2255, .F. ) ;
#2923 = ORIENTED_EDGE ( 'NONE', *, *, #861, .F. ) ;
#2924 = DIRECTION ( 'NONE',  ( -0.000000000000000000, -0.000000000000000000, -1.000000000000000000 ) ) ;
#2925 = CARTESIAN_POINT ( 'NONE',  ( -25.65984692903824538, -27.78116727259787311, -0.8580313880902745716 ) ) ;
#2926 = ORIENTED_EDGE ( 'NONE', *, *, #2444, .F. ) ;
#2927 = CARTESIAN_POINT ( 'NONE',  ( -28.53192362653526359, -32.00000000000000000, -5.021505519407614138 ) ) ;
#2928 = CARTESIAN_POINT ( 'NONE',  ( 31.99999999999999289, 26.82255460675449399, -2.882874334597767429 ) ) ;
#2929 = CARTESIAN_POINT ( 'NONE',  ( -25.72782805161930852, 23.60650770805966303, -0.05609968126459015381 ) ) ;
#2930 = ORIENTED_EDGE ( 'NONE', *, *, #2459, .F. ) ;
#2931 = DIRECTION ( 'NONE',  ( -0.000000000000000000, -0.000000000000000000, -1.000000000000000000 ) ) ;
#2932 = CARTESIAN_POINT ( 'NONE',  ( 22.65326044772982428, -32.00000000000001421, -0.4352126750054334248 ) ) ;
#2933 = ORIENTED_EDGE ( 'NONE', *, *, #3327, .F. ) ;
#2934 = DIRECTION ( 'NONE',  ( 1.000000000000000000, 0.000000000000000000, 0.000000000000000000 ) ) ;
#2935 = CARTESIAN_POINT ( 'NONE',  ( 34.00000000000000711, 34.00000000000000711, 3.000000000000000000 ) ) ;
#2936 = ORIENTED_EDGE ( 'NONE', *, *, #712, .T. ) ;
#2937 = EDGE_CURVE ( 'NONE', #2683, #2648, #776, .T. ) ;
#2938 = DIRECTION ( 'NONE',  ( -0.000000000000000000, 0.000000000000000000, -1.000000000000000000 ) ) ;
#2939 = EDGE_CURVE ( 'NONE', #824, #2381, #803, .T. ) ;
#2940 = CARTESIAN_POINT ( 'NONE',  ( -14.03420608576824513, 16.15552642932791017, 2.800001734771416118 ) ) ;
#2941 = CIRCLE ( 'NONE', #2395, 21.20000000000000995 ) ;
#2942 = DIRECTION ( 'NONE',  ( 0.7071067811865474617, -0.7071067811865475727, 0.000000000000000000 ) ) ;
#2943 = CARTESIAN_POINT ( 'NONE',  ( -22.74130080103460472, -24.86262114459423955, 0.000000000000000000 ) ) ;
#2944 = CARTESIAN_POINT ( 'NONE',  ( -28.90858798534923579, 26.78726764178958319, -1.742255732245254318 ) ) ;
#2945 = VERTEX_POINT ( 'NONE', #3078 ) ;
#2946 = DIRECTION ( 'NONE',  ( -3.061276722312012491E-16, 1.000000000000000000, -0.000000000000000000 ) ) ;
#2947 = DIRECTION ( 'NONE',  ( 1.000000000000000000, 0.000000000000000000, 0.000000000000000000 ) ) ;
#2948 = EDGE_LOOP ( 'NONE', ( #2134, #1043, #193, #1748 ) ) ;
#2949 = CARTESIAN_POINT ( 'NONE',  ( 14.10509071632327505, 16.22641105988292409, 3.000000000000000000 ) ) ;
#2950 = CARTESIAN_POINT ( 'NONE',  ( 0.000000000000000000, 0.000000000000000000, 0.000000000000000000 ) ) ;
#2951 = AXIS2_PLACEMENT_3D ( 'NONE', #1397, #302, #1347 ) ;
#2952 = ORIENTED_EDGE ( 'NONE', *, *, #2840, .F. ) ;
#2953 = CARTESIAN_POINT ( 'NONE',  ( 28.53192362653514635, 32.00000000000000000, -5.021505519407378770 ) ) ;
#2954 = CARTESIAN_POINT ( 'NONE',  ( -32.00000000000000000, 29.62975700707011839, -7.526069970485447236 ) ) ;
#2955 = CARTESIAN_POINT ( 'NONE',  ( 34.00000000000000711, -33.99999999999999289, 3.000000000000000000 ) ) ;
#2956 = ADVANCED_FACE ( 'NONE', ( #3325 ), #2960, .F. ) ;
#2957 = CARTESIAN_POINT ( 'NONE',  ( 31.99999999999998579, 29.23169528707063947, -6.387214023458208878 ) ) ;
#2958 = CC_DESIGN_PERSON_AND_ORGANIZATION_ASSIGNMENT ( #2845, #2535, ( #2026 ) ) ;
#2959 = AXIS2_PLACEMENT_3D ( 'NONE', #1986, #1732, #731 ) ;
#2960 = CYLINDRICAL_SURFACE ( 'NONE', #2959, 2.799999999999997158 ) ;
#2961 = ORIENTED_EDGE ( 'NONE', *, *, #1229, .F. ) ;
#2962 = AXIS2_PLACEMENT_3D ( 'NONE', #2080, #3057, #222 ) ;
#2963 = CARTESIAN_POINT ( 'NONE',  ( 14.10509071632327860, -16.22641105988292054, 2.700000000000001954 ) ) ;
#2964 = AXIS2_PLACEMENT_3D ( 'NONE', #2296, #3328, #989 ) ;
#2965 = DIRECTION ( 'NONE',  ( -0.000000000000000000, 0.000000000000000000, -1.000000000000000000 ) ) ;
#2966 = ORIENTED_EDGE ( 'NONE', *, *, #2439, .T. ) ;
#2967 = VECTOR ( 'NONE', #2556, 1000.000000000000000 ) ;
#2968 = CARTESIAN_POINT ( 'NONE',  ( -33.99999999999999289, 34.00000000000000711, 0.000000000000000000 ) ) ;
#2969 = CARTESIAN_POINT ( 'NONE',  ( 14.03420608576825934, -16.15552642932789951, 2.800001734771416562 ) ) ;
#2970 = ORIENTED_EDGE ( 'NONE', *, *, #473, .T. ) ;
#2971 = CONICAL_SURFACE ( 'NONE', #1658, 21.20000000000000995, 0.7853981633974309595 ) ;
#2972 = CARTESIAN_POINT ( 'NONE',  ( 23.79182546617548866, 32.00000000000000711, -0.8582643753766127093 ) ) ;
#2973 = CARTESIAN_POINT ( 'NONE',  ( -28.21894114901160933, -30.34026149257122640, -3.562303149241020428 ) ) ;
#2974 = ORIENTED_EDGE ( 'NONE', *, *, #1370, .F. ) ;
#2975 = DIRECTION ( 'NONE',  ( 0.7071067811865474617, -0.7071067811865474617, 0.000000000000000000 ) ) ;
#2976 = DIRECTION ( 'NONE',  ( 0.7071067811865602293, 0.000000000000000000, 0.7071067811865348052 ) ) ;
#2977 = EDGE_CURVE ( 'NONE', #1349, #1910, #2699, .T. ) ;
#2978 = ORIENTED_EDGE ( 'NONE', *, *, #2360, .F. ) ;
#2979 = EDGE_CURVE ( 'NONE', #3232, #3371, #2596, .T. ) ;
#2980 = DIRECTION ( 'NONE',  ( 1.000000000000000000, 0.000000000000000000, 0.000000000000000000 ) ) ;
#2981 = DIRECTION ( 'NONE',  ( 1.000000000000000000, 0.000000000000000000, 0.000000000000000000 ) ) ;
#2982 = VERTEX_POINT ( 'NONE', #1491 ) ;
#2983 = FACE_OUTER_BOUND ( 'NONE', #1904, .T. ) ;
#2984 = AXIS2_PLACEMENT_3D ( 'NONE', #2384, #2860, #3132 ) ;
#2985 = DIRECTION ( 'NONE',  ( -0.000000000000000000, -0.000000000000000000, 1.000000000000000000 ) ) ;
#2986 = CARTESIAN_POINT ( 'NONE',  ( -21.50000000000000000, 0.000000000000000000, 3.000000000000000000 ) ) ;
#2987 = ORIENTED_EDGE ( 'NONE', *, *, #1036, .F. ) ;
#2988 = LINE ( 'NONE', #1888, #660 ) ;
#2989 = CARTESIAN_POINT ( 'NONE',  ( -32.00000000000000711, 28.98789835730071829, -5.820318706178594148 ) ) ;
#2990 = VERTEX_POINT ( 'NONE', #2449 ) ;
#2991 = CIRCLE ( 'NONE', #3104, 1.849999999999997424 ) ;
#2992 = CARTESIAN_POINT ( 'NONE',  ( -38.49999999999995737, 32.33972353424199042, -7.526734355035942237 ) ) ;
#2993 = CARTESIAN_POINT ( 'NONE',  ( 38.49999999999992184, -28.08296541402046742, -2.918744972641967195 ) ) ;
#2994 = EDGE_LOOP ( 'NONE', ( #2729, #1646, #3304, #2966, #282, #3240 ) ) ;
#2995 = CARTESIAN_POINT ( 'NONE',  ( -33.99999999999999289, -33.99999999999999289, 0.000000000000000000 ) ) ;
#2996 = DIRECTION ( 'NONE',  ( -1.000000000000000000, 0.000000000000000000, 0.000000000000000000 ) ) ;
#2997 = ADVANCED_FACE ( 'NONE', ( #187 ), #2642, .T. ) ;
#2998 = EDGE_LOOP ( 'NONE', ( #2039, #3159, #2151, #1897 ) ) ;
#2999 = DIRECTION ( 'NONE',  ( 1.000000000000000000, 3.061276722312013477E-16, 0.000000000000000000 ) ) ;
#3000 = DIRECTION ( 'NONE',  ( 0.000000000000000000, 0.000000000000000000, 1.000000000000000000 ) ) ;
#3001 = EDGE_CURVE ( 'NONE', #2070, #627, #121, .T. ) ;
#3002 = CC_DESIGN_DATE_AND_TIME_ASSIGNMENT ( #1806, #2332, ( #1369 ) ) ;
#3003 = ORIENTED_EDGE ( 'NONE', *, *, #2439, .F. ) ;
#3004 = CARTESIAN_POINT ( 'NONE',  ( -20.96594375926296294, 38.49999999999999289, 1.084202172485514788E-16 ) ) ;
#3005 = DIRECTION ( 'NONE',  ( 1.000000000000000000, 0.000000000000000000, 0.000000000000000000 ) ) ;
#3006 = ORIENTED_EDGE ( 'NONE', *, *, #1840, .F. ) ;
#3007 = CARTESIAN_POINT ( 'NONE',  ( -25.29541745467989955, -23.17409711112028248, 3.811648262644351526E-18 ) ) ;
#3008 = CARTESIAN_POINT ( 'NONE',  ( 19.50000000000001066, 34.00000000000000711, -10.00000000000000178 ) ) ;
#3009 = PERSON_AND_ORGANIZATION ( #2640, #2462 ) ;
#3010 = ORIENTED_EDGE ( 'NONE', *, *, #2212, .T. ) ;
#3011 = CARTESIAN_POINT ( 'NONE',  ( 13.96332024889220946, 16.08464059245185496, 2.900001759411824587 ) ) ;
#3012 = CARTESIAN_POINT ( 'NONE',  ( 34.00000000000000711, 34.00000000000000711, 3.000000000000000000 ) ) ;
#3013 = ORIENTED_EDGE ( 'NONE', *, *, #1627, .T. ) ;
#3014 = AXIS2_PLACEMENT_3D ( 'NONE', #1901, #2938, #604 ) ;
#3015 = CARTESIAN_POINT ( 'NONE',  ( 31.99999999999998579, -29.83526705455730621, -8.424977420625680224 ) ) ;
#3016 = CARTESIAN_POINT ( 'NONE',  ( -32.00000000000000000, -22.65326044772986336, -0.4352126750054542970 ) ) ;
#3017 = VERTEX_POINT ( 'NONE', #2772 ) ;
#3018 = AXIS2_PLACEMENT_3D ( 'NONE', #1863, #1795, #3375 ) ;
#3019 = CARTESIAN_POINT ( 'NONE',  ( 27.18392729460122581, 38.49999999999999289, -2.254891860516866853 ) ) ;
#3020 = EDGE_CURVE ( 'NONE', #1715, #1679, #1192, .T. ) ;
#3021 = ADVANCED_FACE ( 'NONE', ( #204 ), #2585, .F. ) ;
#3022 = CARTESIAN_POINT ( 'NONE',  ( 0.000000000000000000, 0.000000000000000000, -37.00000000000000000 ) ) ;
#3023 = AXIS2_PLACEMENT_3D ( 'NONE', #1772, #227, #2369 ) ;
#3024 = EDGE_LOOP ( 'NONE', ( #117, #2800 ) ) ;
#3025 = CARTESIAN_POINT ( 'NONE',  ( -29.64541976450978922, 32.00000000000000711, -7.529738314972914459 ) ) ;
#3026 = CARTESIAN_POINT ( 'NONE',  ( 38.49999999999995026, 32.95805459511802127, -8.459567745562194929 ) ) ;
#3027 = DIRECTION ( 'NONE',  ( 1.000000000000000000, 0.000000000000000000, 0.000000000000000000 ) ) ;
#3028 = COORDINATED_UNIVERSAL_TIME_OFFSET ( 3, 0, .BEHIND. ) ;
#3029 = ORIENTED_EDGE ( 'NONE', *, *, #386, .F. ) ;
#3030 = DIRECTION ( 'NONE',  ( 0.000000000000000000, 0.000000000000000000, 1.000000000000000000 ) ) ;
#3031 = CARTESIAN_POINT ( 'NONE',  ( 33.16823723062913842, -38.49999999999991473, -8.766484905927990567 ) ) ;
#3032 = ORIENTED_EDGE ( 'NONE', *, *, #2901, .T. ) ;
#3033 = DIRECTION ( 'NONE',  ( -0.000000000000000000, 0.000000000000000000, 1.000000000000000000 ) ) ;
#3034 = CARTESIAN_POINT ( 'NONE',  ( -32.00000000000000000, -22.06887650841428794, -0.2743135503996440572 ) ) ;
#3035 = VERTEX_POINT ( 'NONE', #528 ) ;
#3036 = CARTESIAN_POINT ( 'NONE',  ( -34.00000000000000711, 34.00000000000000711, -31.00000000000000711 ) ) ;
#3037 = CARTESIAN_POINT ( 'NONE',  ( -38.49999999999994316, -1.178591538090123066E-14, 3.000000000000000000 ) ) ;
#3038 = EDGE_CURVE ( 'NONE', #248, #47, #1655, .T. ) ;
#3039 = ADVANCED_FACE ( 'NONE', ( #1867 ), #2098, .T. ) ;
#3040 = EDGE_LOOP ( 'NONE', ( #1950, #1362, #2869, #153 ) ) ;
#3041 = CARTESIAN_POINT ( 'NONE',  ( 28.48448150614019170, -30.60580184969984785, -4.024549735681556051 ) ) ;
#3042 = DIRECTION ( 'NONE',  ( -1.000000000000000000, 0.000000000000000000, 0.000000000000000000 ) ) ;
#3043 = DIRECTION ( 'NONE',  ( -0.7071067811865516806, 8.659560562354983395E-17, 0.7071067811865434649 ) ) ;
#3044 = EDGE_CURVE ( 'NONE', #1910, #3094, #2383, .T. ) ;
#3045 = CARTESIAN_POINT ( 'NONE',  ( 38.50000000000000711, -33.99999999999999289, 3.000000000000000000 ) ) ;
#3046 = CARTESIAN_POINT ( 'NONE',  ( 32.31880752694936376, -38.49999999999991473, -7.544926167341897028 ) ) ;
#3047 = VECTOR ( 'NONE', #3, 1000.000000000000114 ) ;
#3048 = EDGE_LOOP ( 'NONE', ( #2252, #414, #1215, #3091, #203 ) ) ;
#3049 = CARTESIAN_POINT ( 'NONE',  ( -21.50000000000000000, 0.000000000000000000, 0.000000000000000000 ) ) ;
#3050 = DIRECTION ( 'NONE',  ( 1.000000000000000000, 0.000000000000000000, 0.000000000000000000 ) ) ;
#3051 = CARTESIAN_POINT ( 'NONE',  ( -32.00000000000000000, -25.89536819656598254, -2.094542282077828776 ) ) ;
#3052 = ORIENTED_EDGE ( 'NONE', *, *, #428, .F. ) ;
#3053 = FACE_OUTER_BOUND ( 'NONE', #841, .T. ) ;
#3054 = CARTESIAN_POINT ( 'NONE',  ( 33.99999999999999289, -38.49999999999995026, 2.699999999999991296 ) ) ;
#3055 = VERTEX_POINT ( 'NONE', #3148 ) ;
#3056 = CARTESIAN_POINT ( 'NONE',  ( 29.65327091937577819, -31.77459126293544145, -7.241859038793293735 ) ) ;
#3057 = DIRECTION ( 'NONE',  ( -0.000000000000000000, 0.000000000000000000, 1.000000000000000000 ) ) ;
#3058 = CARTESIAN_POINT ( 'NONE',  ( -13.96332024889222190, -16.08464059245184430, 2.900001759411824587 ) ) ;
#3059 = AXIS2_PLACEMENT_3D ( 'NONE', #1502, #1964, #3050 ) ;
#3060 = AXIS2_PLACEMENT_3D ( 'NONE', #1200, #2615, #3141 ) ;
#3061 = COORDINATED_UNIVERSAL_TIME_OFFSET ( 3, 0, .BEHIND. ) ;
#3062 = ADVANCED_FACE ( 'NONE', ( #542 ), #1917, .F. ) ;
#3063 = EDGE_CURVE ( 'NONE', #2342, #28, #3205, .T. ) ;
#3064 = CARTESIAN_POINT ( 'NONE',  ( 29.25441466265479562, -27.13309431909511815, -2.094548177651261778 ) ) ;
#3065 = CARTESIAN_POINT ( 'NONE',  ( 38.50000000000000711, 34.00000000000000711, 3.000000000000000000 ) ) ;
#3066 = CARTESIAN_POINT ( 'NONE',  ( 34.00000000000000711, -33.99999999999999289, -10.00000000000000178 ) ) ;
#3067 = VERTEX_POINT ( 'NONE', #93 ) ;
#3068 = ORIENTED_EDGE ( 'NONE', *, *, #1625, .F. ) ;
#3069 = DIRECTION ( 'NONE',  ( -0.000000000000000000, -0.000000000000000000, -1.000000000000000000 ) ) ;
#3070 = LINE ( 'NONE', #472, #2809 ) ;
#3071 = ORIENTED_EDGE ( 'NONE', *, *, #494, .T. ) ;
#3072 = CIRCLE ( 'NONE', #2695, 14.49999999999999822 ) ;
#3073 = CARTESIAN_POINT ( 'NONE',  ( 29.17386641641336453, 31.29518675997301003, -5.564814071142158092 ) ) ;
#3074 = CIRCLE ( 'NONE', #1327, 14.50000000000000178 ) ;
#3075 = VECTOR ( 'NONE', #1455, 1000.000000000000000 ) ;
#3076 = CIRCLE ( 'NONE', #124, 10.00000000000000000 ) ;
#3077 = ORIENTED_EDGE ( 'NONE', *, *, #1395, .F. ) ;
#3078 = CARTESIAN_POINT ( 'NONE',  ( 29.50000000000001066, 34.00000000000000711, -10.00000000000000178 ) ) ;
#3079 = DIRECTION ( 'NONE',  ( -1.000000000000000000, 0.000000000000000000, 0.000000000000000000 ) ) ;
#3080 = CARTESIAN_POINT ( 'NONE',  ( -38.50000000000000000, -33.99999999999998579, -10.00000000000000178 ) ) ;
#3081 = CARTESIAN_POINT ( 'NONE',  ( 31.39137215751860310, -29.27005181395892564, -5.839703669432505073 ) ) ;
#3082 = DIRECTION ( 'NONE',  ( -1.000000000000000000, -3.061276722312013477E-16, 0.000000000000000000 ) ) ;
#3083 = EDGE_CURVE ( 'NONE', #2712, #2008, #908, .T. ) ;
#3084 = EDGE_CURVE ( 'NONE', #1509, #1554, #2988, .T. ) ;
#3085 = CARTESIAN_POINT ( 'NONE',  ( 19.63859338365494267, 32.00000000000000000, 0.000000000000000000 ) ) ;
#3086 = EDGE_LOOP ( 'NONE', ( #2339, #2085, #1777, #932, #2769, #3263 ) ) ;
#3087 = CARTESIAN_POINT ( 'NONE',  ( 34.00000000000000711, -33.99999999999999289, 3.000000000000000000 ) ) ;
#3088 = ORIENTED_EDGE ( 'NONE', *, *, #617, .F. ) ;
#3089 = DIRECTION ( 'NONE',  ( -0.000000000000000000, 0.000000000000000000, 1.000000000000000000 ) ) ;
#3090 = DIRECTION ( 'NONE',  ( 1.000000000000000000, 0.000000000000000000, 0.000000000000000000 ) ) ;
#3091 = ORIENTED_EDGE ( 'NONE', *, *, #2189, .T. ) ;
#3092 = DIRECTION ( 'NONE',  ( -0.000000000000000000, -0.000000000000000000, -1.000000000000000000 ) ) ;
#3093 = B_SPLINE_CURVE_WITH_KNOTS ( 'NONE', 3,
 ( #1180, #2265, #2231, #2246, #1704, #919, #2216, #1481, #3283, #940, #1722, #2764, #413, #1960, #1994, #396, #3046, #1165, #3031, #2025, #3300, #2795 ),
 .UNSPECIFIED., .F., .F.,
 ( 4, 2, 2, 2, 2, 2, 2, 2, 2, 2, 4 ),
 ( 0.000000000000000000, 0.002220585806104690123, 0.003330878709157040173, 0.004441171612209390655, 0.006661757418314080345, 0.007772050321366425624, 0.008882343224418770902, 0.01332351483662817630, 0.01554410064273288247, 0.01665439354578523989, 0.01776468644883760079 ),
 .UNSPECIFIED. ) ;
#3094 = VERTEX_POINT ( 'NONE', #2722 ) ;
#3095 = LINE ( 'NONE', #271, #2852 ) ;
#3096 = CARTESIAN_POINT ( 'NONE',  ( 22.74130080103461538, 24.86262114459426442, 0.000000000000000000 ) ) ;
#3097 = CARTESIAN_POINT ( 'NONE',  ( -38.50000000000000000, -33.99999999999999289, -37.00000000000000000 ) ) ;
#3098 = CARTESIAN_POINT ( 'NONE',  ( 18.50000000000000000, 2.265596578422603396E-15, 0.000000000000000000 ) ) ;
#3099 = CARTESIAN_POINT ( 'NONE',  ( -28.85227903223889356, 30.97359937579855327, -4.770121381240508995 ) ) ;
#3100 = FACE_OUTER_BOUND ( 'NONE', #607, .T. ) ;
#3101 = ORIENTED_EDGE ( 'NONE', *, *, #2438, .T. ) ;
#3102 = ORIENTED_EDGE ( 'NONE', *, *, #1196, .F. ) ;
#3103 = CARTESIAN_POINT ( 'NONE',  ( 1.060660171779817196, -1.060660171779817418, 3.000000000000000000 ) ) ;
#3104 = AXIS2_PLACEMENT_3D ( 'NONE', #918, #1721, #1216 ) ;
#3105 = CARTESIAN_POINT ( 'NONE',  ( -32.00000000000000000, 29.87867965644035095, 3.000000000000000000 ) ) ;
#3106 = CIRCLE ( 'NONE', #2624, 1.849999999999997424 ) ;
#3107 = ORIENTED_EDGE ( 'NONE', *, *, #260, .T. ) ;
#3108 = CARTESIAN_POINT ( 'NONE',  ( -38.49999999999995026, 20.21595124790977138, 0.000000000000000000 ) ) ;
#3109 = EDGE_CURVE ( 'NONE', #1554, #2542, #1104, .T. ) ;
#3110 = APPROVAL ( #713, 'UNSPECIFIED' ) ;
#3111 = VERTEX_POINT ( 'NONE', #2739 ) ;
#3112 = CARTESIAN_POINT ( 'NONE',  ( 0.000000000000000000, 0.000000000000000000, 3.000000000000000000 ) ) ;
#3113 = CARTESIAN_POINT ( 'NONE',  ( -38.49999999999994316, 23.15360480325195525, -0.3816444876301836597 ) ) ;
#3114 = FACE_OUTER_BOUND ( 'NONE', #1837, .T. ) ;
#3115 = CIRCLE ( 'NONE', #1756, 2.799999999999997158 ) ;
#3116 = CARTESIAN_POINT ( 'NONE',  ( 31.99999999999998579, 29.87867965644033674, -8.730026166412011790 ) ) ;
#3117 = LINE ( 'NONE', #531, #2967 ) ;
#3118 = CC_DESIGN_SECURITY_CLASSIFICATION ( #1369, ( #2026 ) ) ;
#3119 = FACE_OUTER_BOUND ( 'NONE', #1181, .T. ) ;
#3120 = VERTEX_POINT ( 'NONE', #370 ) ;
#3121 = DIRECTION ( 'NONE',  ( 5.102127870520020982E-16, 1.000000000000000000, 0.000000000000000000 ) ) ;
#3122 = EDGE_LOOP ( 'NONE', ( #2217, #1537, #2785, #2887 ) ) ;
#3123 = CARTESIAN_POINT ( 'NONE',  ( 31.99999999999998579, 0.000000000000000000, 3.000000000000000000 ) ) ;
#3124 = DIRECTION ( 'NONE',  ( 0.000000000000000000, 0.000000000000000000, 1.000000000000000000 ) ) ;
#3125 = ORIENTED_EDGE ( 'NONE', *, *, #2047, .F. ) ;
#3126 = LINE ( 'NONE', #1524, #1094 ) ;
#3127 = VECTOR ( 'NONE', #1095, 1000.000000000000000 ) ;
#3128 = ORIENTED_EDGE ( 'NONE', *, *, #533, .T. ) ;
#3129 = EDGE_CURVE ( 'NONE', #2018, #2620, #589, .T. ) ;
#3130 = EDGE_CURVE ( 'NONE', #1579, #2162, #2458, .T. ) ;
#3131 = AXIS2_PLACEMENT_3D ( 'NONE', #2720, #129, #587 ) ;
#3132 = DIRECTION ( 'NONE',  ( 1.000000000000000000, 0.000000000000000000, 0.000000000000000000 ) ) ;
#3133 = CIRCLE ( 'NONE', #1159, 4.500000000000003553 ) ;
#3134 = AXIS2_PLACEMENT_3D ( 'NONE', #3265, #125, #2996 ) ;
#3135 = PERSON_AND_ORGANIZATION ( #2640, #2462 ) ;
#3136 = CARTESIAN_POINT ( 'NONE',  ( 31.99999999999998579, -29.87867965644031187, -8.730026166411931854 ) ) ;
#3137 = CARTESIAN_POINT ( 'NONE',  ( -29.44992368698023100, 31.57124403053989425, -6.383885799651207726 ) ) ;
#3138 = CIRCLE ( 'NONE', #2107, 2.800000000000000266 ) ;
#3139 = AXIS2_PLACEMENT_3D ( 'NONE', #1692, #1381, #2456 ) ;
#3140 = CARTESIAN_POINT ( 'NONE',  ( -31.84378530591538947, 29.72246496235574398, -7.535311617175882937 ) ) ;
#3141 = DIRECTION ( 'NONE',  ( 1.000000000000000000, 0.000000000000000000, 0.000000000000000000 ) ) ;
#3142 = VERTEX_POINT ( 'NONE', #3242 ) ;
#3143 = DIRECTION ( 'NONE',  ( -0.7071067811865477948, -0.7071067811865473507, 0.000000000000000000 ) ) ;
#3144 = DIRECTION ( 'NONE',  ( 1.000000000000000000, 0.000000000000000000, 0.000000000000000000 ) ) ;
#3145 = ORIENTED_EDGE ( 'NONE', *, *, #1250, .T. ) ;
#3146 = CARTESIAN_POINT ( 'NONE',  ( 34.00000000000000711, 34.00000000000000711, -10.00000000000000178 ) ) ;
#3147 = ORIENTED_EDGE ( 'NONE', *, *, #651, .T. ) ;
#3148 = CARTESIAN_POINT ( 'NONE',  ( 31.99999999999998579, 19.63859338365494267, 0.000000000000000000 ) ) ;
#3149 = CARTESIAN_POINT ( 'NONE',  ( -33.99999999999999289, -33.99999999999999289, -31.00000000000000355 ) ) ;
#3150 = EDGE_CURVE ( 'NONE', #2990, #1335, #896, .T. ) ;
#3151 = EDGE_CURVE ( 'NONE', #2623, #216, #259, .T. ) ;
#3152 = CARTESIAN_POINT ( 'NONE',  ( -24.34268191928963176, -32.00000000000000000, -1.120732555420502985 ) ) ;
#3153 = EDGE_CURVE ( 'NONE', #2493, #469, #2033, .T. ) ;
#3154 = CARTESIAN_POINT ( 'NONE',  ( 0.000000000000000000, 0.000000000000000000, 0.000000000000000000 ) ) ;
#3155 = CARTESIAN_POINT ( 'NONE',  ( -33.99999999999999289, -33.99999999999999289, 0.000000000000000000 ) ) ;
#3156 = VERTEX_POINT ( 'NONE', #162 ) ;
#3157 = DIRECTION ( 'NONE',  ( -0.000000000000000000, -0.000000000000000000, -1.000000000000000000 ) ) ;
#3158 = CARTESIAN_POINT ( 'NONE',  ( 0.000000000000000000, 0.000000000000000000, 0.000000000000000000 ) ) ;
#3159 = ORIENTED_EDGE ( 'NONE', *, *, #269, .T. ) ;
#3160 = AXIS2_PLACEMENT_3D ( 'NONE', #1548, #1807, #1771 ) ;
#3161 = ORIENTED_EDGE ( 'NONE', *, *, #861, .T. ) ;
#3162 = VECTOR ( 'NONE', #1671, 1000.000000000000000 ) ;
#3163 = DIRECTION ( 'NONE',  ( -0.000000000000000000, -0.000000000000000000, 1.000000000000000000 ) ) ;
#3164 = CARTESIAN_POINT ( 'NONE',  ( -20.25431548716133889, -32.00000000000000000, -1.029145030913974542E-16 ) ) ;
#3165 = FACE_OUTER_BOUND ( 'NONE', #2171, .T. ) ;
#3166 = DIRECTION ( 'NONE',  ( 1.000000000000000000, 0.000000000000000000, 0.000000000000000000 ) ) ;
#3167 = ADVANCED_FACE ( 'NONE', ( #2015 ), #3222, .F. ) ;
#3168 = ORIENTED_EDGE ( 'NONE', *, *, #405, .F. ) ;
#3169 = DIRECTION ( 'NONE',  ( -0.7071067811865474617, 0.7071067811865474617, 0.000000000000000000 ) ) ;
#3170 = CARTESIAN_POINT ( 'NONE',  ( -38.49999999999992895, -32.95805459511797153, -8.459567745562249996 ) ) ;
#3171 = CC_DESIGN_APPROVAL ( #1506, ( #181 ) ) ;
#3172 = ORIENTED_EDGE ( 'NONE', *, *, #473, .F. ) ;
#3173 = VECTOR ( 'NONE', #2689, 1000.000000000000114 ) ;
#3174 = FACE_OUTER_BOUND ( 'NONE', #1606, .T. ) ;
#3175 = DIRECTION ( 'NONE',  ( 0.000000000000000000, 1.000000000000000000, -0.000000000000000000 ) ) ;
#3176 = ORIENTED_EDGE ( 'NONE', *, *, #2336, .F. ) ;
#3177 = CARTESIAN_POINT ( 'NONE',  ( 28.98789835730069342, 32.00000000000001421, -5.820318706178527535 ) ) ;
#3178 = CARTESIAN_POINT ( 'NONE',  ( -28.86198320548299989, -30.98330354904262052, -4.766248292548506349 ) ) ;
#3179 = ORIENTED_EDGE ( 'NONE', *, *, #570, .F. ) ;
#3180 = AXIS2_PLACEMENT_3D ( 'NONE', #1667, #421, #2195 ) ;
#3181 = CARTESIAN_POINT ( 'NONE',  ( -22.63858463723476433, -32.00000000000000000, -0.4302702249978967997 ) ) ;
#3182 = CARTESIAN_POINT ( 'NONE',  ( 7.431540063958939521E-15, 32.00000000000000711, 3.000000000000000000 ) ) ;
#3183 = CARTESIAN_POINT ( 'NONE',  ( -29.74069997707756841, 27.61937963351790870, -2.688260404509968726 ) ) ;
#3184 = ORIENTED_EDGE ( 'NONE', *, *, #2589, .F. ) ;
#3185 = CARTESIAN_POINT ( 'NONE',  ( -14.10509071632328393, -16.22641105988290988, 0.000000000000000000 ) ) ;
#3186 = CIRCLE ( 'NONE', #2534, 4.499999999999997335 ) ;
#3187 = CARTESIAN_POINT ( 'NONE',  ( 25.40132141337338112, -31.99999999999999289, -1.742830765874976651 ) ) ;
#3188 = ADVANCED_FACE ( 'NONE', ( #3053 ), #1205, .F. ) ;
#3189 = EDGE_CURVE ( 'NONE', #2717, #2162, #225, .T. ) ;
#3190 = EDGE_LOOP ( 'NONE', ( #1739, #1698, #291, #230, #2356, #2323 ) ) ;
#3191 = DIRECTION ( 'NONE',  ( 1.000000000000000000, 0.000000000000000000, 0.000000000000000000 ) ) ;
#3192 = DIRECTION ( 'NONE',  ( 1.000000000000000000, 0.000000000000000000, 0.000000000000000000 ) ) ;
#3193 = EDGE_LOOP ( 'NONE', ( #2504, #3010, #272, #2883, #186, #775, #1811, #1276 ) ) ;
#3194 = CARTESIAN_POINT ( 'NONE',  ( 1.178591538090122750E-14, -38.49999999999992184, 3.000000000000000000 ) ) ;
#3195 = CARTESIAN_POINT ( 'NONE',  ( 24.86262114459426087, 22.74130080103461893, 0.000000000000000000 ) ) ;
#3196 = DIRECTION ( 'NONE',  ( 1.000000000000000000, 0.000000000000000000, 0.000000000000000000 ) ) ;
#3197 = DIRECTION ( 'NONE',  ( -0.000000000000000000, 0.000000000000000000, 1.000000000000000000 ) ) ;
#3198 = CARTESIAN_POINT ( 'NONE',  ( -26.98039675336094589, 24.85907640980130040, -0.4339733207428013162 ) ) ;
#3199 = ORIENTED_EDGE ( 'NONE', *, *, #1947, .T. ) ;
#3200 = DIRECTION ( 'NONE',  ( -0.000000000000000000, 0.000000000000000000, 1.000000000000000000 ) ) ;
#3201 = CARTESIAN_POINT ( 'NONE',  ( -38.49999999999993605, -20.21595124790975362, 0.000000000000000000 ) ) ;
#3202 = CARTESIAN_POINT ( 'NONE',  ( 0.000000000000000000, 0.000000000000000000, 3.000000000000000000 ) ) ;
#3203 = CARTESIAN_POINT ( 'NONE',  ( 31.99999999999998579, 0.000000000000000000, 3.000000000000000000 ) ) ;
#3204 = ORIENTED_EDGE ( 'NONE', *, *, #554, .T. ) ;
#3205 = LINE ( 'NONE', #353, #606 ) ;
#3206 = EDGE_CURVE ( 'NONE', #1900, #1357, #457, .T. ) ;
#3207 = EDGE_CURVE ( 'NONE', #2765, #263, #2823, .T. ) ;
#3208 = CARTESIAN_POINT ( 'NONE',  ( -32.00000000000000000, 25.88923592036132248, -2.089504320102756996 ) ) ;
#3209 = AXIS2_PLACEMENT_3D ( 'NONE', #1448, #1754, #2980 ) ;
#3210 = CIRCLE ( 'NONE', #2503, 14.49999999999999822 ) ;
#3211 = ORIENTED_EDGE ( 'NONE', *, *, #1476, .T. ) ;
#3212 = DIRECTION ( 'NONE',  ( 0.000000000000000000, -0.000000000000000000, -1.000000000000000000 ) ) ;
#3213 = CARTESIAN_POINT ( 'NONE',  ( 31.99999999999998579, 29.64541976450974303, -7.529738314972653335 ) ) ;
#3214 = CARTESIAN_POINT ( 'NONE',  ( 34.00000000000000711, 34.00000000000000711, -31.40000000000002345 ) ) ;
#3215 = ORIENTED_EDGE ( 'NONE', *, *, #2399, .F. ) ;
#3216 = LINE ( 'NONE', #2118, #2728 ) ;
#3217 = CARTESIAN_POINT ( 'NONE',  ( -38.49999999999995026, -31.88050157591498746, -6.942742037375871256 ) ) ;
#3218 = EDGE_LOOP ( 'NONE', ( #2435, #1850, #63, #1468, #1199, #2407 ) ) ;
#3219 = CARTESIAN_POINT ( 'NONE',  ( 34.00000000000000711, -33.99999999999999289, -37.00000000000000000 ) ) ;
#3220 = DIRECTION ( 'NONE',  ( -0.000000000000000000, 0.000000000000000000, 1.000000000000000000 ) ) ;
#3221 = AXIS2_PLACEMENT_3D ( 'NONE', #317, #1884, #874 ) ;
#3222 = CONICAL_SURFACE ( 'NONE', #1265, 2.250000000000029754, 0.7853981633974661536 ) ;
#3223 = ORIENTED_EDGE ( 'NONE', *, *, #1118, .T. ) ;
#3224 = CARTESIAN_POINT ( 'NONE',  ( -29.17386641641344980, -31.29518675997308108, -5.564814071142412999 ) ) ;
#3225 = EDGE_CURVE ( 'NONE', #3142, #654, #16, .T. ) ;
#3226 = EDGE_CURVE ( 'NONE', #1953, #2663, #1, .T. ) ;
#3227 = DIRECTION ( 'NONE',  ( -1.000000000000000000, 0.000000000000000000, 0.000000000000000000 ) ) ;
#3228 = CARTESIAN_POINT ( 'NONE',  ( 38.49999999999996447, -33.99999999999998579, -10.00000000000000178 ) ) ;
#3229 = CIRCLE ( 'NONE', #2041, 14.50000000000000178 ) ;
#3230 = CARTESIAN_POINT ( 'NONE',  ( -29.34525279793418306, 32.00000000000001421, -6.669603815390996004 ) ) ;
#3231 = APPROVAL_STATUS ( 'not_yet_approved' ) ;
#3232 = VERTEX_POINT ( 'NONE', #3340 ) ;
#3233 = VECTOR ( 'NONE', #374, 1000.000000000000000 ) ;
#3234 = AXIS2_PLACEMENT_3D ( 'NONE', #3274, #1206, #1489 ) ;
#3235 = CARTESIAN_POINT ( 'NONE',  ( 14.10509071632327505, 16.22641105988292409, 2.700000000000001954 ) ) ;
#3236 = CARTESIAN_POINT ( 'NONE',  ( -38.50000000000000000, -33.99999999999998579, -10.00000000000000178 ) ) ;
#3237 = ORIENTED_EDGE ( 'NONE', *, *, #2073, .F. ) ;
#3238 = CARTESIAN_POINT ( 'NONE',  ( -33.99999999999999289, 34.00000000000000711, -10.00000000000000178 ) ) ;
#3239 = DIRECTION ( 'NONE',  ( 1.000000000000000000, 0.000000000000000000, 0.000000000000000000 ) ) ;
#3240 = ORIENTED_EDGE ( 'NONE', *, *, #1370, .T. ) ;
#3241 = AXIS2_PLACEMENT_3D ( 'NONE', #1251, #3311, #2827 ) ;
#3242 = CARTESIAN_POINT ( 'NONE',  ( -20.21595124790976072, 38.49999999999997868, 0.000000000000000000 ) ) ;
#3243 = CARTESIAN_POINT ( 'NONE',  ( -32.00000000000000711, 22.05206502183962769, -0.2704498387654464264 ) ) ;
#3244 = EDGE_LOOP ( 'NONE', ( #2874, #2850, #2563, #2559 ) ) ;
#3245 = ADVANCED_FACE ( 'NONE', ( #217 ), #584, .T. ) ;
#3246 = EDGE_CURVE ( 'NONE', #1262, #834, #279, .T. ) ;
#3247 = CARTESIAN_POINT ( 'NONE',  ( -31.08698659907972583, -28.96566625552009455, -5.031748768305785546 ) ) ;
#3248 = DIRECTION ( 'NONE',  ( 0.000000000000000000, 0.000000000000000000, 1.000000000000000000 ) ) ;
#3249 = ORIENTED_EDGE ( 'NONE', *, *, #1074, .F. ) ;
#3250 = EDGE_CURVE ( 'NONE', #1230, #2636, #1707, .T. ) ;
#3251 = FACE_BOUND ( 'NONE', #1416, .T. ) ;
#3252 = CARTESIAN_POINT ( 'NONE',  ( -33.99999999999999289, 34.00000000000000711, -37.00000000000000000 ) ) ;
#3253 = ORIENTED_EDGE ( 'NONE', *, *, #3001, .F. ) ;
#3254 = CARTESIAN_POINT ( 'NONE',  ( 31.99999999999997158, -29.54249565960729385, -7.233885590615482641 ) ) ;
#3255 = DIRECTION ( 'NONE',  ( 0.000000000000000000, 0.000000000000000000, 1.000000000000000000 ) ) ;
#3256 = ORIENTED_EDGE ( 'NONE', *, *, #1137, .T. ) ;
#3257 = CARTESIAN_POINT ( 'NONE',  ( 0.000000000000000000, 0.000000000000000000, 2.700000000000001954 ) ) ;
#3258 = VERTEX_POINT ( 'NONE', #3049 ) ;
#3259 = CIRCLE ( 'NONE', #207, 21.50000000000000000 ) ;
#3260 = CARTESIAN_POINT ( 'NONE',  ( 1.060660171779837846, 1.060660171779837846, 3.000000000000000000 ) ) ;
#3261 = AXIS2_PLACEMENT_3D ( 'NONE', #400, #196, #2767 ) ;
#3262 = CARTESIAN_POINT ( 'NONE',  ( 16.15552642932791727, -14.03420608576823980, 2.800001734771416118 ) ) ;
#3263 = ORIENTED_EDGE ( 'NONE', *, *, #2047, .T. ) ;
#3264 = DIRECTION ( 'NONE',  ( 5.102127870520020982E-16, 1.000000000000000000, 0.000000000000000000 ) ) ;
#3265 = CARTESIAN_POINT ( 'NONE',  ( -34.00000000000000711, -34.00000000000000711, -37.00000000000000000 ) ) ;
#3266 = EDGE_CURVE ( 'NONE', #1166, #2286, #2192, .T. ) ;
#3267 = EDGE_CURVE ( 'NONE', #1230, #1262, #1501, .T. ) ;
#3268 = ORIENTED_EDGE ( 'NONE', *, *, #1118, .F. ) ;
#3269 = APPLICATION_CONTEXT ( 'configuration controlled 3d designs of mechanical parts and assemblies' ) ;
#3270 = CARTESIAN_POINT ( 'NONE',  ( 31.99999999999998579, -27.83482127780837700, -4.017719773609822909 ) ) ;
#3271 = CARTESIAN_POINT ( 'NONE',  ( -32.00000000000000000, -25.40132141337347349, -1.742830765875047483 ) ) ;
#3272 = ORIENTED_EDGE ( 'NONE', *, *, #3020, .F. ) ;
#3273 = CIRCLE ( 'NONE', #330, 1.849999999999997424 ) ;
#3274 = CARTESIAN_POINT ( 'NONE',  ( -34.00000000000000711, -34.00000000000000711, 3.000999999999996781 ) ) ;
#3275 = LOCAL_TIME ( 15, 17, 1.000000000000000000, #3028 ) ;
#3276 = VERTEX_POINT ( 'NONE', #2766 ) ;
#3277 = VECTOR ( 'NONE', #3092, 1000.000000000000000 ) ;
#3278 = CARTESIAN_POINT ( 'NONE',  ( -31.39931173684745858, -29.27799139328782374, -5.831374897912150246 ) ) ;
#3279 = PLANE ( 'NONE',  #2045 ) ;
#3280 = PERSON_AND_ORGANIZATION_ROLE ( 'design_owner' ) ;
#3281 = EDGE_LOOP ( 'NONE', ( #2933, #938, #1833, #2902 ) ) ;
#3282 = LINE ( 'NONE', #889, #1855 ) ;
#3283 = CARTESIAN_POINT ( 'NONE',  ( 25.92027583992107509, -38.49999999999990763, -1.467502236493340106 ) ) ;
#3284 = ORIENTED_EDGE ( 'NONE', *, *, #1096, .F. ) ;
#3285 = CARTESIAN_POINT ( 'NONE',  ( 0.000000000000000000, 0.000000000000000000, 3.000000000000000000 ) ) ;
#3286 = CARTESIAN_POINT ( 'NONE',  ( 31.99999999999998579, -20.85992855152129977, -0.05532509882921807925 ) ) ;
#3287 = ADVANCED_FACE ( 'NONE', ( #2983 ), #682, .T. ) ;
#3288 = PLANE ( 'NONE',  #1773 ) ;
#3289 = EDGE_CURVE ( 'NONE', #2945, #640, #141, .T. ) ;
#3290 = ORIENTED_EDGE ( 'NONE', *, *, #1610, .F. ) ;
#3291 = CARTESIAN_POINT ( 'NONE',  ( 23.86877745840062204, 38.49999999999999289, -0.5949234976508177564 ) ) ;
#3292 = FACE_BOUND ( 'NONE', #504, .T. ) ;
#3293 = AXIS2_PLACEMENT_3D ( 'NONE', #3154, #3197, #836 ) ;
#3294 = EDGE_LOOP ( 'NONE', ( #1669, #2936, #2897, #2978, #2091, #819, #2397, #1068, #942, #1562, #2418, #1601, #2165, #2471, #2659, #1086, #3068 ) ) ;
#3295 = CARTESIAN_POINT ( 'NONE',  ( 24.84917067395028667, -26.97049101750992506, -0.4292571824608946707 ) ) ;
#3296 = CARTESIAN_POINT ( 'NONE',  ( 0.000000000000000000, 0.000000000000000000, 3.000000000000000000 ) ) ;
#3297 = CARTESIAN_POINT ( 'NONE',  ( 0.000000000000000000, 0.000000000000000000, 2.700000000000046807 ) ) ;
#3298 = EDGE_LOOP ( 'NONE', ( #2525, #1810, #1995, #2724 ) ) ;
#3299 = CARTESIAN_POINT ( 'NONE',  ( 14.10509071632327860, -16.22641105988292054, 3.000000000000000000 ) ) ;
#3300 = CARTESIAN_POINT ( 'NONE',  ( 33.79382362364366088, -38.49999999999994316, -9.692650751124043396 ) ) ;
#3301 = ORIENTED_EDGE ( 'NONE', *, *, #471, .T. ) ;
#3302 = CARTESIAN_POINT ( 'NONE',  ( 31.99999999999999289, -20.25431548716132113, 0.000000000000000000 ) ) ;
#3303 = LINE ( 'NONE', #2545, #237 ) ;
#3304 = ORIENTED_EDGE ( 'NONE', *, *, #1434, .T. ) ;
#3305 = AXIS2_PLACEMENT_3D ( 'NONE', #13, #1542, #529 ) ;
#3306 = CARTESIAN_POINT ( 'NONE',  ( -23.60650770805968079, -25.72782805161930142, -0.05609968126459179139 ) ) ;
#3307 = EDGE_LOOP ( 'NONE', ( #558, #393 ) ) ;
#3308 = ADVANCED_FACE ( 'NONE', ( #1977 ), #636, .T. ) ;
#3309 = CARTESIAN_POINT ( 'NONE',  ( -19.63859338365492135, 32.00000000000001421, 0.000000000000000000 ) ) ;
#3310 = EDGE_CURVE ( 'NONE', #2388, #507, #2637, .T. ) ;
#3311 = DIRECTION ( 'NONE',  ( 0.000000000000000000, 0.000000000000000000, -1.000000000000000000 ) ) ;
#3312 = CARTESIAN_POINT ( 'NONE',  ( 16.01375349724262520, 13.89243315368297971, 3.000000000000000000 ) ) ;
#3313 = CARTESIAN_POINT ( 'NONE',  ( 31.56397587520919856, -29.44265553164951399, -6.395264255018700439 ) ) ;
#3314 = CARTESIAN_POINT ( 'NONE',  ( 24.86262114459427153, -22.74130080103459406, 0.000000000000000000 ) ) ;
#3315 = VECTOR ( 'NONE', #214, 1000.000000000000000 ) ;
#3316 = LINE ( 'NONE', #2301, #2528 ) ;
#3317 = ORIENTED_EDGE ( 'NONE', *, *, #2546, .T. ) ;
#3318 = ORIENTED_EDGE ( 'NONE', *, *, #2544, .T. ) ;
#3319 = CARTESIAN_POINT ( 'NONE',  ( -34.00000000000000711, -34.00000000000000711, -31.00000000000000355 ) ) ;
#3320 = CARTESIAN_POINT ( 'NONE',  ( -32.00000000000000000, -26.82255460675467873, -2.882874334597973931 ) ) ;
#3321 = ORIENTED_EDGE ( 'NONE', *, *, #2170, .F. ) ;
#3322 = DIRECTION ( 'NONE',  ( -0.000000000000000000, 0.000000000000000000, 1.000000000000000000 ) ) ;
#3323 = CARTESIAN_POINT ( 'NONE',  ( 29.51961158273018171, 31.64093192628983431, -6.677178291978181690 ) ) ;
#3324 = EDGE_LOOP ( 'NONE', ( #3363, #2816 ) ) ;
#3325 = FACE_OUTER_BOUND ( 'NONE', #384, .T. ) ;
#3326 = CYLINDRICAL_SURFACE ( 'NONE', #11, 4.500000000000003553 ) ;
#3327 = EDGE_CURVE ( 'NONE', #2077, #1193, #788, .T. ) ;
#3328 = DIRECTION ( 'NONE',  ( -0.000000000000000000, 0.000000000000000000, 1.000000000000000000 ) ) ;
#3329 = CIRCLE ( 'NONE', #436, 21.20000000000000995 ) ;
#3330 = ADVANCED_FACE ( 'NONE', ( #1846 ), #3372, .T. ) ;
#3331 = VECTOR ( 'NONE', #2522, 1000.000000000000000 ) ;
#3332 = CARTESIAN_POINT ( 'NONE',  ( 28.90127658991601223, 26.77995624635635963, -1.735336486519364563 ) ) ;
#3333 = DIRECTION ( 'NONE',  ( 0.000000000000000000, 0.000000000000000000, -1.000000000000000000 ) ) ;
#3334 = CYLINDRICAL_SURFACE ( 'NONE', #1329, 2.799999999999997158 ) ;
#3335 = ORIENTED_EDGE ( 'NONE', *, *, #494, .F. ) ;
#3336 = ORIENTED_EDGE ( 'NONE', *, *, #3377, .T. ) ;
#3337 = CARTESIAN_POINT ( 'NONE',  ( 0.000000000000000000, 0.000000000000000000, 3.000000000000000000 ) ) ;
#3338 = DIRECTION ( 'NONE',  ( -0.000000000000000000, 0.000000000000000000, 1.000000000000000000 ) ) ;
#3339 = VERTEX_POINT ( 'NONE', #1030 ) ;
#3340 = CARTESIAN_POINT ( 'NONE',  ( -29.87867965644033674, 32.00000000000001421, -8.730026166412303112 ) ) ;
#3341 = DIRECTION ( 'NONE',  ( -0.000000000000000000, -0.000000000000000000, -1.000000000000000000 ) ) ;
#3342 = VECTOR ( 'NONE', #1138, 1000.000000000000000 ) ;
#3343 = CIRCLE ( 'NONE', #1442, 2.799999999999997158 ) ;
#3344 = CIRCLE ( 'NONE', #1162, 14.50000000000000178 ) ;
#3345 = ORIENTED_EDGE ( 'NONE', *, *, #1585, .T. ) ;
#3346 = CARTESIAN_POINT ( 'NONE',  ( 29.84960621293756233, -31.97092655649719362, -8.426596083036182350 ) ) ;
#3347 = VECTOR ( 'NONE', #768, 1000.000000000000000 ) ;
#3348 = DIRECTION ( 'NONE',  ( 1.000000000000000000, 1.776356839400250465E-15, 0.000000000000000000 ) ) ;
#3349 = DIRECTION ( 'NONE',  ( -5.102127870520020982E-16, -1.000000000000000000, 0.000000000000000000 ) ) ;
#3350 = EDGE_CURVE ( 'NONE', #1349, #315, #2833, .T. ) ;
#3351 = CARTESIAN_POINT ( 'NONE',  ( 1.060660171779837846, 1.060660171779837846, 0.000000000000000000 ) ) ;
#3352 = CARTESIAN_POINT ( 'NONE',  ( -27.78314245386053116, 29.90446279742020508, -2.888052449576389957 ) ) ;
#3353 = CARTESIAN_POINT ( 'NONE',  ( -34.00000000000000711, -34.00000000000000711, -31.00000000000000711 ) ) ;
#3354 = ORIENTED_EDGE ( 'NONE', *, *, #712, .F. ) ;
#3355 = ADVANCED_FACE ( 'NONE', ( #2086 ), #213, .F. ) ;
#3356 = ORIENTED_EDGE ( 'NONE', *, *, #2290, .T. ) ;
#3357 = CC_DESIGN_DATE_AND_TIME_ASSIGNMENT ( #1142, #2196, ( #181 ) ) ;
#3358 = DIRECTION ( 'NONE',  ( 1.000000000000000000, 0.000000000000000000, 0.000000000000000000 ) ) ;
#3359 = DIRECTION ( 'NONE',  ( 1.000000000000000000, 0.000000000000000000, 0.000000000000000000 ) ) ;
#3360 = VERTEX_POINT ( 'NONE', #2629 ) ;
#3361 = CARTESIAN_POINT ( 'NONE',  ( -23.15362102276348821, 38.49999999999997158, -0.3816487166846703749 ) ) ;
#3362 = DIRECTION ( 'NONE',  ( -0.000000000000000000, -0.000000000000000000, -1.000000000000000000 ) ) ;
#3363 = ORIENTED_EDGE ( 'NONE', *, *, #845, .T. ) ;
#3364 = DIRECTION ( 'NONE',  ( 0.000000000000000000, 0.000000000000000000, 1.000000000000000000 ) ) ;
#3365 = FACE_OUTER_BOUND ( 'NONE', #1461, .T. ) ;
#3366 = CARTESIAN_POINT ( 'NONE',  ( -33.99999999999999289, 34.00000000000000711, -10.00000000000000178 ) ) ;
#3367 = APPROVAL_ROLE ( '' ) ;
#3368 = DIRECTION ( 'NONE',  ( 0.000000000000000000, 1.000000000000000000, -0.000000000000000000 ) ) ;
#3369 = DIRECTION ( 'NONE',  ( 1.000000000000000000, 0.000000000000000000, 0.000000000000000000 ) ) ;
#3370 = DIRECTION ( 'NONE',  ( 1.000000000000000000, 0.000000000000000000, 0.000000000000000000 ) ) ;
#3371 = VERTEX_POINT ( 'NONE', #281 ) ;
#3372 = CYLINDRICAL_SURFACE ( 'NONE', #110, 4.499999999999997335 ) ;
#3373 = DIRECTION ( 'NONE',  ( 1.000000000000000000, 0.000000000000000000, 0.000000000000000000 ) ) ;
#3374 = CIRCLE ( 'NONE', #802, 14.50000000000000178 ) ;
#3375 = DIRECTION ( 'NONE',  ( 1.000000000000000000, 0.000000000000000000, -0.000000000000000000 ) ) ;
#3376 = CIRCLE ( 'NONE', #1746, 14.49999999999999822 ) ;
#3377 = EDGE_CURVE ( 'NONE', #2889, #3067, #2069, .T. ) ;
#3378 = EDGE_CURVE ( 'NONE', #573, #1715, #1322, .T. ) ;
#3379 = ORIENTED_EDGE ( 'NONE', *, *, #2419, .F. ) ;
#3380 = CARTESIAN_POINT ( 'NONE',  ( -23.15360480325193748, -38.49999999999992895, -0.3816444876301848255 ) ) ;
#3381 = MANIFOLD_SOLID_BREP ( 'Chafl\X2\00e1\X0\n3', #2718 ) ;
#3382 = ORIENTED_EDGE ( 'NONE', *, *, #653, .T. ) ;
#3383 = FACE_BOUND ( 'NONE', #2598, .T. ) ;
#3384 = APPROVAL_DATE_TIME ( #464, #3110 ) ;
#3385 = AXIS2_PLACEMENT_3D ( 'NONE', #825, #107, #2442 ) ;
#3386 = CARTESIAN_POINT ( 'NONE',  ( 24.86262114459426087, 22.74130080103461893, 0.000000000000000000 ) ) ;
#3387 = DIRECTION ( 'NONE',  ( 1.000000000000000000, 0.000000000000000000, 0.000000000000000000 ) ) ;
ENDSEC;
END-ISO-10303-21;
