ISO-10303-21;
HEADER;
FILE_DESCRIPTION (( 'STEP AP203' ),
    '1' );
FILE_NAME ('bracket_plastico.STEP',
    '2026-07-30T12:04:23',
    ( '' ),
    ( '' ),
    'SwSTEP 2.0',
    'SolidWorks 2026',
    '' );
FILE_SCHEMA (( 'CONFIG_CONTROL_DESIGN' ));
ENDSEC;

DATA;
#1 = CARTESIAN_POINT ( 'NONE',  ( 15.28942971487457392, 16.52415519558425672, -7.138087634110820368 ) ) ;
#2 = ADVANCED_FACE ( 'NONE', ( #1200, #221 ), #543, .F. ) ;
#3 = ORIENTED_EDGE ( 'NONE', *, *, #840, .T. ) ;
#4 = CARTESIAN_POINT ( 'NONE',  ( 15.27878108557864500, -5.933065688115135572, 16.99410331413708519 ) ) ;
#5 = DIRECTION ( 'NONE',  ( 0.000000000000000000, 0.000000000000000000, -1.000000000000000000 ) ) ;
#6 = CARTESIAN_POINT ( 'NONE',  ( 14.40000000000000568, 15.52415519558425494, 9.110466808205512024 ) ) ;
#7 = ORIENTED_EDGE ( 'NONE', *, *, #434, .F. ) ;
#8 = EDGE_CURVE ( 'NONE', #1136, #884, #1256, .T. ) ;
#9 = CARTESIAN_POINT ( 'NONE',  ( 19.00000000000000711, 8.938735144859656145, 6.001178743208447131 ) ) ;
#10 = ORIENTED_EDGE ( 'NONE', *, *, #525, .F. ) ;
#11 = DIRECTION ( 'NONE',  ( 1.000000000000000000, -0.000000000000000000, -0.000000000000000000 ) ) ;
#12 = CARTESIAN_POINT ( 'NONE',  ( 18.91547983423460622, 15.94022777055796958, -8.363845620186811658 ) ) ;
#13 = AXIS2_PLACEMENT_3D ( 'NONE', #1377, #155, #284 ) ;
#14 = CARTESIAN_POINT ( 'NONE',  ( 19.00000000000001066, -15.38474796287220592, 9.346269704985060045 ) ) ;
#15 = ORIENTED_EDGE ( 'NONE', *, *, #996, .T. ) ;
#16 = DIRECTION ( 'NONE',  ( 0.000000000000000000, 1.000000000000000000, 0.000000000000000000 ) ) ;
#17 = ORIENTED_EDGE ( 'NONE', *, *, #1040, .F. ) ;
#18 = EDGE_CURVE ( 'NONE', #573, #606, #704, .T. ) ;
#19 = CARTESIAN_POINT ( 'NONE',  ( -25.36492890995259941, 0.000000000000000000, 3.000000000000000000 ) ) ;
#20 = DIRECTION ( 'NONE',  ( 0.000000000000000000, 0.000000000000000000, -1.000000000000000000 ) ) ;
#21 = CARTESIAN_POINT ( 'NONE',  ( 14.99507259065304332, 6.145023324054836422, 16.91880689479522459 ) ) ;
#22 = PLANE ( 'NONE',  #1367 ) ;
#23 = ORIENTED_EDGE ( 'NONE', *, *, #393, .T. ) ;
#24 = DIRECTION ( 'NONE',  ( -1.057793377635087411E-16, -1.000000000000000000, 0.000000000000000000 ) ) ;
#25 = ADVANCED_FACE ( 'NONE', ( #386 ), #1170, .F. ) ;
#26 = CARTESIAN_POINT ( 'NONE',  ( 18.91443689465321043, -15.69340085986288891, 8.818075315720657059 ) ) ;
#27 = ORIENTED_EDGE ( 'NONE', *, *, #1102, .F. ) ;
#28 = CARTESIAN_POINT ( 'NONE',  ( 18.61676274878122328, 1.123709312226684798, 17.96547890118671376 ) ) ;
#29 = VERTEX_POINT ( 'NONE', #1274 ) ;
#30 = DIRECTION ( 'NONE',  ( 0.000000000000000000, 0.000000000000000000, 1.000000000000000000 ) ) ;
#31 = CYLINDRICAL_SURFACE ( 'NONE', #861, 1.000000000000000888 ) ;
#32 = ADVANCED_FACE ( 'NONE', ( #407 ), #1062, .F. ) ;
#33 = CIRCLE ( 'NONE', #1199, 3.000000000000000000 ) ;
#34 = CARTESIAN_POINT ( 'NONE',  ( 11.40000000000000746, -7.616112318972632714E-16, 0.000000000000000000 ) ) ;
#35 = EDGE_LOOP ( 'NONE', ( #764, #177, #480, #1260, #94, #141, #51, #559, #7, #949 ) ) ;
#36 = CARTESIAN_POINT ( 'NONE',  ( 19.00000000000000711, -15.27475454716975634, 9.522703057625856005 ) ) ;
#37 = EDGE_LOOP ( 'NONE', ( #215, #660 ) ) ;
#38 = AXIS2_PLACEMENT_3D ( 'NONE', #1370, #937, #389 ) ;
#39 = CARTESIAN_POINT ( 'NONE',  ( 14.40000000000000568, 15.52415519558425494, 7.138087634110820368 ) ) ;
#40 = DIRECTION ( 'NONE',  ( -1.000000000000000000, -0.000000000000000000, -0.000000000000000000 ) ) ;
#41 = CARTESIAN_POINT ( 'NONE',  ( 14.41788554301304259, 7.817032896627024385, 16.21573199399728438 ) ) ;
#42 = PERSON_AND_ORGANIZATION ( #697, #900 ) ;
#43 = CYLINDRICAL_SURFACE ( 'NONE', #908, 2.000000000000000000 ) ;
#44 = ADVANCED_FACE ( 'NONE', ( #192 ), #392, .F. ) ;
#45 = ORIENTED_EDGE ( 'NONE', *, *, #1388, .T. ) ;
#46 = VERTEX_POINT ( 'NONE', #1141 ) ;
#47 = CARTESIAN_POINT ( 'NONE',  ( 14.68119761577263915, -15.97278804623178416, 8.299311014557208210 ) ) ;
#48 = CARTESIAN_POINT ( 'NONE',  ( 20.00000000000000355, 0.000000000000000000, 14.70195921988101517 ) ) ;
#49 = PERSON_AND_ORGANIZATION ( #697, #900 ) ;
#50 = CYLINDRICAL_SURFACE ( 'NONE', #131, 1.000000000000000888 ) ;
#51 = ORIENTED_EDGE ( 'NONE', *, *, #112, .T. ) ;
#52 = DIRECTION ( 'NONE',  ( -1.000000000000000000, -0.000000000000000000, -0.000000000000000000 ) ) ;
#53 = ORIENTED_EDGE ( 'NONE', *, *, #224, .T. ) ;
#54 = EDGE_CURVE ( 'NONE', #1194, #75, #385, .T. ) ;
#55 = CARTESIAN_POINT ( 'NONE',  ( 14.41769315045536182, -15.49037187979814512, 9.170033408091102345 ) ) ;
#56 = CARTESIAN_POINT ( 'NONE',  ( 19.00000000000000355, 0.000000000000000000, 14.70195921988101517 ) ) ;
#57 = CARTESIAN_POINT ( 'NONE',  ( 10.00000000000000000, 3.000000000000000000, 0.000000000000000000 ) ) ;
#58 = CIRCLE ( 'NONE', #437, 3.000000000000000000 ) ;
#59 = LINE ( 'NONE', #1375, #1268 ) ;
#60 = ORIENTED_EDGE ( 'NONE', *, *, #636, .F. ) ;
#61 = APPROVAL_PERSON_ORGANIZATION ( #586, #263, #1053 ) ;
#62 = LINE ( 'NONE', #919, #309 ) ;
#63 = EDGE_CURVE ( 'NONE', #961, #1353, #1037, .T. ) ;
#64 = DIRECTION ( 'NONE',  ( -1.000000000000000000, 5.288966888175437057E-17, 0.000000000000000000 ) ) ;
#65 = CARTESIAN_POINT ( 'NONE',  ( 15.40000000000000746, -16.27475454716975634, -7.689757111208213480 ) ) ;
#66 = AXIS2_PLACEMENT_3D ( 'NONE', #433, #1381, #1163 ) ;
#67 = AXIS2_PLACEMENT_3D ( 'NONE', #56, #485, #1026 ) ;
#68 = ORIENTED_EDGE ( 'NONE', *, *, #560, .F. ) ;
#69 = ORIENTED_EDGE ( 'NONE', *, *, #362, .F. ) ;
#70 = CARTESIAN_POINT ( 'NONE',  ( 20.00000000000000355, -14.50130783012961899, -0.4040796927120993698 ) ) ;
#71 = DIRECTION ( 'NONE',  ( -1.000000000000000000, -0.000000000000000000, -0.000000000000000000 ) ) ;
#72 = EDGE_CURVE ( 'NONE', #356, #123, #958, .T. ) ;
#73 = APPROVAL_STATUS ( 'not_yet_approved' ) ;
#74 = CARTESIAN_POINT ( 'NONE',  ( -25.36492890995259941, 2.204364238465235428E-15, -18.00000000000000000 ) ) ;
#75 = VERTEX_POINT ( 'NONE', #79 ) ;
#76 = VERTEX_POINT ( 'NONE', #509 ) ;
#77 = CARTESIAN_POINT ( 'NONE',  ( 19.00000000000000355, 8.902465621869081858, 9.183440495799787939 ) ) ;
#78 = CARTESIAN_POINT ( 'NONE',  ( 16.00000000000000711, -1.341640786499869398, 17.00000000000000355 ) ) ;
#79 = CARTESIAN_POINT ( 'NONE',  ( 19.00000000000000355, 0.000000000000000000, -6.237962948383029449 ) ) ;
#80 = ADVANCED_FACE ( 'NONE', ( #286, #273 ), #1250, .F. ) ;
#81 = ORIENTED_EDGE ( 'NONE', *, *, #560, .T. ) ;
#82 = VERTEX_POINT ( 'NONE', #400 ) ;
#83 = AXIS2_PLACEMENT_3D ( 'NONE', #1151, #367, #1145 ) ;
#84 = CARTESIAN_POINT ( 'NONE',  ( 14.40000000000000568, 15.52415519558425494, 9.110466808205512024 ) ) ;
#85 = CARTESIAN_POINT ( 'NONE',  ( 0.000000000000000000, -16.27475454716975634, 17.00000000000000355 ) ) ;
#86 = CARTESIAN_POINT ( 'NONE',  ( 18.61710437062941637, -1.123054708986149119, 17.96550964996664490 ) ) ;
#87 = EDGE_CURVE ( 'NONE', #994, #1164, #242, .T. ) ;
#88 = AXIS2_PLACEMENT_3D ( 'NONE', #1307, #860, #756 ) ;
#89 = EDGE_LOOP ( 'NONE', ( #869, #135, #1230, #668 ) ) ;
#90 = DIRECTION ( 'NONE',  ( -1.000000000000000000, -0.000000000000000000, -0.000000000000000000 ) ) ;
#91 = DIRECTION ( 'NONE',  ( -0.000000000000000000, 0.000000000000000000, 1.000000000000000000 ) ) ;
#92 = B_SPLINE_CURVE_WITH_KNOTS ( 'NONE', 3,
 ( #991, #1115, #1210, #12, #344, #1109, #230, #1205, #125, #671, #1000, #554 ),
 .UNSPECIFIED., .F., .F.,
 ( 4, 2, 2, 2, 2, 4 ),
 ( 0.000000000000000000, 0.0006426461158386691415, 0.001285292231677338283, 0.001927938347516009593, 0.002249261405435346983, 0.002570584463354684372 ),
 .UNSPECIFIED. ) ;
#93 = CARTESIAN_POINT ( 'NONE',  ( 14.48467026440309446, 15.94060298857574054, -8.363139282839496147 ) ) ;
#94 = ORIENTED_EDGE ( 'NONE', *, *, #421, .T. ) ;
#95 = CARTESIAN_POINT ( 'NONE',  ( 9.999999999999998224, 0.000000000000000000, 0.000000000000000000 ) ) ;
#96 = ADVANCED_FACE ( 'NONE', ( #479 ), #50, .F. ) ;
#97 = LINE ( 'NONE', #1191, #739 ) ;
#98 = CARTESIAN_POINT ( 'NONE',  ( 19.00000000000000711, 15.52415519558425494, -9.110466808205512024 ) ) ;
#99 = ORIENTED_EDGE ( 'NONE', *, *, #375, .T. ) ;
#100 = DIRECTION ( 'NONE',  ( 1.000000000000000000, -0.000000000000000000, -0.000000000000000000 ) ) ;
#101 = VECTOR ( 'NONE', #109, 1000.000000000000000 ) ;
#102 = CARTESIAN_POINT ( 'NONE',  ( 18.71880238422737008, -15.97278804623179127, -8.299311014557208210 ) ) ;
#103 = EDGE_CURVE ( 'NONE', #724, #472, #813, .T. ) ;
#104 = AXIS2_PLACEMENT_3D ( 'NONE', #1156, #176, #607 ) ;
#105 = CARTESIAN_POINT ( 'NONE',  ( 19.00000000000000355, 8.902465621869081858, 9.183440495799787939 ) ) ;
#106 = AXIS2_PLACEMENT_3D ( 'NONE', #1114, #130, #30 ) ;
#107 = VERTEX_POINT ( 'NONE', #6 ) ;
#108 = CIRCLE ( 'NONE', #468, 1.799999999999996048 ) ;
#109 = DIRECTION ( 'NONE',  ( -5.288966888175437057E-17, -1.000000000000000000, -0.000000000000000000 ) ) ;
#110 = VECTOR ( 'NONE', #920, 1000.000000000000000 ) ;
#111 = CARTESIAN_POINT ( 'NONE',  ( 19.00000000000000711, -15.38483583214704176, -9.346128759541597830 ) ) ;
#112 = EDGE_CURVE ( 'NONE', #303, #353, #1373, .T. ) ;
#113 = CARTESIAN_POINT ( 'NONE',  ( 17.26780260834656744, -1.807050742815281330, 17.90907883603688688 ) ) ;
#114 = VERTEX_POINT ( 'NONE', #320 ) ;
#115 = DIRECTION ( 'NONE',  ( 1.000000000000000000, 0.000000000000000000, 0.000000000000000000 ) ) ;
#116 = ORIENTED_EDGE ( 'NONE', *, *, #1188, .T. ) ;
#117 = CARTESIAN_POINT ( 'NONE',  ( 18.37684420287406795, -16.20532008961660253, -7.835255045871070578 ) ) ;
#118 = FACE_OUTER_BOUND ( 'NONE', #1157, .T. ) ;
#119 = CARTESIAN_POINT ( 'NONE',  ( 19.00000000000000355, -9.125659332685660985, 6.197436385708434692 ) ) ;
#120 = ADVANCED_FACE ( 'NONE', ( #1301, #650 ), #522, .T. ) ;
#121 = ORIENTED_EDGE ( 'NONE', *, *, #375, .F. ) ;
#122 = CARTESIAN_POINT ( 'NONE',  ( 18.00000000000000711, 15.52415519558425494, 17.00000000000000355 ) ) ;
#123 = VERTEX_POINT ( 'NONE', #984 ) ;
#124 = DIRECTION ( 'NONE',  ( 1.000000000000000000, -0.000000000000000000, -0.000000000000000000 ) ) ;
#125 = CARTESIAN_POINT ( 'NONE',  ( 18.38834163229132201, 16.45013219278670746, -7.307378770039348659 ) ) ;
#126 = DIRECTION ( 'NONE',  ( 0.000000000000000000, 0.000000000000000000, -1.000000000000000000 ) ) ;
#127 = EDGE_CURVE ( 'NONE', #76, #206, #307, .T. ) ;
#128 = CARTESIAN_POINT ( 'NONE',  ( 14.92765956032675057, -6.239854044055970661, 16.88417333938965115 ) ) ;
#129 = ORIENTED_EDGE ( 'NONE', *, *, #1310, .F. ) ;
#130 = DIRECTION ( 'NONE',  ( -1.000000000000000000, -0.000000000000000000, -0.000000000000000000 ) ) ;
#131 = AXIS2_PLACEMENT_3D ( 'NONE', #159, #1365, #378 ) ;
#132 = DIRECTION ( 'NONE',  ( 1.000000000000000000, -0.000000000000000000, -0.000000000000000000 ) ) ;
#133 = ORIENTED_EDGE ( 'NONE', *, *, #473, .F. ) ;
#134 = CARTESIAN_POINT ( 'NONE',  ( 15.69569113155948692, 0.9518998980142363564, 17.97510698202682633 ) ) ;
#135 = ORIENTED_EDGE ( 'NONE', *, *, #1069, .T. ) ;
#136 = DIRECTION ( 'NONE',  ( 0.000000000000000000, 0.000000000000000000, -1.000000000000000000 ) ) ;
#137 = EDGE_CURVE ( 'NONE', #637, #698, #598, .T. ) ;
#138 = CARTESIAN_POINT ( 'NONE',  ( 20.00000000000000355, 0.000000000000000000, 14.70195921988101517 ) ) ;
#139 = CARTESIAN_POINT ( 'NONE',  ( -25.36492890995259941, 5.916079783099601030, 17.00000000000000355 ) ) ;
#140 = VECTOR ( 'NONE', #1287, 1000.000000000000000 ) ;
#141 = ORIENTED_EDGE ( 'NONE', *, *, #802, .F. ) ;
#142 = FACE_OUTER_BOUND ( 'NONE', #394, .T. ) ;
#143 = ORIENTED_EDGE ( 'NONE', *, *, #352, .T. ) ;
#144 = DIRECTION ( 'NONE',  ( -1.000000000000000000, -0.000000000000000000, -0.000000000000000000 ) ) ;
#145 = CARTESIAN_POINT ( 'NONE',  ( -25.36492890995259941, 0.000000000000000000, 0.000000000000000000 ) ) ;
#146 = FACE_BOUND ( 'NONE', #1389, .T. ) ;
#147 = EDGE_CURVE ( 'NONE', #752, #700, #934, .T. ) ;
#148 = PERSON_AND_ORGANIZATION ( #697, #900 ) ;
#149 = AXIS2_PLACEMENT_3D ( 'NONE', #1416, #870, #1311 ) ;
#150 = DIRECTION ( 'NONE',  ( 1.000000000000000000, 0.000000000000000000, 0.000000000000000000 ) ) ;
#151 = LOCAL_TIME ( 9, 4, 23.00000000000000000, #158 ) ;
#152 = ORIENTED_EDGE ( 'NONE', *, *, #847, .F. ) ;
#153 = CARTESIAN_POINT ( 'NONE',  ( 18.50216580800158539, 1.254590920051322778, 17.95657612791568880 ) ) ;
#154 = ORIENTED_EDGE ( 'NONE', *, *, #473, .T. ) ;
#155 = DIRECTION ( 'NONE',  ( 1.000000000000000000, 0.000000000000000000, 0.000000000000000000 ) ) ;
#156 = DIRECTION ( 'NONE',  ( -0.000000000000000000, -0.000000000000000000, 1.000000000000000000 ) ) ;
#157 = AXIS2_PLACEMENT_3D ( 'NONE', #721, #616, #1147 ) ;
#158 = COORDINATED_UNIVERSAL_TIME_OFFSET ( 3, 0, .BEHIND. ) ;
#159 = CARTESIAN_POINT ( 'NONE',  ( 15.40000000000000746, -8.145009007790177529E-16, 16.00000000000000355 ) ) ;
#160 = ADVANCED_FACE ( 'NONE', ( #1289 ), #867, .F. ) ;
#161 = ORIENTED_EDGE ( 'NONE', *, *, #705, .T. ) ;
#162 = CARTESIAN_POINT ( 'NONE',  ( 16.27290911651948946, 1.552549981403194002, 17.93307331051886067 ) ) ;
#163 = ORIENTED_EDGE ( 'NONE', *, *, #588, .F. ) ;
#164 = CARTESIAN_POINT ( 'NONE',  ( 15.29421237926812793, -16.27475454716975278, 7.689757111208212592 ) ) ;
#165 = CARTESIAN_POINT ( 'NONE',  ( 14.40000000000000568, -7.616112318972632714E-16, 17.00000000000000355 ) ) ;
#166 = DIRECTION ( 'NONE',  ( 1.000000000000000000, -0.000000000000000000, -0.000000000000000000 ) ) ;
#167 = EDGE_LOOP ( 'NONE', ( #689, #775, #837, #1237 ) ) ;
#168 = EDGE_CURVE ( 'NONE', #1290, #449, #663, .T. ) ;
#169 = ORIENTED_EDGE ( 'NONE', *, *, #714, .T. ) ;
#170 = FACE_OUTER_BOUND ( 'NONE', #706, .T. ) ;
#171 = DIRECTION ( 'NONE',  ( 0.000000000000000000, 0.000000000000000000, -1.000000000000000000 ) ) ;
#172 = CALENDAR_DATE ( 2026, 30, 7 ) ;
#173 = CARTESIAN_POINT ( 'NONE',  ( 15.19749403004855814, -16.25527117095822049, -7.730877783336093323 ) ) ;
#174 = VECTOR ( 'NONE', #1305, 1000.000000000000000 ) ;
#175 = EDGE_LOOP ( 'NONE', ( #194, #1155, #1340, #10 ) ) ;
#176 = DIRECTION ( 'NONE',  ( 0.000000000000000000, 0.000000000000000000, 1.000000000000000000 ) ) ;
#177 = ORIENTED_EDGE ( 'NONE', *, *, #611, .T. ) ;
#178 = ADVANCED_FACE ( 'NONE', ( #205 ), #1295, .F. ) ;
#179 = LINE ( 'NONE', #358, #971 ) ;
#180 = CC_DESIGN_PERSON_AND_ORGANIZATION_ASSIGNMENT ( #578, #278, ( #605 ) ) ;
#181 = CARTESIAN_POINT ( 'NONE',  ( 18.45638703187513130, 16.41685992557353302, 7.382062408656346442 ) ) ;
#182 = APPROVAL_STATUS ( 'not_yet_approved' ) ;
#183 = AXIS2_PLACEMENT_3D ( 'NONE', #85, #1282, #515 ) ;
#184 = DIRECTION ( 'NONE',  ( 1.000000000000000000, -0.000000000000000000, -0.000000000000000000 ) ) ;
#185 = AXIS2_PLACEMENT_3D ( 'NONE', #351, #992, #460 ) ;
#186 = CIRCLE ( 'NONE', #1226, 2.799999999999999822 ) ;
#187 = VERTEX_POINT ( 'NONE', #98 ) ;
#188 = ORIENTED_EDGE ( 'NONE', *, *, #877, .F. ) ;
#189 = CYLINDRICAL_SURFACE ( 'NONE', #630, 10.47415595914992892 ) ;
#190 = CARTESIAN_POINT ( 'NONE',  ( 19.00000000000000711, 15.52415519558425494, 9.110466808205512024 ) ) ;
#191 = ADVANCED_FACE ( 'NONE', ( #527 ), #1413, .F. ) ;
#192 = FACE_OUTER_BOUND ( 'NONE', #808, .T. ) ;
#193 = ORIENTED_EDGE ( 'NONE', *, *, #1380, .F. ) ;
#194 = ORIENTED_EDGE ( 'NONE', *, *, #352, .F. ) ;
#195 = CARTESIAN_POINT ( 'NONE',  ( 20.00000000000000000, 2.204364238465235428E-15, -18.00000000000000000 ) ) ;
#196 = CARTESIAN_POINT ( 'NONE',  ( 18.21370151933267323, 16.50524762855412675, 7.182016960192193267 ) ) ;
#197 = EDGE_CURVE ( 'NONE', #724, #637, #237, .T. ) ;
#198 = CARTESIAN_POINT ( 'NONE',  ( 18.00000000000000711, 16.52415519558425672, 7.138087634110820368 ) ) ;
#199 = ORIENTED_EDGE ( 'NONE', *, *, #939, .F. ) ;
#200 = VECTOR ( 'NONE', #575, 1000.000000000000000 ) ;
#201 = MANIFOLD_SOLID_BREP ( 'Redondeo3', #750 ) ;
#202 = CARTESIAN_POINT ( 'NONE',  ( 19.00000000000000355, -14.50130783012961899, -0.4040796927120993698 ) ) ;
#203 = APPROVAL_PERSON_ORGANIZATION ( #42, #1211, #1036 ) ;
#204 = FACE_BOUND ( 'NONE', #35, .T. ) ;
#205 = FACE_OUTER_BOUND ( 'NONE', #167, .T. ) ;
#206 = VERTEX_POINT ( 'NONE', #1328 ) ;
#207 = CARTESIAN_POINT ( 'NONE',  ( 20.00000000000000355, 14.45568124552832323, -0.4477477126189222667 ) ) ;
#208 = DIRECTION ( 'NONE',  ( 1.000000000000000000, 0.000000000000000000, 0.000000000000000000 ) ) ;
#209 = CARTESIAN_POINT ( 'NONE',  ( 15.40000000000000746, 16.52415519558425672, -7.138087634110821256 ) ) ;
#210 = VERTEX_POINT ( 'NONE', #662 ) ;
#211 = ADVANCED_FACE ( 'NONE', ( #1101 ), #338, .F. ) ;
#212 = CARTESIAN_POINT ( 'NONE',  ( 9.999999999999998224, 0.000000000000000000, 18.00000000000000000 ) ) ;
#213 = DIRECTION ( 'NONE',  ( 0.000000000000000000, 0.000000000000000000, 1.000000000000000000 ) ) ;
#214 = CARTESIAN_POINT ( 'NONE',  ( 14.75838956640060040, 16.30465470406095818, -7.628287872526804847 ) ) ;
#215 = ORIENTED_EDGE ( 'NONE', *, *, #362, .T. ) ;
#216 = LINE ( 'NONE', #448, #101 ) ;
#217 = EDGE_CURVE ( 'NONE', #187, #724, #92, .T. ) ;
#218 = CARTESIAN_POINT ( 'NONE',  ( 18.44827410435628323, -16.17158256999010746, -7.904864411258120782 ) ) ;
#219 = DIRECTION ( 'NONE',  ( -0.000000000000000000, -0.000000000000000000, 1.000000000000000000 ) ) ;
#220 = AXIS2_PLACEMENT_3D ( 'NONE', #693, #585, #171 ) ;
#221 = FACE_OUTER_BOUND ( 'NONE', #466, .T. ) ;
#222 = CARTESIAN_POINT ( 'NONE',  ( 11.40000000000000746, 0.000000000000000000, 0.000000000000000000 ) ) ;
#223 = CARTESIAN_POINT ( 'NONE',  ( 15.40000000000000746, 16.52415519558425672, -7.138087634110820368 ) ) ;
#224 = EDGE_CURVE ( 'NONE', #1014, #1136, #1116, .T. ) ;
#225 = DIRECTION ( 'NONE',  ( -1.000000000000000000, -0.000000000000000000, -0.000000000000000000 ) ) ;
#226 = ORIENTED_EDGE ( 'NONE', *, *, #459, .F. ) ;
#227 = CARTESIAN_POINT ( 'NONE',  ( 16.12976869133429147, 1.457709432569725294, 17.94125498405782437 ) ) ;
#228 = ORIENTED_EDGE ( 'NONE', *, *, #291, .T. ) ;
#229 = CARTESIAN_POINT ( 'NONE',  ( -25.36492890995259941, -5.916079783099601030, 17.00000000000000355 ) ) ;
#230 = CARTESIAN_POINT ( 'NONE',  ( 18.63988473841271798, 16.30565888945106678, -7.626076890575714806 ) ) ;
#231 = ADVANCED_FACE ( 'NONE', ( #118 ), #872, .T. ) ;
#232 = CARTESIAN_POINT ( 'NONE',  ( 18.20250596995145287, -16.25527117095822049, 7.730877783336095987 ) ) ;
#233 = ORIENTED_EDGE ( 'NONE', *, *, #737, .T. ) ;
#234 = DIRECTION ( 'NONE',  ( 1.000000000000000000, -1.057793377635087411E-16, 0.000000000000000000 ) ) ;
#235 = ORIENTED_EDGE ( 'NONE', *, *, #18, .F. ) ;
#236 = CARTESIAN_POINT ( 'NONE',  ( 18.00000000000000711, -16.27475454716975634, 7.689757111208213480 ) ) ;
#237 = LINE ( 'NONE', #446, #1073 ) ;
#238 = CIRCLE ( 'NONE', #782, 18.00000000000000000 ) ;
#239 = CC_DESIGN_APPROVAL ( #1211, ( #1393 ) ) ;
#240 = FACE_OUTER_BOUND ( 'NONE', #874, .T. ) ;
#241 = EDGE_CURVE ( 'NONE', #801, #658, #879, .T. ) ;
#242 = B_SPLINE_CURVE_WITH_KNOTS ( 'NONE', 3,
 ( #953, #1395, #587, #265, #1028, #836, #1046, #731, #1372, #696, #173, #604, #498, #65 ),
 .UNSPECIFIED., .F., .F.,
 ( 4, 2, 2, 2, 2, 2, 4 ),
 ( 0.000000000000000000, 0.0006177166674420011151, 0.001235433334883999411, 0.001853150002325997924, 0.002162008336046997072, 0.002316437502907496213, 0.002470866669767994919 ),
 .UNSPECIFIED. ) ;
#243 = DIRECTION ( 'NONE',  ( 1.927470528863119049E-16, 1.000000000000000000, 0.000000000000000000 ) ) ;
#244 = ORIENTED_EDGE ( 'NONE', *, *, #321, .F. ) ;
#245 = DIRECTION ( 'NONE',  ( 1.000000000000000000, 0.000000000000000000, 0.000000000000000000 ) ) ;
#246 = AXIS2_PLACEMENT_3D ( 'NONE', #656, #773, #767 ) ;
#247 = CIRCLE ( 'NONE', #936, 10.47415595914992714 ) ;
#248 = CARTESIAN_POINT ( 'NONE',  ( 14.40000000000000568, 8.246211251235314066, 16.00000000000000355 ) ) ;
#249 = CARTESIAN_POINT ( 'NONE',  ( 15.17164532519109166, 5.987242256189431622, 16.97509213861870947 ) ) ;
#250 = VERTEX_POINT ( 'NONE', #580 ) ;
#251 = CYLINDRICAL_SURFACE ( 'NONE', #457, 1.800000000000000044 ) ;
#252 = VERTEX_POINT ( 'NONE', #1020 ) ;
#253 = EDGE_CURVE ( 'NONE', #1376, #801, #311, .T. ) ;
#254 = DIRECTION ( 'NONE',  ( -9.637352644315595243E-17, -1.000000000000000000, 0.000000000000000000 ) ) ;
#255 = LINE ( 'NONE', #1254, #1273 ) ;
#256 = CARTESIAN_POINT ( 'NONE',  ( 15.68267846605143845, -0.9533148112922087414, 17.97618801772460273 ) ) ;
#257 = CARTESIAN_POINT ( 'NONE',  ( 18.86391870559101847, -15.79150233929553870, 8.640979383804776148 ) ) ;
#258 = ORIENTED_EDGE ( 'NONE', *, *, #1069, .F. ) ;
#259 = CARTESIAN_POINT ( 'NONE',  ( 16.58547465132727083, 1.700666794767979662, 17.91963342979907736 ) ) ;
#260 = VERTEX_POINT ( 'NONE', #345 ) ;
#261 = CARTESIAN_POINT ( 'NONE',  ( 15.40000000000000746, -16.27475454716975634, 7.689757111208213480 ) ) ;
#262 = CARTESIAN_POINT ( 'NONE',  ( 11.40000000000000746, -4.187101281360043438E-16, -2.799999999999999822 ) ) ;
#263 = APPROVAL ( #182, 'UNSPECIFIED' ) ;
#264 = CIRCLE ( 'NONE', #576, 18.00000000000000000 ) ;
#265 = CARTESIAN_POINT ( 'NONE',  ( 14.48556310534680946, -15.69340085986288891, -8.818075315720657059 ) ) ;
#266 = LOCAL_TIME ( 9, 4, 23.00000000000000000, #711 ) ;
#267 = CARTESIAN_POINT ( 'NONE',  ( 19.00000000000000355, 0.000000000000000000, 14.70195921988101517 ) ) ;
#268 = EDGE_LOOP ( 'NONE', ( #1398, #1149, #654, #716 ) ) ;
#269 = DIRECTION ( 'NONE',  ( 1.000000000000000000, -0.000000000000000000, -0.000000000000000000 ) ) ;
#270 = CIRCLE ( 'NONE', #1203, 18.00000000000000000 ) ;
#271 = DIRECTION ( 'NONE',  ( -1.000000000000000000, -0.000000000000000000, 0.000000000000000000 ) ) ;
#272 = EDGE_CURVE ( 'NONE', #1353, #1038, #712, .T. ) ;
#273 = FACE_OUTER_BOUND ( 'NONE', #831, .T. ) ;
#274 = CARTESIAN_POINT ( 'NONE',  ( 18.87677283568784858, 0.6772905604411608715, 17.98802808001162390 ) ) ;
#275 = ORIENTED_EDGE ( 'NONE', *, *, #1288, .T. ) ;
#276 = FACE_OUTER_BOUND ( 'NONE', #876, .T. ) ;
#277 = DIRECTION ( 'NONE',  ( -1.000000000000000000, -0.000000000000000000, -0.000000000000000000 ) ) ;
#278 = PERSON_AND_ORGANIZATION_ROLE ( 'creator' ) ;
#279 = DIRECTION ( 'NONE',  ( 5.288966888175437057E-17, 1.000000000000000000, 0.000000000000000000 ) ) ;
#280 = EDGE_CURVE ( 'NONE', #408, #1315, #1225, .T. ) ;
#281 = EDGE_LOOP ( 'NONE', ( #537, #1222, #1276, #794 ) ) ;
#282 = DIRECTION ( 'NONE',  ( 0.000000000000000000, 0.000000000000000000, 1.000000000000000000 ) ) ;
#283 = ORIENTED_EDGE ( 'NONE', *, *, #963, .F. ) ;
#284 = DIRECTION ( 'NONE',  ( 0.000000000000000000, 0.000000000000000000, -1.000000000000000000 ) ) ;
#285 = CARTESIAN_POINT ( 'NONE',  ( -25.36492890995259941, 0.000000000000000000, 0.000000000000000000 ) ) ;
#286 = FACE_BOUND ( 'NONE', #1317, .T. ) ;
#287 = AXIS2_PLACEMENT_3D ( 'NONE', #933, #682, #282 ) ;
#288 = ORIENTED_EDGE ( 'NONE', *, *, #519, .F. ) ;
#289 = CC_DESIGN_APPROVAL ( #643, ( #1339 ) ) ;
#290 = ORIENTED_EDGE ( 'NONE', *, *, #434, .T. ) ;
#291 = EDGE_CURVE ( 'NONE', #950, #1403, #583, .T. ) ;
#292 = VECTOR ( 'NONE', #561, 1000.000000000000000 ) ;
#293 = DIRECTION ( 'NONE',  ( 1.000000000000000000, -1.057793377635087411E-16, 0.000000000000000000 ) ) ;
#294 = CARTESIAN_POINT ( 'NONE',  ( 18.72740181041492846, 16.21989156240664443, 7.807528517041016691 ) ) ;
#295 = CALENDAR_DATE ( 2026, 30, 7 ) ;
#296 = DIRECTION ( 'NONE',  ( 1.000000000000000000, 0.000000000000000000, 0.000000000000000000 ) ) ;
#297 = ORIENTED_EDGE ( 'NONE', *, *, #1335, .T. ) ;
#298 = ORIENTED_EDGE ( 'NONE', *, *, #714, .F. ) ;
#299 = CARTESIAN_POINT ( 'NONE',  ( 14.94243224288256933, 16.41616521410521301, 7.383590576625218560 ) ) ;
#300 = ADVANCED_FACE ( 'NONE', ( #452 ), #1118, .F. ) ;
#301 = LINE ( 'NONE', #848, #140 ) ;
#302 = CARTESIAN_POINT ( 'NONE',  ( 18.24054790379489432, -1.478752969259437444, 17.93950455298433155 ) ) ;
#303 = VERTEX_POINT ( 'NONE', #788 ) ;
#304 = DIRECTION ( 'NONE',  ( -0.000000000000000000, -0.6372671422513398465, 0.7706429714250371266 ) ) ;
#305 = FACE_OUTER_BOUND ( 'NONE', #281, .T. ) ;
#306 = EDGE_CURVE ( 'NONE', #210, #1366, #904, .T. ) ;
#307 = LINE ( 'NONE', #1068, #880 ) ;
#308 = ORIENTED_EDGE ( 'NONE', *, *, #588, .T. ) ;
#309 = VECTOR ( 'NONE', #1042, 1000.000000000000000 ) ;
#310 = DIRECTION ( 'NONE',  ( 0.000000000000000000, 0.000000000000000000, 1.000000000000000000 ) ) ;
#311 = B_SPLINE_CURVE_WITH_KNOTS ( 'NONE', 3,
 ( #805, #14, #1124, #26, #257, #889, #688, #563, #1110, #895, #232, #555, #1133, #1244 ),
 .UNSPECIFIED., .F., .F.,
 ( 4, 2, 2, 2, 2, 2, 4 ),
 ( 0.000000000000000000, 0.0006177166674420000309, 0.001235433334883997243, 0.001853150002325994672, 0.002162008336046995337, 0.002316437502907494912, 0.002470866669767994486 ),
 .UNSPECIFIED. ) ;
#312 = DIRECTION ( 'NONE',  ( -1.000000000000000000, 0.000000000000000000, 0.000000000000000000 ) ) ;
#313 = CARTESIAN_POINT ( 'NONE',  ( 19.00000000000000355, -9.094639669607786914, 9.506242490055159422 ) ) ;
#314 = EDGE_CURVE ( 'NONE', #752, #1213, #108, .T. ) ;
#315 = AXIS2_PLACEMENT_3D ( 'NONE', #422, #1217, #1321 ) ;
#316 = AXIS2_PLACEMENT_3D ( 'NONE', #165, #64, #1363 ) ;
#317 = ORIENTED_EDGE ( 'NONE', *, *, #840, .F. ) ;
#318 = CARTESIAN_POINT ( 'NONE',  ( 19.00000000000000355, 0.000000000000000000, 14.70195921988101517 ) ) ;
#319 = CARTESIAN_POINT ( 'NONE',  ( 18.75878703987459772, -15.92865400475903748, -8.383763868434289890 ) ) ;
#320 = CARTESIAN_POINT ( 'NONE',  ( 20.00000000000000355, -14.69819630344044725, 2.262443947208090833 ) ) ;
#321 = EDGE_CURVE ( 'NONE', #573, #210, #1277, .T. ) ;
#322 = ORIENTED_EDGE ( 'NONE', *, *, #1121, .F. ) ;
#323 = CARTESIAN_POINT ( 'NONE',  ( 20.00100000000000477, 0.000000000000000000, 0.000000000000000000 ) ) ;
#324 = CARTESIAN_POINT ( 'NONE',  ( 19.00000000000000355, -13.11626850537918187, 1.038718307319377532 ) ) ;
#325 = CIRCLE ( 'NONE', #505, 10.47415595914992714 ) ;
#326 = CARTESIAN_POINT ( 'NONE',  ( 15.01342784691239807, 16.45085507788328982, -7.305746649238634483 ) ) ;
#327 = ORIENTED_EDGE ( 'NONE', *, *, #948, .F. ) ;
#328 = FACE_OUTER_BOUND ( 'NONE', #89, .T. ) ;
#329 = ADVANCED_FACE ( 'NONE', ( #240 ), #43, .F. ) ;
#330 = FACE_OUTER_BOUND ( 'NONE', #845, .T. ) ;
#331 = CARTESIAN_POINT ( 'NONE',  ( -25.36492890995259941, -16.27475454716975634, 7.689757111208213480 ) ) ;
#332 = EDGE_LOOP ( 'NONE', ( #17, #713, #1184, #444 ) ) ;
#333 = AXIS2_PLACEMENT_3D ( 'NONE', #941, #184, #828 ) ;
#334 = CARTESIAN_POINT ( 'NONE',  ( 14.75035189649250889, -6.535517287307870404, 16.77293549650777393 ) ) ;
#335 = EDGE_LOOP ( 'NONE', ( #549, #915, #943, #1070, #770, #690, #1056 ) ) ;
#336 = CARTESIAN_POINT ( 'NONE',  ( 18.86423685139902773, -15.79095582065975023, -8.641977452524001180 ) ) ;
#337 = EDGE_CURVE ( 'NONE', #618, #252, #774, .T. ) ;
#338 = CYLINDRICAL_SURFACE ( 'NONE', #246, 1.799999999999996048 ) ;
#339 = CARTESIAN_POINT ( 'NONE',  ( 15.33831528402281563, 5.916079783099602807, 17.00000000000000355 ) ) ;
#340 = EDGE_LOOP ( 'NONE', ( #582, #129, #740, #932 ) ) ;
#341 = FACE_OUTER_BOUND ( 'NONE', #347, .T. ) ;
#342 = ORIENTED_EDGE ( 'NONE', *, *, #1030, .F. ) ;
#343 = CARTESIAN_POINT ( 'NONE',  ( 20.00000000000000355, -10.70758713074692459, 7.421162025597150880 ) ) ;
#344 = CARTESIAN_POINT ( 'NONE',  ( 18.86655866587920016, 16.03621446360365255, -8.178150993271515290 ) ) ;
#345 = CARTESIAN_POINT ( 'NONE',  ( 19.00000000000001421, -5.916079783099601030, 17.00000000000000355 ) ) ;
#346 = DIRECTION ( 'NONE',  ( -0.000000000000000000, 0.000000000000000000, 1.000000000000000000 ) ) ;
#347 = EDGE_LOOP ( 'NONE', ( #1111, #3, #1055, #619 ) ) ;
#348 = FACE_BOUND ( 'NONE', #1049, .T. ) ;
#349 = CIRCLE ( 'NONE', #487, 18.00000000000000000 ) ;
#350 = CARTESIAN_POINT ( 'NONE',  ( 20.00000000000000355, 10.48002108770972995, 7.275713027711128156 ) ) ;
#351 = CARTESIAN_POINT ( 'NONE',  ( 20.00000000000000355, 0.000000000000000000, 14.70195921988101517 ) ) ;
#352 = EDGE_CURVE ( 'NONE', #1315, #475, #914, .T. ) ;
#353 = VERTEX_POINT ( 'NONE', #1236 ) ;
#354 = B_SPLINE_CURVE_WITH_KNOTS ( 'NONE', 3,
 ( #1112, #227, #162, #259, #572, #1341, #1126, #355, #380, #1359, #800, #153, #28, #474, #274, #824, #916, #807 ),
 .UNSPECIFIED., .F., .F.,
 ( 4, 2, 2, 2, 2, 2, 2, 2, 4 ),
 ( 0.000000000000000000, 0.0005155612168348783870, 0.001031122433669756774, 0.001546683650504635053, 0.002062244867339513548, 0.002577806084174392044, 0.003093367301009270105, 0.003608928517844149034, 0.004124489734679027964 ),
 .UNSPECIFIED. ) ;
#355 = CARTESIAN_POINT ( 'NONE',  ( 17.60918769871895151, 1.761279463539807466, 17.91363781820296452 ) ) ;
#356 = VERTEX_POINT ( 'NONE', #1358 ) ;
#357 = CARTESIAN_POINT ( 'NONE',  ( 19.00000000000000711, 2.204364238465235428E-15, -18.00000000000000000 ) ) ;
#358 = CARTESIAN_POINT ( 'NONE',  ( 20.00000000000000355, -7.616112318972632714E-16, 2.799999999999999822 ) ) ;
#359 = CIRCLE ( 'NONE', #1166, 2.000000000000000000 ) ;
#360 = DIRECTION ( 'NONE',  ( 1.000000000000000000, 0.000000000000000000, 0.000000000000000000 ) ) ;
#361 = CARTESIAN_POINT ( 'NONE',  ( 14.40000000000000568, -7.616112318972632714E-16, 0.000000000000000000 ) ) ;
#362 = EDGE_CURVE ( 'NONE', #491, #475, #186, .T. ) ;
#363 = ORIENTED_EDGE ( 'NONE', *, *, #147, .F. ) ;
#364 = CARTESIAN_POINT ( 'NONE',  ( 19.00000000000000711, 15.52415519558425494, -7.138087634110820368 ) ) ;
#365 = ORIENTED_EDGE ( 'NONE', *, *, #1380, .T. ) ;
#366 = VECTOR ( 'NONE', #136, 1000.000000000000000 ) ;
#367 = DIRECTION ( 'NONE',  ( 1.000000000000000000, -0.000000000000000000, -0.000000000000000000 ) ) ;
#368 = CARTESIAN_POINT ( 'NONE',  ( 15.44427419039885585, -1.688753982851881022E-23, 18.00000000000000000 ) ) ;
#369 = COORDINATED_UNIVERSAL_TIME_OFFSET ( 3, 0, .BEHIND. ) ;
#370 = CARTESIAN_POINT ( 'NONE',  ( 20.00000000000000355, -7.616112318972632714E-16, 0.000000000000000000 ) ) ;
#371 = EDGE_LOOP ( 'NONE', ( #942, #143, #69, #342 ) ) ;
#372 = CARTESIAN_POINT ( 'NONE',  ( 20.00100000000000477, 0.000000000000000000, 0.000000000000000000 ) ) ;
#373 = ORIENTED_EDGE ( 'NONE', *, *, #1327, .T. ) ;
#374 = CARTESIAN_POINT ( 'NONE',  ( 20.00000000000000355, 14.61628571980666180, 2.273755362957909920 ) ) ;
#375 = EDGE_CURVE ( 'NONE', #1353, #631, #556, .T. ) ;
#376 = DIRECTION ( 'NONE',  ( 0.000000000000000000, 0.000000000000000000, 1.000000000000000000 ) ) ;
#377 = DATE_AND_TIME ( #295, #266 ) ;
#378 = DIRECTION ( 'NONE',  ( -1.000000000000000000, 5.288966888175433359E-17, 0.000000000000000000 ) ) ;
#379 = EDGE_LOOP ( 'NONE', ( #1004, #381, #863, #777 ) ) ;
#380 = CARTESIAN_POINT ( 'NONE',  ( 17.77878180564588106, 1.713047569531954251, 17.91843853447601376 ) ) ;
#381 = ORIENTED_EDGE ( 'NONE', *, *, #1279, .T. ) ;
#382 = DIRECTION ( 'NONE',  ( 0.000000000000000000, 0.000000000000000000, 1.000000000000000000 ) ) ;
#383 = CARTESIAN_POINT ( 'NONE',  ( 14.75018085372361831, 6.536101902084891613, 16.77270095071626699 ) ) ;
#384 = EDGE_CURVE ( 'NONE', #75, #790, #674, .T. ) ;
#385 = CIRCLE ( 'NONE', #493, 20.93992216826404018 ) ;
#386 = FACE_OUTER_BOUND ( 'NONE', #757, .T. ) ;
#387 = EDGE_LOOP ( 'NONE', ( #53, #1081, #683, #625, #591, #1008, #565, #1304, #402, #972, #850, #297, #152 ) ) ;
#388 = ORIENTED_EDGE ( 'NONE', *, *, #905, .T. ) ;
#389 = DIRECTION ( 'NONE',  ( 0.000000000000000000, 1.000000000000000000, 0.000000000000000000 ) ) ;
#390 = CARTESIAN_POINT ( 'NONE',  ( -25.36492890995259941, 16.52415519558425672, 7.138087634110821256 ) ) ;
#391 = DATE_AND_TIME ( #1379, #1338 ) ;
#392 = CYLINDRICAL_SURFACE ( 'NONE', #423, 2.000000000000000000 ) ;
#393 = EDGE_CURVE ( 'NONE', #1403, #1127, #1417, .T. ) ;
#394 = EDGE_LOOP ( 'NONE', ( #1012, #825, #23, #15 ) ) ;
#395 = CIRCLE ( 'NONE', #1193, 18.00000000000000000 ) ;
#396 = ORIENTED_EDGE ( 'NONE', *, *, #314, .F. ) ;
#397 = LINE ( 'NONE', #1392, #1293 ) ;
#398 = DIRECTION ( 'NONE',  ( -1.000000000000000000, 0.000000000000000000, 0.000000000000000000 ) ) ;
#399 = COORDINATED_UNIVERSAL_TIME_OFFSET ( 3, 0, .BEHIND. ) ;
#400 = CARTESIAN_POINT ( 'NONE',  ( 19.00000000000000355, -7.662528783000350785, 7.560979195662549834 ) ) ;
#401 =( GEOMETRIC_REPRESENTATION_CONTEXT ( 3 ) GLOBAL_UNCERTAINTY_ASSIGNED_CONTEXT ( ( #719 ) ) GLOBAL_UNIT_ASSIGNED_CONTEXT ( ( #699, #715, #599 ) ) REPRESENTATION_CONTEXT ( 'NONE', 'WORKASPACE' ) );
#402 = ORIENTED_EDGE ( 'NONE', *, *, #1129, .F. ) ;
#403 = ADVANCED_FACE ( 'NONE', ( #146, #1138 ), #470, .F. ) ;
#404 = ORIENTED_EDGE ( 'NONE', *, *, #1094, .F. ) ;
#405 = CARTESIAN_POINT ( 'NONE',  ( 14.53344133412080730, 16.03621446360365610, 8.178150993271517066 ) ) ;
#406 = LINE ( 'NONE', #1160, #816 ) ;
#407 = FACE_OUTER_BOUND ( 'NONE', #733, .T. ) ;
#408 = VERTEX_POINT ( 'NONE', #1347 ) ;
#409 = CARTESIAN_POINT ( 'NONE',  ( 15.40000000000000746, 16.52415519558425672, 7.138087634110821256 ) ) ;
#410 = DIRECTION ( 'NONE',  ( -1.000000000000000000, 0.000000000000000000, 0.000000000000000000 ) ) ;
#411 = CARTESIAN_POINT ( 'NONE',  ( 16.12966714705557791, -1.457618608605756760, 17.94126177255962418 ) ) ;
#412 = ORIENTED_EDGE ( 'NONE', *, *, #862, .F. ) ;
#413 = DIRECTION ( 'NONE',  ( 1.927470528863119049E-16, 1.000000000000000000, 0.000000000000000000 ) ) ;
#414 = CARTESIAN_POINT ( 'NONE',  ( 0.000000000000000000, 2.204364238465235083E-16, -1.800000000000000044 ) ) ;
#415 = EDGE_CURVE ( 'NONE', #752, #1265, #913, .T. ) ;
#416 = CARTESIAN_POINT ( 'NONE',  ( 19.00000000000002842, -1.321832085619112281E-15, 18.00000000000000000 ) ) ;
#417 = ORIENTED_EDGE ( 'NONE', *, *, #1204, .T. ) ;
#418 = AXIS2_PLACEMENT_3D ( 'NONE', #653, #1098, #988 ) ;
#419 = CYLINDRICAL_SURFACE ( 'NONE', #1158, 1.000000000000000888 ) ;
#420 = LINE ( 'NONE', #427, #1352 ) ;
#421 = EDGE_CURVE ( 'NONE', #950, #114, #1348, .T. ) ;
#422 = CARTESIAN_POINT ( 'NONE',  ( 15.40000000000000746, -15.27475454716975634, 17.00000000000000355 ) ) ;
#423 = AXIS2_PLACEMENT_3D ( 'NONE', #1054, #166, #1154 ) ;
#424 = AXIS2_PLACEMENT_3D ( 'NONE', #138, #271, #893 ) ;
#425 = ORIENTED_EDGE ( 'NONE', *, *, #224, .F. ) ;
#426 = DIRECTION ( 'NONE',  ( 0.000000000000000000, 1.000000000000000000, 0.000000000000000000 ) ) ;
#427 = CARTESIAN_POINT ( 'NONE',  ( 20.00000000000000355, -9.094639669607786914, 9.506242490055159422 ) ) ;
#428 = DIRECTION ( 'NONE',  ( -1.000000000000000000, 0.000000000000000000, 0.000000000000000000 ) ) ;
#429 = EDGE_LOOP ( 'NONE', ( #1165, #275, #817, #233, #68, #188, #1239 ) ) ;
#430 = CARTESIAN_POINT ( 'NONE',  ( 15.40000000000000746, -5.916079783099601030, 17.00000000000000355 ) ) ;
#431 = CARTESIAN_POINT ( 'NONE',  ( 15.40000000000000746, -16.27475454716975634, 7.689757111208214369 ) ) ;
#432 = DIRECTION ( 'NONE',  ( 0.000000000000000000, -0.6372671422513398465, 0.7706429714250371266 ) ) ;
#433 = CARTESIAN_POINT ( 'NONE',  ( 0.000000000000000000, 0.000000000000000000, 0.000000000000000000 ) ) ;
#434 = EDGE_CURVE ( 'NONE', #606, #1366, #979, .T. ) ;
#435 = CARTESIAN_POINT ( 'NONE',  ( 15.17208578525369234, -5.986971473760217322, 16.97518743588522483 ) ) ;
#436 = ORIENTED_EDGE ( 'NONE', *, *, #1310, .T. ) ;
#437 = AXIS2_PLACEMENT_3D ( 'NONE', #846, #642, #1072 ) ;
#438 = FACE_OUTER_BOUND ( 'NONE', #175, .T. ) ;
#439 = DIRECTION ( 'NONE',  ( 0.000000000000000000, 0.000000000000000000, 1.000000000000000000 ) ) ;
#440 = DIRECTION ( 'NONE',  ( -1.000000000000000000, -0.000000000000000000, 0.000000000000000000 ) ) ;
#441 = ORIENTED_EDGE ( 'NONE', *, *, #306, .F. ) ;
#442 = AXIS2_PLACEMENT_3D ( 'NONE', #313, #751, #1187 ) ;
#443 = CARTESIAN_POINT ( 'NONE',  ( 14.66587686316686323, -6.749872133034252819, 16.68809180421728300 ) ) ;
#444 = ORIENTED_EDGE ( 'NONE', *, *, #737, .F. ) ;
#445 = CARTESIAN_POINT ( 'NONE',  ( 14.40000000000000568, 0.000000000000000000, 0.000000000000000000 ) ) ;
#446 = CARTESIAN_POINT ( 'NONE',  ( -25.36492890995259941, 16.52415519558425672, -7.138087634110821256 ) ) ;
#447 = CARTESIAN_POINT ( 'NONE',  ( 14.92676304707336854, 6.241200539570848527, 16.88367398225308236 ) ) ;
#448 = CARTESIAN_POINT ( 'NONE',  ( 14.40000000000000568, -7.616112318972632714E-16, 16.00000000000000355 ) ) ;
#449 = VERTEX_POINT ( 'NONE', #702 ) ;
#450 = DIRECTION ( 'NONE',  ( -1.000000000000000000, 5.288966888175437057E-17, 0.000000000000000000 ) ) ;
#451 = EDGE_CURVE ( 'NONE', #1369, #910, #496, .T. ) ;
#452 = FACE_OUTER_BOUND ( 'NONE', #371, .T. ) ;
#453 = ORIENTED_EDGE ( 'NONE', *, *, #821, .T. ) ;
#454 = CYLINDRICAL_SURFACE ( 'NONE', #1220, 20.93992216826404373 ) ;
#455 = ORIENTED_EDGE ( 'NONE', *, *, #622, .F. ) ;
#456 = CARTESIAN_POINT ( 'NONE',  ( 9.999999999999998224, 0.000000000000000000, 3.000000000000000000 ) ) ;
#457 = AXIS2_PLACEMENT_3D ( 'NONE', #372, #52, #1259 ) ;
#458 = CARTESIAN_POINT ( 'NONE',  ( 18.00000000000000711, -15.27475454716975634, 17.00000000000000355 ) ) ;
#459 = EDGE_CURVE ( 'NONE', #46, #1194, #359, .T. ) ;
#460 = DIRECTION ( 'NONE',  ( 0.000000000000000000, 0.000000000000000000, 1.000000000000000000 ) ) ;
#461 = AXIS2_PLACEMENT_3D ( 'NONE', #484, #685, #809 ) ;
#462 = CC_DESIGN_PERSON_AND_ORGANIZATION_ASSIGNMENT ( #1263, #1139, ( #562 ) ) ;
#463 = VERTEX_POINT ( 'NONE', #1334 ) ;
#464 = LINE ( 'NONE', #364, #1410 ) ;
#465 = CIRCLE ( 'NONE', #581, 2.000000000000000000 ) ;
#466 = EDGE_LOOP ( 'NONE', ( #708, #373 ) ) ;
#467 = LINE ( 'NONE', #684, #735 ) ;
#468 = AXIS2_PLACEMENT_3D ( 'NONE', #881, #1212, #1349 ) ;
#469 = CARTESIAN_POINT ( 'NONE',  ( 15.19388573548544841, -16.25734331771051444, 7.726733403636553810 ) ) ;
#470 = PLANE ( 'NONE',  #316 ) ;
#471 = DIRECTION ( 'NONE',  ( 0.000000000000000000, -1.000000000000000000, 0.000000000000000000 ) ) ;
#472 = VERTEX_POINT ( 'NONE', #1371 ) ;
#473 = EDGE_CURVE ( 'NONE', #981, #1376, #593, .T. ) ;
#474 = CARTESIAN_POINT ( 'NONE',  ( 18.80488026078998942, 0.8332458540225267107, 17.98129183663186481 ) ) ;
#475 = VERTEX_POINT ( 'NONE', #262 ) ;
#476 = CARTESIAN_POINT ( 'NONE',  ( 14.53576314860098151, -15.79095582065974313, 8.641977452524001180 ) ) ;
#477 = CARTESIAN_POINT ( 'NONE',  ( 19.00000000000000711, -13.11626850537918187, 1.038718307319377532 ) ) ;
#478 = SECURITY_CLASSIFICATION_LEVEL ( 'unclassified' ) ;
#479 = FACE_OUTER_BOUND ( 'NONE', #1309, .T. ) ;
#480 = ORIENTED_EDGE ( 'NONE', *, *, #393, .F. ) ;
#481 = CARTESIAN_POINT ( 'NONE',  ( 20.00000000000000355, 0.000000000000000000, 4.227803260731086255 ) ) ;
#482 = VERTEX_POINT ( 'NONE', #350 ) ;
#483 = EDGE_CURVE ( 'NONE', #210, #82, #247, .T. ) ;
#484 = CARTESIAN_POINT ( 'NONE',  ( 14.40000000000000568, -7.616112318972632714E-16, 0.000000000000000000 ) ) ;
#485 = DIRECTION ( 'NONE',  ( 1.000000000000000000, 0.000000000000000000, -0.000000000000000000 ) ) ;
#486 = APPROVAL_DATE_TIME ( #1153, #263 ) ;
#487 = AXIS2_PLACEMENT_3D ( 'NONE', #1082, #293, #1404 ) ;
#488 = CARTESIAN_POINT ( 'NONE',  ( 15.40000000000000746, -8.145009007790177529E-16, 17.00000000000000355 ) ) ;
#489 = ORIENTED_EDGE ( 'NONE', *, *, #63, .F. ) ;
#490 = CARTESIAN_POINT ( 'NONE',  ( 15.63628124709712885, 0.8409585841661038064, 17.98071211977848449 ) ) ;
#491 = VERTEX_POINT ( 'NONE', #710 ) ;
#492 = DIRECTION ( 'NONE',  ( 0.000000000000000000, 0.000000000000000000, 1.000000000000000000 ) ) ;
#493 = AXIS2_PLACEMENT_3D ( 'NONE', #1264, #595, #1387 ) ;
#494 = FACE_OUTER_BOUND ( 'NONE', #529, .T. ) ;
#495 = ADVANCED_FACE ( 'NONE', ( #1010 ), #31, .F. ) ;
#496 = CIRCLE ( 'NONE', #730, 3.000000000000000000 ) ;
#497 = DATE_AND_TIME ( #1027, #812 ) ;
#498 = CARTESIAN_POINT ( 'NONE',  ( 15.34722943791475025, -16.27475454716975989, -7.689757111208220586 ) ) ;
#499 = ORIENTED_EDGE ( 'NONE', *, *, #18, .T. ) ;
#500 = EDGE_LOOP ( 'NONE', ( #814, #99, #161, #935, #1134, #1113, #1208 ) ) ;
#501 = CARTESIAN_POINT ( 'NONE',  ( 15.02315579712594307, -16.20532008961660253, 7.835255045871075019 ) ) ;
#502 = CARTESIAN_POINT ( 'NONE',  ( 18.98233767717161058, 15.73925976820997974, 8.736167595254208607 ) ) ;
#503 = CARTESIAN_POINT ( 'NONE',  ( 14.40000000000000568, 0.000000000000000000, 0.000000000000000000 ) ) ;
#504 = EDGE_LOOP ( 'NONE', ( #882, #154, #1285, #1096, #589, #830, #365, #1032 ) ) ;
#505 = AXIS2_PLACEMENT_3D ( 'NONE', #1326, #539, #974 ) ;
#506 = ORIENTED_EDGE ( 'NONE', *, *, #112, .F. ) ;
#507 = CARTESIAN_POINT ( 'NONE',  ( 14.40000000000000568, -15.27475454716975634, 9.522703057625856005 ) ) ;
#508 = CARTESIAN_POINT ( 'NONE',  ( 18.00000000000000711, 16.52415519558425672, 7.138087634110821256 ) ) ;
#509 = CARTESIAN_POINT ( 'NONE',  ( 11.40000000000000746, 0.000000000000000000, 1.800000000000000044 ) ) ;
#510 = AXIS2_PLACEMENT_3D ( 'NONE', #1355, #40, #492 ) ;
#511 = ORIENTED_EDGE ( 'NONE', *, *, #955, .F. ) ;
#512 = CC_DESIGN_DATE_AND_TIME_ASSIGNMENT ( #377, #1045, ( #1393 ) ) ;
#513 = ORIENTED_EDGE ( 'NONE', *, *, #147, .T. ) ;
#514 = CARTESIAN_POINT ( 'NONE',  ( 15.01165836770869078, 16.45013219278670391, 7.307378770039353100 ) ) ;
#515 = DIRECTION ( 'NONE',  ( 0.000000000000000000, -0.000000000000000000, -1.000000000000000000 ) ) ;
#516 = CARTESIAN_POINT ( 'NONE',  ( 17.09610003799793887, -1.805374652369916122, 17.90925281672545566 ) ) ;
#517 = AXIS2_PLACEMENT_3D ( 'NONE', #1407, #970, #428 ) ;
#518 = ORIENTED_EDGE ( 'NONE', *, *, #87, .T. ) ;
#519 = EDGE_CURVE ( 'NONE', #463, #449, #1333, .T. ) ;
#520 = LINE ( 'NONE', #1078, #669 ) ;
#521 = DIRECTION ( 'NONE',  ( 0.000000000000000000, 0.000000000000000000, 1.000000000000000000 ) ) ;
#522 = CYLINDRICAL_SURFACE ( 'NONE', #612, 18.00000000000000000 ) ;
#523 = ORIENTED_EDGE ( 'NONE', *, *, #483, .F. ) ;
#524 = CARTESIAN_POINT ( 'NONE',  ( 0.000000000000000000, 0.000000000000000000, 0.000000000000000000 ) ) ;
#525 = EDGE_CURVE ( 'NONE', #475, #491, #1299, .T. ) ;
#526 = LINE ( 'NONE', #431, #1097 ) ;
#527 = FACE_OUTER_BOUND ( 'NONE', #332, .T. ) ;
#528 = AXIS2_PLACEMENT_3D ( 'NONE', #323, #997, #1316 ) ;
#529 = EDGE_LOOP ( 'NONE', ( #412, #453, #998, #1150 ) ) ;
#530 = CARTESIAN_POINT ( 'NONE',  ( 14.48424522207302267, -7.388852421646320501, 16.41525505160644016 ) ) ;
#531 = CARTESIAN_POINT ( 'NONE',  ( 18.57287777360463110, -16.09759185287612127, -8.054470852675516213 ) ) ;
#532 = CIRCLE ( 'NONE', #106, 3.000000000000000000 ) ;
#533 = PRODUCT_RELATED_PRODUCT_CATEGORY ( 'detail', '', ( #562 ) ) ;
#534 = DIRECTION ( 'NONE',  ( 0.000000000000000000, 0.7706429714250371266, 0.6372671422513398465 ) ) ;
#535 = AXIS2_PLACEMENT_3D ( 'NONE', #852, #952, #742 ) ;
#536 = AXIS2_PLACEMENT_3D ( 'NONE', #48, #602, #930 ) ;
#537 = ORIENTED_EDGE ( 'NONE', *, *, #905, .F. ) ;
#538 = CARTESIAN_POINT ( 'NONE',  ( 14.41792704235545486, -7.816845282472768552, 16.21581537721871769 ) ) ;
#539 = DIRECTION ( 'NONE',  ( -1.000000000000000000, -0.000000000000000000, 0.000000000000000000 ) ) ;
#540 = VECTOR ( 'NONE', #661, 1000.000000000000000 ) ;
#541 = CARTESIAN_POINT ( 'NONE',  ( 15.18629848066734667, 16.50524762855412675, -7.182016960192195043 ) ) ;
#542 = EDGE_CURVE ( 'NONE', #260, #1376, #270, .T. ) ;
#543 = PLANE ( 'NONE',  #66 ) ;
#544 = CARTESIAN_POINT ( 'NONE',  ( 20.00100000000000477, 2.204364238465235083E-16, -1.800000000000000044 ) ) ;
#545 = ORIENTED_EDGE ( 'NONE', *, *, #306, .T. ) ;
#546 = CARTESIAN_POINT ( 'NONE',  ( 18.00000000000000711, 16.52415519558425672, -7.138087634110821256 ) ) ;
#547 = CARTESIAN_POINT ( 'NONE',  ( 20.00000000000000000, 0.000000000000000000, 0.000000000000000000 ) ) ;
#548 = CARTESIAN_POINT ( 'NONE',  ( 15.40000000000000746, 5.916079783099601030, 17.00000000000000355 ) ) ;
#549 = ORIENTED_EDGE ( 'NONE', *, *, #542, .T. ) ;
#550 = FACE_OUTER_BOUND ( 'NONE', #989, .T. ) ;
#551 = ORIENTED_EDGE ( 'NONE', *, *, #280, .F. ) ;
#552 = CIRCLE ( 'NONE', #1067, 1.800000000000000044 ) ;
#553 = LINE ( 'NONE', #1108, #1308 ) ;
#554 = CARTESIAN_POINT ( 'NONE',  ( 18.00000000000000711, 16.52415519558425672, -7.138087634110821256 ) ) ;
#555 = CARTESIAN_POINT ( 'NONE',  ( 18.10526038845491925, -16.27041601976665319, 7.698952830481926135 ) ) ;
#556 = B_SPLINE_CURVE_WITH_KNOTS ( 'NONE', 3,
 ( #548, #339, #1006, #249, #1002, #21, #447, #383, #787, #1035, #1224, #41, #1242, #248 ),
 .UNSPECIFIED., .F., .F.,
 ( 4, 2, 2, 2, 2, 2, 4 ),
 ( 0.000000000000000000, 0.0001817679293033663520, 0.0003635358586067327039, 0.0007270717172134670342, 0.001454143434426940574, 0.002181215151640414004, 0.002908286868853888086 ),
 .UNSPECIFIED. ) ;
#557 = VECTOR ( 'NONE', #279, 1000.000000000000000 ) ;
#558 = CARTESIAN_POINT ( 'NONE',  ( 19.00000000000000711, -2.009807417506666550E-15, 17.00000000000000355 ) ) ;
#559 = ORIENTED_EDGE ( 'NONE', *, *, #725, .F. ) ;
#560 = EDGE_CURVE ( 'NONE', #618, #994, #609, .T. ) ;
#561 = DIRECTION ( 'NONE',  ( -1.000000000000000000, -0.000000000000000000, -0.000000000000000000 ) ) ;
#562 = PRODUCT ( 'bracket_plastico', 'bracket_plastico', '', ( #695 ) ) ;
#563 = CARTESIAN_POINT ( 'NONE',  ( 18.44823695026378374, -16.17156757848193749, 7.904889432822399087 ) ) ;
#564 = ORIENTED_EDGE ( 'NONE', *, *, #321, .T. ) ;
#565 = ORIENTED_EDGE ( 'NONE', *, *, #877, .T. ) ;
#566 = FACE_OUTER_BOUND ( 'NONE', #504, .T. ) ;
#567 = ADVANCED_FACE ( 'NONE', ( #494 ), #938, .F. ) ;
#568 = DIRECTION ( 'NONE',  ( 0.000000000000000000, 0.000000000000000000, 1.000000000000000000 ) ) ;
#569 = CC_DESIGN_DATE_AND_TIME_ASSIGNMENT ( #946, #615, ( #1339 ) ) ;
#570 = DIRECTION ( 'NONE',  ( -1.000000000000000000, 0.000000000000000000, 0.000000000000000000 ) ) ;
#571 = ORIENTED_EDGE ( 'NONE', *, *, #918, .F. ) ;
#572 = CARTESIAN_POINT ( 'NONE',  ( 16.75217576040307677, 1.751889756116018937, 17.91456376964244868 ) ) ;
#573 = VERTEX_POINT ( 'NONE', #1394 ) ;
#574 = PLANE ( 'NONE',  #834 ) ;
#575 = DIRECTION ( 'NONE',  ( 0.000000000000000000, 0.000000000000000000, -1.000000000000000000 ) ) ;
#576 = AXIS2_PLACEMENT_3D ( 'NONE', #95, #90, #962 ) ;
#577 = DIRECTION ( 'NONE',  ( 1.927470528863119049E-16, 1.000000000000000000, 0.000000000000000000 ) ) ;
#578 = PERSON_AND_ORGANIZATION ( #697, #900 ) ;
#579 = EDGE_CURVE ( 'NONE', #252, #1099, #634, .T. ) ;
#580 = CARTESIAN_POINT ( 'NONE',  ( 15.40000000000000746, 16.52415519558425672, 7.138087634110821256 ) ) ;
#581 = AXIS2_PLACEMENT_3D ( 'NONE', #633, #1186, #521 ) ;
#582 = ORIENTED_EDGE ( 'NONE', *, *, #1279, .F. ) ;
#583 = CIRCLE ( 'NONE', #185, 20.93992216826404018 ) ;
#584 = FACE_BOUND ( 'NONE', #891, .T. ) ;
#585 = DIRECTION ( 'NONE',  ( 1.000000000000000000, 0.000000000000000000, 0.000000000000000000 ) ) ;
#586 = PERSON_AND_ORGANIZATION ( #697, #900 ) ;
#587 = CARTESIAN_POINT ( 'NONE',  ( 14.41766760951212589, -15.49035288675731792, -9.170073623793671302 ) ) ;
#588 = EDGE_CURVE ( 'NONE', #790, #924, #1092, .T. ) ;
#589 = ORIENTED_EDGE ( 'NONE', *, *, #868, .F. ) ;
#590 = FACE_OUTER_BOUND ( 'NONE', #379, .T. ) ;
#591 = ORIENTED_EDGE ( 'NONE', *, *, #197, .T. ) ;
#592 = CARTESIAN_POINT ( 'NONE',  ( 18.00000000000000711, -16.27475454716975634, -7.689757111208214369 ) ) ;
#593 = LINE ( 'NONE', #811, #110 ) ;
#594 = APPROVAL_DATE_TIME ( #497, #643 ) ;
#595 = DIRECTION ( 'NONE',  ( 1.000000000000000000, 0.000000000000000000, -0.000000000000000000 ) ) ;
#596 = AXIS2_PLACEMENT_3D ( 'NONE', #285, #71, #718 ) ;
#597 = VERTEX_POINT ( 'NONE', #414 ) ;
#598 = B_SPLINE_CURVE_WITH_KNOTS ( 'NONE', 3,
 ( #209, #1, #541, #326, #1192, #214, #1075, #1402, #93, #1283, #645, #640 ),
 .UNSPECIFIED., .F., .F.,
 ( 4, 2, 2, 2, 2, 4 ),
 ( 0.000000000000000000, 0.0003261997340772774786, 0.0006523994681545549571, 0.001304798936309111649, 0.001957198404463668124, 0.002609597872618225033 ),
 .UNSPECIFIED. ) ;
#599 =( NAMED_UNIT ( * ) SI_UNIT ( $, .STERADIAN. ) SOLID_ANGLE_UNIT ( ) );
#600 = ORIENTED_EDGE ( 'NONE', *, *, #63, .T. ) ;
#601 = LINE ( 'NONE', #592, #200 ) ;
#602 = DIRECTION ( 'NONE',  ( 1.000000000000000000, 0.000000000000000000, -0.000000000000000000 ) ) ;
#603 = COORDINATED_UNIVERSAL_TIME_OFFSET ( 3, 0, .BEHIND. ) ;
#604 = CARTESIAN_POINT ( 'NONE',  ( 15.29473961154508821, -16.27041601976665319, -7.698952830481924359 ) ) ;
#605 = PRODUCT_DEFINITION_FORMATION_WITH_SPECIFIED_SOURCE ( 'ANY', '', #562, .NOT_KNOWN. ) ;
#606 = VERTEX_POINT ( 'NONE', #1378 ) ;
#607 = DIRECTION ( 'NONE',  ( 1.000000000000000000, 0.000000000000000000, 0.000000000000000000 ) ) ;
#608 = ORIENTED_EDGE ( 'NONE', *, *, #611, .F. ) ;
#609 = CIRCLE ( 'NONE', #1071, 18.00000000000000000 ) ;
#610 = CARTESIAN_POINT ( 'NONE',  ( 0.000000000000000000, 3.673940397442059868E-16, -3.000000000000000000 ) ) ;
#611 = EDGE_CURVE ( 'NONE', #966, #1127, #465, .T. ) ;
#612 = AXIS2_PLACEMENT_3D ( 'NONE', #965, #635, #1086 ) ;
#613 = CARTESIAN_POINT ( 'NONE',  ( 18.64161043359941772, 16.30465470406096173, 7.628287872526805735 ) ) ;
#614 = AXIS2_PLACEMENT_3D ( 'NONE', #679, #277, #1017 ) ;
#615 = DATE_TIME_ROLE ( 'creation_date' ) ;
#616 = DIRECTION ( 'NONE',  ( -0.000000000000000000, -0.000000000000000000, 1.000000000000000000 ) ) ;
#617 = AXIS2_PLACEMENT_3D ( 'NONE', #878, #1318, #213 ) ;
#618 = VERTEX_POINT ( 'NONE', #1401 ) ;
#619 = ORIENTED_EDGE ( 'NONE', *, *, #103, .T. ) ;
#620 = CARTESIAN_POINT ( 'NONE',  ( 14.48452016576540657, 15.94022777055796958, 8.363845620186815211 ) ) ;
#621 = CARTESIAN_POINT ( 'NONE',  ( 14.40000000000000568, 15.52415519558425494, -9.110466808205512024 ) ) ;
#622 = EDGE_CURVE ( 'NONE', #353, #82, #1079, .T. ) ;
#623 = DIRECTION ( 'NONE',  ( 1.000000000000000000, -0.000000000000000000, -0.000000000000000000 ) ) ;
#624 = EDGE_LOOP ( 'NONE', ( #441, #244, #499, #290 ) ) ;
#625 = ORIENTED_EDGE ( 'NONE', *, *, #217, .T. ) ;
#626 = DIRECTION ( 'NONE',  ( 0.000000000000000000, 0.000000000000000000, -1.000000000000000000 ) ) ;
#627 = CARTESIAN_POINT ( 'NONE',  ( 19.00000000000000355, -14.69819630344044548, 2.262443947208093054 ) ) ;
#628 = CARTESIAN_POINT ( 'NONE',  ( 18.97486671029533056, -0.3455867292930616119, 17.99743854358974460 ) ) ;
#629 = EDGE_CURVE ( 'NONE', #482, #29, #406, .T. ) ;
#630 = AXIS2_PLACEMENT_3D ( 'NONE', #318, #100, #626 ) ;
#631 = VERTEX_POINT ( 'NONE', #945 ) ;
#632 = LINE ( 'NONE', #558, #174 ) ;
#633 = CARTESIAN_POINT ( 'NONE',  ( 20.00000000000000355, 13.07499977695658977, 0.9992210784552282288 ) ) ;
#634 = CIRCLE ( 'NONE', #535, 18.00000000000000000 ) ;
#635 = DIRECTION ( 'NONE',  ( -1.000000000000000000, -0.000000000000000000, -0.000000000000000000 ) ) ;
#636 = EDGE_CURVE ( 'NONE', #114, #46, #1292, .T. ) ;
#637 = VERTEX_POINT ( 'NONE', #843 ) ;
#638 = CARTESIAN_POINT ( 'NONE',  ( 20.00000000000000355, 8.938735144859656145, 6.001178743208447131 ) ) ;
#639 = CARTESIAN_POINT ( 'NONE',  ( 14.40000000000000568, 0.000000000000000000, 0.000000000000000000 ) ) ;
#640 = CARTESIAN_POINT ( 'NONE',  ( 14.40000000000000568, 15.52415519558425494, -9.110466808205512024 ) ) ;
#641 = ORIENTED_EDGE ( 'NONE', *, *, #868, .T. ) ;
#642 = DIRECTION ( 'NONE',  ( -1.000000000000000000, -0.000000000000000000, -0.000000000000000000 ) ) ;
#643 = APPROVAL ( #835, 'UNSPECIFIED' ) ;
#644 = CARTESIAN_POINT ( 'NONE',  ( 19.00000000000000355, -10.70758713074692459, 7.421162025597150880 ) ) ;
#645 = CARTESIAN_POINT ( 'NONE',  ( 14.40000000000000568, 15.63413123401342197, -8.923068607398471741 ) ) ;
#646 = ORIENTED_EDGE ( 'NONE', *, *, #415, .T. ) ;
#647 = CARTESIAN_POINT ( 'NONE',  ( 19.00000000000000711, 15.52415519558425494, 9.110466808205512024 ) ) ;
#648 = CARTESIAN_POINT ( 'NONE',  ( 19.00000000000000355, 14.45568124552832323, -0.4477477126189222667 ) ) ;
#649 = EDGE_CURVE ( 'NONE', #924, #966, #301, .T. ) ;
#650 = FACE_OUTER_BOUND ( 'NONE', #387, .T. ) ;
#651 = AXIS2_PLACEMENT_3D ( 'NONE', #680, #440, #1322 ) ;
#652 = ORIENTED_EDGE ( 'NONE', *, *, #54, .T. ) ;
#653 = CARTESIAN_POINT ( 'NONE',  ( 17.20000000000000639, 0.000000000000000000, -6.000000000000001776 ) ) ;
#654 = ORIENTED_EDGE ( 'NONE', *, *, #1335, .F. ) ;
#655 = CARTESIAN_POINT ( 'NONE',  ( 18.20611426451456083, -16.25734331771051089, -7.726733403636544928 ) ) ;
#656 = CARTESIAN_POINT ( 'NONE',  ( 17.20000000000000639, 0.000000000000000000, -6.000000000000001776 ) ) ;
#657 = DIRECTION ( 'NONE',  ( -1.000000000000000000, -0.000000000000000000, -0.000000000000000000 ) ) ;
#658 = VERTEX_POINT ( 'NONE', #1179 ) ;
#659 = CARTESIAN_POINT ( 'NONE',  ( 0.000000000000000000, 16.52415519558425672, 17.00000000000000355 ) ) ;
#660 = ORIENTED_EDGE ( 'NONE', *, *, #525, .T. ) ;
#661 = DIRECTION ( 'NONE',  ( -1.000000000000000000, -0.000000000000000000, -0.000000000000000000 ) ) ;
#662 = CARTESIAN_POINT ( 'NONE',  ( 19.00000000000000355, 0.000000000000000000, 4.227803260731086255 ) ) ;
#663 = B_SPLINE_CURVE_WITH_KNOTS ( 'NONE', 3,
 ( #416, #978, #628, #853, #1080, #86, #762, #302, #1095, #744, #1198, #113, #516, #738, #1176, #960, #411, #1181 ),
 .UNSPECIFIED., .F., .F.,
 ( 4, 2, 2, 2, 2, 2, 2, 2, 4 ),
 ( 0.004124489734679027964, 0.004639640579463104667, 0.005154791424247180502, 0.005669942269031256338, 0.006185093113815333041, 0.006700243958599409744, 0.007215394803383485579, 0.007730545648167561415, 0.008245696492951638118 ),
 .UNSPECIFIED. ) ;
#664 = CARTESIAN_POINT ( 'NONE',  ( -25.36492890995259941, 2.204364238465235428E-15, -18.00000000000000000 ) ) ;
#665 = ADVANCED_FACE ( 'NONE', ( #305 ), #833, .T. ) ;
#666 = EDGE_LOOP ( 'NONE', ( #747, #571, #1206, #317 ) ) ;
#667 = DIRECTION ( 'NONE',  ( 0.000000000000000000, 0.000000000000000000, 1.000000000000000000 ) ) ;
#668 = ORIENTED_EDGE ( 'NONE', *, *, #168, .F. ) ;
#669 = VECTOR ( 'NONE', #1185, 1000.000000000000000 ) ;
#670 = DIRECTION ( 'NONE',  ( 0.000000000000000000, -0.6118628199443577609, -0.7909638990306311346 ) ) ;
#671 = CARTESIAN_POINT ( 'NONE',  ( 18.21522977169452773, 16.50492977115963456, -7.182752042084390887 ) ) ;
#672 = DIRECTION ( 'NONE',  ( 1.000000000000000000, 0.000000000000000000, 0.000000000000000000 ) ) ;
#673 = ADVANCED_FACE ( 'NONE', ( #204, #736 ), #749, .F. ) ;
#674 = CIRCLE ( 'NONE', #67, 20.93992216826404018 ) ;
#675 = CYLINDRICAL_SURFACE ( 'NONE', #528, 1.800000000000000044 ) ;
#676 = ORIENTED_EDGE ( 'NONE', *, *, #1405, .T. ) ;
#677 = CARTESIAN_POINT ( 'NONE',  ( -25.36492890995259941, 3.673940397442059868E-16, -3.000000000000000000 ) ) ;
#678 = B_SPLINE_CURVE_WITH_KNOTS ( 'NONE', 3,
 ( #890, #1330, #538, #530, #982, #443, #334, #128, #765, #973, #435, #4, #769, #430 ),
 .UNSPECIFIED., .F., .F.,
 ( 4, 2, 2, 2, 2, 2, 4 ),
 ( 0.000000000000000000, 0.0007149711328197087996, 0.001429942265639415214, 0.002144913398459122062, 0.002502398964868976245, 0.002681141748073902903, 0.002859884531278829994 ),
 .UNSPECIFIED. ) ;
#679 = CARTESIAN_POINT ( 'NONE',  ( 20.00000000000000355, -13.11626850537918187, 1.038718307319377532 ) ) ;
#680 = CARTESIAN_POINT ( 'NONE',  ( 19.00000000000000355, 0.000000000000000000, 14.70195921988101517 ) ) ;
#681 = ORIENTED_EDGE ( 'NONE', *, *, #780, .F. ) ;
#682 = DIRECTION ( 'NONE',  ( -1.000000000000000000, -0.000000000000000000, -0.000000000000000000 ) ) ;
#683 = ORIENTED_EDGE ( 'NONE', *, *, #1249, .T. ) ;
#684 = CARTESIAN_POINT ( 'NONE',  ( -25.36492890995259941, 0.000000000000000000, 18.00000000000000000 ) ) ;
#685 = DIRECTION ( 'NONE',  ( 1.000000000000000000, -5.288966888175437057E-17, -0.000000000000000000 ) ) ;
#686 = EDGE_CURVE ( 'NONE', #250, #472, #1175, .T. ) ;
#687 = CARTESIAN_POINT ( 'NONE',  ( 15.82304342555522858, -1.164684212055090651, 17.96315671734523178 ) ) ;
#688 = CARTESIAN_POINT ( 'NONE',  ( 18.63411647102068969, -16.06130156294997136, 8.127858984148460308 ) ) ;
#689 = ORIENTED_EDGE ( 'NONE', *, *, #802, .T. ) ;
#690 = ORIENTED_EDGE ( 'NONE', *, *, #1294, .T. ) ;
#691 = CARTESIAN_POINT ( 'NONE',  ( 14.77397229784498123, -16.05706966879162323, 8.135049780902866345 ) ) ;
#692 = CIRCLE ( 'NONE', #993, 1.800000000000000044 ) ;
#693 = CARTESIAN_POINT ( 'NONE',  ( 11.40000000000000746, -7.616112318972632714E-16, 0.000000000000000000 ) ) ;
#694 = EDGE_CURVE ( 'NONE', #472, #1253, #754, .T. ) ;
#695 = MECHANICAL_CONTEXT ( 'NONE', #1281, 'mechanical' ) ;
#696 = CARTESIAN_POINT ( 'NONE',  ( 15.15196642274916528, -16.24454093728706638, -7.753437838808532767 ) ) ;
#697 = PERSON ( 'UNSPECIFIED', 'UNSPECIFIED', 'UNSPECIFIED', ('UNSPECIFIED'), ('UNSPECIFIED'), ('UNSPECIFIED') ) ;
#698 = VERTEX_POINT ( 'NONE', #621 ) ;
#699 =( LENGTH_UNIT ( ) NAMED_UNIT ( * ) SI_UNIT ( .MILLI., .METRE. ) );
#700 = VERTEX_POINT ( 'NONE', #78 ) ;
#701 = PLANE ( 'NONE',  #13 ) ;
#702 = CARTESIAN_POINT ( 'NONE',  ( 16.00000000000000711, -1.341640786499869176, 17.94993036198190950 ) ) ;
#703 = DESIGN_CONTEXT ( 'detailed design', #1162, 'design' ) ;
#704 = LINE ( 'NONE', #931, #976 ) ;
#705 = EDGE_CURVE ( 'NONE', #631, #107, #395, .T. ) ;
#706 = EDGE_LOOP ( 'NONE', ( #1396, #388, #322, #1024 ) ) ;
#707 = CARTESIAN_POINT ( 'NONE',  ( 20.00000000000000355, 0.000000000000000000, -6.237962948383029449 ) ) ;
#708 = ORIENTED_EDGE ( 'NONE', *, *, #1121, .T. ) ;
#709 = CYLINDRICAL_SURFACE ( 'NONE', #83, 10.47415595914992892 ) ;
#710 = CARTESIAN_POINT ( 'NONE',  ( 11.40000000000000746, -7.616112318972632714E-16, 2.799999999999999822 ) ) ;
#711 = COORDINATED_UNIVERSAL_TIME_OFFSET ( 3, 0, .BEHIND. ) ;
#712 = LINE ( 'NONE', #139, #1048 ) ;
#713 = ORIENTED_EDGE ( 'NONE', *, *, #821, .F. ) ;
#714 = EDGE_CURVE ( 'NONE', #1063, #981, #995, .T. ) ;
#715 =( NAMED_UNIT ( * ) PLANE_ANGLE_UNIT ( ) SI_UNIT ( $, .RADIAN. ) );
#716 = ORIENTED_EDGE ( 'NONE', *, *, #415, .F. ) ;
#717 = FACE_BOUND ( 'NONE', #335, .T. ) ;
#718 = DIRECTION ( 'NONE',  ( 0.000000000000000000, 0.000000000000000000, 1.000000000000000000 ) ) ;
#719 = UNCERTAINTY_MEASURE_WITH_UNIT (LENGTH_MEASURE( 1.000000000000000082E-05 ), #699, 'distance_accuracy_value', 'NONE');
#720 = AXIS2_PLACEMENT_3D ( 'NONE', #1057, #851, #1190 ) ;
#721 = CARTESIAN_POINT ( 'NONE',  ( 17.34164078649988028, 0.000000000000000000, -6.000000000000001776 ) ) ;
#722 = ORIENTED_EDGE ( 'NONE', *, *, #1399, .F. ) ;
#723 = CIRCLE ( 'NONE', #461, 2.799999999999999822 ) ;
#724 = VERTEX_POINT ( 'NONE', #546 ) ;
#725 = EDGE_CURVE ( 'NONE', #1366, #353, #325, .T. ) ;
#726 = CARTESIAN_POINT ( 'NONE',  ( 14.40000000000000568, -15.38483583214704353, 9.346128759541599607 ) ) ;
#727 = ADVANCED_FACE ( 'NONE', ( #999 ), #755, .F. ) ;
#728 = VECTOR ( 'NONE', #132, 1000.000000000000000 ) ;
#729 = CARTESIAN_POINT ( 'NONE',  ( 19.00000000000000711, 13.07499977695658977, 0.9992210784552282288 ) ) ;
#730 = AXIS2_PLACEMENT_3D ( 'NONE', #1044, #1123, #376 ) ;
#731 = CARTESIAN_POINT ( 'NONE',  ( 14.95176304973622905, -16.17156757848194104, -7.904889432822399087 ) ) ;
#732 = ORIENTED_EDGE ( 'NONE', *, *, #483, .T. ) ;
#733 = EDGE_LOOP ( 'NONE', ( #45, #956, #27, #363, #646 ) ) ;
#734 = DIRECTION ( 'NONE',  ( -0.000000000000000000, -0.000000000000000000, 1.000000000000000000 ) ) ;
#735 = VECTOR ( 'NONE', #1128, 1000.000000000000000 ) ;
#736 = FACE_OUTER_BOUND ( 'NONE', #806, .T. ) ;
#737 = EDGE_CURVE ( 'NONE', #356, #994, #553, .T. ) ;
#738 = CARTESIAN_POINT ( 'NONE',  ( 16.75278838801689574, -1.752191374145900093, 17.91453430813028547 ) ) ;
#739 = VECTOR ( 'NONE', #871, 1000.000000000000000 ) ;
#740 = ORIENTED_EDGE ( 'NONE', *, *, #127, .T. ) ;
#741 = CARTESIAN_POINT ( 'NONE',  ( 20.00000000000000355, 8.902465621869081858, 9.183440495799787939 ) ) ;
#742 = DIRECTION ( 'NONE',  ( 0.000000000000000000, 0.000000000000000000, 1.000000000000000000 ) ) ;
#743 = EDGE_CURVE ( 'NONE', #75, #1403, #97, .T. ) ;
#744 = CARTESIAN_POINT ( 'NONE',  ( 17.77815811029688930, -1.713297370887968851, 17.91841518538470979 ) ) ;
#745 = AXIS2_PLACEMENT_3D ( 'NONE', #9, #234, #16 ) ;
#746 = CC_DESIGN_APPROVAL ( #263, ( #605 ) ) ;
#747 = ORIENTED_EDGE ( 'NONE', *, *, #1182, .F. ) ;
#748 = DIRECTION ( 'NONE',  ( 1.000000000000000000, -1.057793377635087411E-16, 0.000000000000000000 ) ) ;
#749 = PLANE ( 'NONE',  #758 ) ;
#750 = CLOSED_SHELL ( 'NONE', ( #300, #211, #980, #1361, #969, #120, #1351, #1229, #1019, #231, #2, #665, #80, #673, #25, #178, #1148, #160, #1219, #403, #567, #887, #32, #1319, #772, #977, #829, #329, #727, #44, #1140, #191, #495, #1266, #96 ) ) ;
#751 = DIRECTION ( 'NONE',  ( 0.000000000000000000, -0.7909638990306311346, 0.6118628199443577609 ) ) ;
#752 = VERTEX_POINT ( 'NONE', #766 ) ;
#753 = CARTESIAN_POINT ( 'NONE',  ( 18.00000000000000711, -16.27475454716975634, -7.689757111208213480 ) ) ;
#754 = B_SPLINE_CURVE_WITH_KNOTS ( 'NONE', 3,
 ( #508, #827, #196, #964, #181, #613, #294, #1058, #1051, #502, #1169, #190 ),
 .UNSPECIFIED., .F., .F.,
 ( 4, 2, 2, 2, 2, 4 ),
 ( 0.000000000000000000, 0.0003261997340772807854, 0.0006523994681545615707, 0.001304798936309115335, 0.001957198404463668991, 0.002609597872618222431 ),
 .UNSPECIFIED. ) ;
#755 = CYLINDRICAL_SURFACE ( 'NONE', #1060, 2.000000000000000000 ) ;
#756 = DIRECTION ( 'NONE',  ( 0.000000000000000000, 0.000000000000000000, 1.000000000000000000 ) ) ;
#757 = EDGE_LOOP ( 'NONE', ( #1350, #917, #1189, #228 ) ) ;
#758 = AXIS2_PLACEMENT_3D ( 'NONE', #1074, #1271, #91 ) ;
#759 = EDGE_CURVE ( 'NONE', #910, #1022, #885, .T. ) ;
#760 = DIRECTION ( 'NONE',  ( -1.000000000000000000, -0.000000000000000000, -0.000000000000000000 ) ) ;
#761 = CARTESIAN_POINT ( 'NONE',  ( 18.98230684954465630, -15.49037187979814512, -9.170033408091100569 ) ) ;
#762 = CARTESIAN_POINT ( 'NONE',  ( 18.50122883261869333, -1.255489470026471377, 17.95651080085693252 ) ) ;
#763 = AXIS2_PLACEMENT_3D ( 'NONE', #122, #346, #115 ) ;
#764 = ORIENTED_EDGE ( 'NONE', *, *, #1188, .F. ) ;
#765 = CARTESIAN_POINT ( 'NONE',  ( 14.99511724888647635, -6.144878769559877441, 16.91886055626427776 ) ) ;
#766 = CARTESIAN_POINT ( 'NONE',  ( 16.00000000000000711, 1.341640786499868954, 17.00000000000000355 ) ) ;
#767 = DIRECTION ( 'NONE',  ( 1.000000000000000000, 0.000000000000000000, 0.000000000000000000 ) ) ;
#768 = EDGE_LOOP ( 'NONE', ( #163, #907, #608, #1177 ) ) ;
#769 = CARTESIAN_POINT ( 'NONE',  ( 15.33859341940227417, -5.916079783099597478, 17.00000000000000355 ) ) ;
#770 = ORIENTED_EDGE ( 'NONE', *, *, #72, .T. ) ;
#771 = DIRECTION ( 'NONE',  ( -1.000000000000000000, -0.000000000000000000, -0.000000000000000000 ) ) ;
#772 = ADVANCED_FACE ( 'NONE', ( #438 ), #1418, .F. ) ;
#773 = DIRECTION ( 'NONE',  ( -0.000000000000000000, -0.000000000000000000, 1.000000000000000000 ) ) ;
#774 = LINE ( 'NONE', #664, #1021 ) ;
#775 = ORIENTED_EDGE ( 'NONE', *, *, #636, .T. ) ;
#776 = FACE_OUTER_BOUND ( 'NONE', #340, .T. ) ;
#777 = ORIENTED_EDGE ( 'NONE', *, *, #127, .F. ) ;
#778 = LINE ( 'NONE', #229, #540 ) ;
#779 = CARTESIAN_POINT ( 'NONE',  ( 0.000000000000000000, 0.000000000000000000, 17.00000000000000355 ) ) ;
#780 = EDGE_CURVE ( 'NONE', #823, #303, #865, .T. ) ;
#781 = DIRECTION ( 'NONE',  ( 1.000000000000000000, -5.288966888175437057E-17, -0.000000000000000000 ) ) ;
#782 = AXIS2_PLACEMENT_3D ( 'NONE', #1065, #748, #413 ) ;
#783 = DIRECTION ( 'NONE',  ( 0.000000000000000000, -0.000000000000000000, 1.000000000000000000 ) ) ;
#784 = ORIENTED_EDGE ( 'NONE', *, *, #862, .T. ) ;
#785 = AXIS2_PLACEMENT_3D ( 'NONE', #638, #1291, #310 ) ;
#786 = DIRECTION ( 'NONE',  ( 1.057793377635087411E-16, 1.000000000000000000, 0.000000000000000000 ) ) ;
#787 = CARTESIAN_POINT ( 'NONE',  ( 14.66723475725458492, 6.746067596512772546, 16.68964745841096686 ) ) ;
#788 = CARTESIAN_POINT ( 'NONE',  ( 20.00000000000000355, -10.70758713074692459, 7.421162025597150880 ) ) ;
#789 = AXIS2_PLACEMENT_3D ( 'NONE', #503, #923, #947 ) ;
#790 = VERTEX_POINT ( 'NONE', #648 ) ;
#791 = EDGE_CURVE ( 'NONE', #260, #961, #778, .T. ) ;
#792 = VECTOR ( 'NONE', #1337, 1000.000000000000000 ) ;
#793 = DIRECTION ( 'NONE',  ( 0.000000000000000000, 0.000000000000000000, -1.000000000000000000 ) ) ;
#794 = ORIENTED_EDGE ( 'NONE', *, *, #1327, .F. ) ;
#795 = LINE ( 'NONE', #1332, #1059 ) ;
#796 = CARTESIAN_POINT ( 'NONE',  ( 14.95172589564371712, -16.17158256999010746, 7.904864411258119006 ) ) ;
#797 = CARTESIAN_POINT ( 'NONE',  ( 15.44427419039885407, -0.2474583350087759259, 18.00000000000000355 ) ) ;
#798 = DIRECTION ( 'NONE',  ( 1.000000000000000000, -0.000000000000000000, -0.000000000000000000 ) ) ;
#799 = VERTEX_POINT ( 'NONE', #1216 ) ;
#800 = CARTESIAN_POINT ( 'NONE',  ( 18.24076705318748992, 1.478660917588300316, 17.93951466749041757 ) ) ;
#801 = VERTEX_POINT ( 'NONE', #236 ) ;
#802 = EDGE_CURVE ( 'NONE', #303, #114, #420, .T. ) ;
#803 = CARTESIAN_POINT ( 'NONE',  ( 14.82712222639538702, -16.09759185287611416, 8.054470852675512660 ) ) ;
#804 = DIRECTION ( 'NONE',  ( 1.000000000000000000, -1.057793377635087411E-16, 0.000000000000000000 ) ) ;
#805 = CARTESIAN_POINT ( 'NONE',  ( 19.00000000000000711, -15.27475454716975634, 9.522703057625856005 ) ) ;
#806 = EDGE_LOOP ( 'NONE', ( #425, #722 ) ) ;
#807 = CARTESIAN_POINT ( 'NONE',  ( 19.00000000000002842, -1.321832085619112281E-15, 18.00000000000000000 ) ) ;
#808 = EDGE_LOOP ( 'NONE', ( #1246, #1107, #404, #235 ) ) ;
#809 = DIRECTION ( 'NONE',  ( 0.000000000000000000, -1.000000000000000000, 0.000000000000000000 ) ) ;
#810 = VECTOR ( 'NONE', #304, 1000.000000000000114 ) ;
#811 = CARTESIAN_POINT ( 'NONE',  ( 19.00000000000000711, -15.27475454716975634, 7.689757111208214369 ) ) ;
#812 = LOCAL_TIME ( 9, 4, 23.00000000000000000, #603 ) ;
#813 = LINE ( 'NONE', #198, #1320 ) ;
#814 = ORIENTED_EDGE ( 'NONE', *, *, #272, .F. ) ;
#815 = CARTESIAN_POINT ( 'NONE',  ( 15.45668456643703514, 0.2496489766765498386, 17.99867987203926489 ) ) ;
#816 = VECTOR ( 'NONE', #410, 1000.000000000000000 ) ;
#817 = ORIENTED_EDGE ( 'NONE', *, *, #72, .F. ) ;
#818 = CARTESIAN_POINT ( 'NONE',  ( 0.000000000000000000, 0.000000000000000000, 0.000000000000000000 ) ) ;
#819 = CARTESIAN_POINT ( 'NONE',  ( 16.00000000000000711, 1.341640786499868954, -6.000000000000001776 ) ) ;
#820 = APPROVAL_ROLE ( '' ) ;
#821 = EDGE_CURVE ( 'NONE', #1164, #658, #526, .T. ) ;
#822 = DIRECTION ( 'NONE',  ( -1.000000000000000000, -0.000000000000000000, -0.000000000000000000 ) ) ;
#823 = VERTEX_POINT ( 'NONE', #644 ) ;
#824 = CARTESIAN_POINT ( 'NONE',  ( 18.97547133925467833, 0.3434984268502641602, 17.99749664651450587 ) ) ;
#825 = ORIENTED_EDGE ( 'NONE', *, *, #743, .T. ) ;
#826 = DIRECTION ( 'NONE',  ( -1.000000000000000000, -0.000000000000000000, -0.000000000000000000 ) ) ;
#827 = CARTESIAN_POINT ( 'NONE',  ( 18.11057028512544065, 16.52415519558426382, 7.138087634110821256 ) ) ;
#828 = DIRECTION ( 'NONE',  ( 0.000000000000000000, 0.000000000000000000, -1.000000000000000000 ) ) ;
#829 = ADVANCED_FACE ( 'NONE', ( #330 ), #1306, .F. ) ;
#830 = ORIENTED_EDGE ( 'NONE', *, *, #1061, .F. ) ;
#831 = EDGE_LOOP ( 'NONE', ( #1120, #986 ) ) ;
#832 = CARTESIAN_POINT ( 'NONE',  ( 14.40000000000000568, 15.63416132963305039, 8.923017324727720023 ) ) ;
#833 = CYLINDRICAL_SURFACE ( 'NONE', #596, 3.000000000000000000 ) ;
#834 = AXIS2_PLACEMENT_3D ( 'NONE', #901, #1009, #786 ) ;
#835 = APPROVAL_STATUS ( 'not_yet_approved' ) ;
#836 = CARTESIAN_POINT ( 'NONE',  ( 14.67688531982154920, -15.97510372425739433, -8.296633765722880582 ) ) ;
#837 = ORIENTED_EDGE ( 'NONE', *, *, #1405, .F. ) ;
#838 = VECTOR ( 'NONE', #911, 1000.000000000000000 ) ;
#839 = ORIENTED_EDGE ( 'NONE', *, *, #272, .T. ) ;
#840 = EDGE_CURVE ( 'NONE', #250, #637, #1202, .T. ) ;
#841 = CARTESIAN_POINT ( 'NONE',  ( 14.67172299427786442, 16.21895100610075247, 7.809478615960368408 ) ) ;
#842 = AXIS2_PLACEMENT_3D ( 'NONE', #57, #296, #844 ) ;
#843 = CARTESIAN_POINT ( 'NONE',  ( 15.40000000000000746, 16.52415519558425672, -7.138087634110821256 ) ) ;
#844 = DIRECTION ( 'NONE',  ( 0.000000000000000000, 0.000000000000000000, -1.000000000000000000 ) ) ;
#845 = EDGE_LOOP ( 'NONE', ( #226, #60, #1232, #283 ) ) ;
#846 = CARTESIAN_POINT ( 'NONE',  ( 0.000000000000000000, 0.000000000000000000, 0.000000000000000000 ) ) ;
#847 = EDGE_CURVE ( 'NONE', #1014, #1290, #467, .T. ) ;
#848 = CARTESIAN_POINT ( 'NONE',  ( 20.00000000000000355, 14.61628571980666358, 2.273755362957907256 ) ) ;
#849 = DIRECTION ( 'NONE',  ( -1.000000000000000000, -0.000000000000000000, -0.000000000000000000 ) ) ;
#850 = ORIENTED_EDGE ( 'NONE', *, *, #1388, .F. ) ;
#851 = DIRECTION ( 'NONE',  ( 0.000000000000000000, 0.000000000000000000, -1.000000000000000000 ) ) ;
#852 = CARTESIAN_POINT ( 'NONE',  ( 9.999999999999998224, 0.000000000000000000, 0.000000000000000000 ) ) ;
#853 = CARTESIAN_POINT ( 'NONE',  ( 18.87730424733079815, -0.6754498417085338380, 17.98807915896216514 ) ) ;
#854 = VECTOR ( 'NONE', #1195, 1000.000000000000000 ) ;
#855 = CC_DESIGN_SECURITY_CLASSIFICATION ( #1393, ( #605 ) ) ;
#856 = ORIENTED_EDGE ( 'NONE', *, *, #253, .F. ) ;
#857 = FACE_OUTER_BOUND ( 'NONE', #624, .T. ) ;
#858 = DIRECTION ( 'NONE',  ( -0.000000000000000000, -0.000000000000000000, 1.000000000000000000 ) ) ;
#859 = VECTOR ( 'NONE', #657, 1000.000000000000000 ) ;
#860 = DIRECTION ( 'NONE',  ( -1.000000000000000000, -0.000000000000000000, -0.000000000000000000 ) ) ;
#861 = AXIS2_PLACEMENT_3D ( 'NONE', #458, #902, #360 ) ;
#862 = EDGE_CURVE ( 'NONE', #1164, #1063, #795, .T. ) ;
#863 = ORIENTED_EDGE ( 'NONE', *, *, #955, .T. ) ;
#864 = DIRECTION ( 'NONE',  ( 1.000000000000000000, -1.057793377635087411E-16, 0.000000000000000000 ) ) ;
#865 = LINE ( 'NONE', #343, #1302 ) ;
#866 = B_SPLINE_CURVE_WITH_KNOTS ( 'NONE', 3,
 ( #1245, #1023, #1368, #134, #490, #909, #1143, #815, #1231, #1252 ),
 .UNSPECIFIED., .F., .F.,
 ( 4, 2, 2, 2, 4 ),
 ( 2.168404344971008868E-19, 0.0003709399274065163627, 0.0007418798548130321833, 0.001112819782219547733, 0.001483759709626063716 ),
 .UNSPECIFIED. ) ;
#867 = PLANE ( 'NONE',  #906 ) ;
#868 = EDGE_CURVE ( 'NONE', #1038, #1213, #1005, .T. ) ;
#869 = ORIENTED_EDGE ( 'NONE', *, *, #1168, .F. ) ;
#870 = DIRECTION ( 'NONE',  ( -1.000000000000000000, -0.000000000000000000, -0.000000000000000000 ) ) ;
#871 = DIRECTION ( 'NONE',  ( 1.000000000000000000, -0.000000000000000000, -0.000000000000000000 ) ) ;
#872 = PLANE ( 'NONE',  #1297 ) ;
#873 = AXIS2_PLACEMENT_3D ( 'NONE', #1119, #864, #243 ) ;
#874 = EDGE_LOOP ( 'NONE', ( #199, #455, #506, #681 ) ) ;
#875 = CARTESIAN_POINT ( 'NONE',  ( 0.000000000000000000, 0.000000000000000000, 0.000000000000000000 ) ) ;
#876 = EDGE_LOOP ( 'NONE', ( #523, #545, #1278, #1323 ) ) ;
#877 = EDGE_CURVE ( 'NONE', #698, #618, #1034, .T. ) ;
#878 = CARTESIAN_POINT ( 'NONE',  ( 20.00000000000000355, -7.616112318972632714E-16, 0.000000000000000000 ) ) ;
#879 = LINE ( 'NONE', #331, #859 ) ;
#880 = VECTOR ( 'NONE', #849, 1000.000000000000000 ) ;
#881 = CARTESIAN_POINT ( 'NONE',  ( 17.20000000000000639, 0.000000000000000000, 17.00000000000000355 ) ) ;
#882 = ORIENTED_EDGE ( 'NONE', *, *, #1077, .F. ) ;
#883 = CARTESIAN_POINT ( 'NONE',  ( 14.40000000000000568, -4.187101281360043438E-16, -2.799999999999999822 ) ) ;
#884 = VERTEX_POINT ( 'NONE', #357 ) ;
#885 = LINE ( 'NONE', #19, #886 ) ;
#886 = VECTOR ( 'NONE', #771, 1000.000000000000000 ) ;
#887 = ADVANCED_FACE ( 'NONE', ( #566, #348 ), #574, .F. ) ;
#888 = DIRECTION ( 'NONE',  ( -1.000000000000000000, -0.000000000000000000, -0.000000000000000000 ) ) ;
#889 = CARTESIAN_POINT ( 'NONE',  ( 18.72311468017845471, -15.97510372425740144, 8.296633765722882359 ) ) ;
#890 = CARTESIAN_POINT ( 'NONE',  ( 14.40000000000000568, -8.246211251235314066, 16.00000000000000355 ) ) ;
#891 = EDGE_LOOP ( 'NONE', ( #436, #417 ) ) ;
#892 = CARTESIAN_POINT ( 'NONE',  ( 14.40000000000000568, 0.000000000000000000, 0.000000000000000000 ) ) ;
#893 = DIRECTION ( 'NONE',  ( 0.000000000000000000, 0.000000000000000000, 1.000000000000000000 ) ) ;
#894 = EDGE_CURVE ( 'NONE', #463, #1099, #1223, .T. ) ;
#895 = CARTESIAN_POINT ( 'NONE',  ( 18.24803357725084751, -16.24454093728706638, 7.753437838808533655 ) ) ;
#896 = ORIENTED_EDGE ( 'NONE', *, *, #894, .T. ) ;
#897 = CIRCLE ( 'NONE', #149, 1.800000000000000044 ) ;
#898 = DIRECTION ( 'NONE',  ( 0.000000000000000000, 0.000000000000000000, -1.000000000000000000 ) ) ;
#899 = ORIENTED_EDGE ( 'NONE', *, *, #985, .F. ) ;
#900 = ORGANIZATION ( 'UNSPECIFIED', 'UNSPECIFIED', '' ) ;
#901 = CARTESIAN_POINT ( 'NONE',  ( 19.00000000000000711, -2.009807417506666550E-15, 17.00000000000000355 ) ) ;
#902 = DIRECTION ( 'NONE',  ( 0.000000000000000000, 0.000000000000000000, 1.000000000000000000 ) ) ;
#903 = CIRCLE ( 'NONE', #1089, 1.800000000000000044 ) ;
#904 = LINE ( 'NONE', #1329, #728 ) ;
#905 = EDGE_CURVE ( 'NONE', #1369, #954, #1015, .T. ) ;
#906 = AXIS2_PLACEMENT_3D ( 'NONE', #105, #534, #432 ) ;
#907 = ORIENTED_EDGE ( 'NONE', *, *, #996, .F. ) ;
#908 = AXIS2_PLACEMENT_3D ( 'NONE', #119, #798, #1227 ) ;
#909 = CARTESIAN_POINT ( 'NONE',  ( 15.54111120520783373, 0.6111920531280558011, 17.98998788073034305 ) ) ;
#910 = VERTEX_POINT ( 'NONE', #456 ) ;
#911 = DIRECTION ( 'NONE',  ( -0.000000000000000000, -0.000000000000000000, 1.000000000000000000 ) ) ;
#912 = CYLINDRICAL_SURFACE ( 'NONE', #1391, 3.000000000000000000 ) ;
#913 = LINE ( 'NONE', #819, #1117 ) ;
#914 = LINE ( 'NONE', #1011, #792 ) ;
#915 = ORIENTED_EDGE ( 'NONE', *, *, #253, .T. ) ;
#916 = CARTESIAN_POINT ( 'NONE',  ( 19.00000000000000711, 0.1729130138210963341, 17.99999999999999645 ) ) ;
#917 = ORIENTED_EDGE ( 'NONE', *, *, #54, .F. ) ;
#918 = EDGE_CURVE ( 'NONE', #698, #107, #1122, .T. ) ;
#919 = CARTESIAN_POINT ( 'NONE',  ( 19.00000000000000355, 14.45568124552832678, -0.4477477126189222667 ) ) ;
#920 = DIRECTION ( 'NONE',  ( -0.000000000000000000, -0.000000000000000000, 1.000000000000000000 ) ) ;
#921 = VECTOR ( 'NONE', #208, 1000.000000000000000 ) ;
#922 = PERSON_AND_ORGANIZATION_ROLE ( 'classification_officer' ) ;
#923 = DIRECTION ( 'NONE',  ( -1.000000000000000000, 5.288966888175437057E-17, 0.000000000000000000 ) ) ;
#924 = VERTEX_POINT ( 'NONE', #1354 ) ;
#925 = PRODUCT_DEFINITION_SHAPE ( 'NONE', 'NONE',  #1339 ) ;
#926 = CARTESIAN_POINT ( 'NONE',  ( 15.40000000000000746, 5.916079783099601030, 17.00000000000000355 ) ) ;
#927 = ORIENTED_EDGE ( 'NONE', *, *, #1077, .T. ) ;
#928 = DIRECTION ( 'NONE',  ( -1.000000000000000000, 0.000000000000000000, 0.000000000000000000 ) ) ;
#929 = EDGE_CURVE ( 'NONE', #910, #1369, #532, .T. ) ;
#930 = DIRECTION ( 'NONE',  ( 0.000000000000000000, 0.000000000000000000, 1.000000000000000000 ) ) ;
#931 = CARTESIAN_POINT ( 'NONE',  ( 19.00000000000000355, 7.505574428554356636, 7.396187833228754727 ) ) ;
#932 = ORIENTED_EDGE ( 'NONE', *, *, #1085, .T. ) ;
#933 = CARTESIAN_POINT ( 'NONE',  ( 20.00000000000000000, 0.000000000000000000, 0.000000000000000000 ) ) ;
#934 = CIRCLE ( 'NONE', #517, 1.897366596101023761 ) ;
#935 = ORIENTED_EDGE ( 'NONE', *, *, #1182, .T. ) ;
#936 = AXIS2_PLACEMENT_3D ( 'NONE', #1146, #1248, #568 ) ;
#937 = DIRECTION ( 'NONE',  ( 1.000000000000000000, -1.057793377635087411E-16, 0.000000000000000000 ) ) ;
#938 = PLANE ( 'NONE',  #183 ) ;
#939 = EDGE_CURVE ( 'NONE', #82, #823, #1343, .T. ) ;
#940 = PERSON_AND_ORGANIZATION_ROLE ( 'design_supplier' ) ;
#941 = CARTESIAN_POINT ( 'NONE',  ( 19.00000000000000355, 0.000000000000000000, 14.70195921988101517 ) ) ;
#942 = ORIENTED_EDGE ( 'NONE', *, *, #280, .T. ) ;
#943 = ORIENTED_EDGE ( 'NONE', *, *, #241, .T. ) ;
#944 = CARTESIAN_POINT ( 'NONE',  ( 15.40000000000000746, 15.52415519558425494, 17.00000000000000355 ) ) ;
#945 = CARTESIAN_POINT ( 'NONE',  ( 14.40000000000000568, 8.246211251235314066, 16.00000000000000355 ) ) ;
#946 = DATE_AND_TIME ( #1357, #151 ) ;
#947 = DIRECTION ( 'NONE',  ( -9.637352644315595243E-17, -1.000000000000000000, 0.000000000000000000 ) ) ;
#948 = EDGE_CURVE ( 'NONE', #1315, #408, #723, .T. ) ;
#949 = ORIENTED_EDGE ( 'NONE', *, *, #1094, .T. ) ;
#950 = VERTEX_POINT ( 'NONE', #70 ) ;
#951 = DIRECTION ( 'NONE',  ( 1.000000000000000000, 0.000000000000000000, 0.000000000000000000 ) ) ;
#952 = DIRECTION ( 'NONE',  ( -1.000000000000000000, -0.000000000000000000, -0.000000000000000000 ) ) ;
#953 = CARTESIAN_POINT ( 'NONE',  ( 14.40000000000000568, -15.27475454716975634, -9.522703057625856005 ) ) ;
#954 = VERTEX_POINT ( 'NONE', #610 ) ;
#955 = EDGE_CURVE ( 'NONE', #597, #206, #903, .T. ) ;
#956 = ORIENTED_EDGE ( 'NONE', *, *, #519, .T. ) ;
#957 = CARTESIAN_POINT ( 'NONE',  ( 15.18477022830549217, 16.50492977115963100, 7.182752042084395327 ) ) ;
#958 = CIRCLE ( 'NONE', #789, 18.00000000000000000 ) ;
#959 = DIRECTION ( 'NONE',  ( -9.637352644315595243E-17, -1.000000000000000000, 0.000000000000000000 ) ) ;
#960 = CARTESIAN_POINT ( 'NONE',  ( 16.27570662742839147, -1.554170028764060518, 17.93293122435318665 ) ) ;
#961 = VERTEX_POINT ( 'NONE', #1130 ) ;
#962 = DIRECTION ( 'NONE',  ( 0.000000000000000000, 0.000000000000000000, 1.000000000000000000 ) ) ;
#963 = EDGE_CURVE ( 'NONE', #1194, #950, #255, .T. ) ;
#964 = CARTESIAN_POINT ( 'NONE',  ( 18.38657215308761295, 16.45085507788329338, 7.305746649238637147 ) ) ;
#965 = CARTESIAN_POINT ( 'NONE',  ( -25.36492890995259941, 0.000000000000000000, 0.000000000000000000 ) ) ;
#966 = VERTEX_POINT ( 'NONE', #374 ) ;
#967 = DIRECTION ( 'NONE',  ( 0.000000000000000000, 0.000000000000000000, 1.000000000000000000 ) ) ;
#968 = CARTESIAN_POINT ( 'NONE',  ( 18.00000000000000711, -16.27475454716975634, -7.689757111208213480 ) ) ;
#969 = ADVANCED_FACE ( 'NONE', ( #170 ), #912, .T. ) ;
#970 = DIRECTION ( 'NONE',  ( -0.000000000000000000, -0.000000000000000000, 1.000000000000000000 ) ) ;
#971 = VECTOR ( 'NONE', #1033, 1000.000000000000000 ) ;
#972 = ORIENTED_EDGE ( 'NONE', *, *, #894, .F. ) ;
#973 = CARTESIAN_POINT ( 'NONE',  ( 15.12412986072564713, -6.023570614342113494, 16.96226522189071417 ) ) ;
#974 = DIRECTION ( 'NONE',  ( 0.000000000000000000, 0.000000000000000000, 1.000000000000000000 ) ) ;
#975 = AXIS2_PLACEMENT_3D ( 'NONE', #729, #1066, #1385 ) ;
#976 = VECTOR ( 'NONE', #623, 1000.000000000000000 ) ;
#977 = ADVANCED_FACE ( 'NONE', ( #1025, #584 ), #701, .T. ) ;
#978 = CARTESIAN_POINT ( 'NONE',  ( 19.00000000000000355, -0.1727753799848581462, 18.00000000000000355 ) ) ;
#979 = CIRCLE ( 'NONE', #424, 10.47415595914992714 ) ;
#980 = ADVANCED_FACE ( 'NONE', ( #276 ), #709, .T. ) ;
#981 = VERTEX_POINT ( 'NONE', #1240 ) ;
#982 = CARTESIAN_POINT ( 'NONE',  ( 14.53245962449161688, -7.175194632442119413, 16.50968697052945799 ) ) ;
#983 = DIRECTION ( 'NONE',  ( 0.000000000000000000, 0.000000000000000000, -1.000000000000000000 ) ) ;
#984 = CARTESIAN_POINT ( 'NONE',  ( 14.40000000000000568, -8.246211251235314066, 16.00000000000000355 ) ) ;
#985 = EDGE_CURVE ( 'NONE', #801, #1063, #601, .T. ) ;
#986 = ORIENTED_EDGE ( 'NONE', *, *, #579, .T. ) ;
#987 = VECTOR ( 'NONE', #24, 1000.000000000000000 ) ;
#988 = DIRECTION ( 'NONE',  ( 1.000000000000000000, 0.000000000000000000, 0.000000000000000000 ) ) ;
#989 = EDGE_LOOP ( 'NONE', ( #1104, #1171, #1331, #193 ) ) ;
#990 = CARTESIAN_POINT ( 'NONE',  ( 19.00000000000000355, 13.07499977695658977, 0.9992210784552282288 ) ) ;
#991 = CARTESIAN_POINT ( 'NONE',  ( 19.00000000000000711, 15.52415519558425494, -9.110466808205512024 ) ) ;
#992 = DIRECTION ( 'NONE',  ( 1.000000000000000000, 0.000000000000000000, -0.000000000000000000 ) ) ;
#993 = AXIS2_PLACEMENT_3D ( 'NONE', #524, #1174, #967 ) ;
#994 = VERTEX_POINT ( 'NONE', #1247 ) ;
#995 = B_SPLINE_CURVE_WITH_KNOTS ( 'NONE', 3,
 ( #968, #1209, #655, #117, #218, #531, #1300, #102, #319, #336, #1312, #761, #111, #1411 ),
 .UNSPECIFIED., .F., .F.,
 ( 4, 2, 2, 2, 2, 2, 4 ),
 ( 0.000000000000000000, 0.0003122016102184464801, 0.0006244032204368929603, 0.0009366048306553394947, 0.001248806440873785921, 0.001873209661310675737, 0.002497612881747565336 ),
 .UNSPECIFIED. ) ;
#996 = EDGE_CURVE ( 'NONE', #1127, #790, #62, .T. ) ;
#997 = DIRECTION ( 'NONE',  ( -1.000000000000000000, -0.000000000000000000, -0.000000000000000000 ) ) ;
#998 = ORIENTED_EDGE ( 'NONE', *, *, #241, .F. ) ;
#999 = FACE_OUTER_BOUND ( 'NONE', #768, .T. ) ;
#1000 = CARTESIAN_POINT ( 'NONE',  ( 18.11096208382944539, 16.52415519558425316, -7.138087634110823920 ) ) ;
#1001 = AXIS2_PLACEMENT_3D ( 'NONE', #547, #225, #439 ) ;
#1002 = CARTESIAN_POINT ( 'NONE',  ( 15.12357760943078766, 6.024038947515403031, 16.96209861302411070 ) ) ;
#1003 = LINE ( 'NONE', #544, #854 ) ;
#1004 = ORIENTED_EDGE ( 'NONE', *, *, #1204, .F. ) ;
#1005 = LINE ( 'NONE', #1344, #987 ) ;
#1006 = CARTESIAN_POINT ( 'NONE',  ( 15.27860900883942818, 5.933104653845848730, 16.99408991724498819 ) ) ;
#1007 = ORIENTED_EDGE ( 'NONE', *, *, #8, .F. ) ;
#1008 = ORIENTED_EDGE ( 'NONE', *, *, #137, .T. ) ;
#1009 = DIRECTION ( 'NONE',  ( 1.000000000000000000, -1.057793377635087411E-16, 0.000000000000000000 ) ) ;
#1010 = FACE_OUTER_BOUND ( 'NONE', #1064, .T. ) ;
#1011 = CARTESIAN_POINT ( 'NONE',  ( 20.00000000000000355, -4.187101281360043438E-16, -2.799999999999999822 ) ) ;
#1012 = ORIENTED_EDGE ( 'NONE', *, *, #384, .F. ) ;
#1013 = CARTESIAN_POINT ( 'NONE',  ( 9.999999999999998224, 3.673940397442059868E-16, -3.000000000000000000 ) ) ;
#1014 = VERTEX_POINT ( 'NONE', #1345 ) ;
#1015 = LINE ( 'NONE', #677, #292 ) ;
#1016 = CYLINDRICAL_SURFACE ( 'NONE', #510, 18.00000000000000000 ) ;
#1017 = DIRECTION ( 'NONE',  ( 0.000000000000000000, 0.000000000000000000, 1.000000000000000000 ) ) ;
#1018 = SHAPE_DEFINITION_REPRESENTATION ( #925, #1284 ) ;
#1019 = ADVANCED_FACE ( 'NONE', ( #1234, #717 ), #1016, .T. ) ;
#1020 = CARTESIAN_POINT ( 'NONE',  ( 9.999999999999998224, 2.204364238465235428E-15, -18.00000000000000000 ) ) ;
#1021 = VECTOR ( 'NONE', #1103, 1000.000000000000000 ) ;
#1022 = VERTEX_POINT ( 'NONE', #1159 ) ;
#1023 = CARTESIAN_POINT ( 'NONE',  ( 15.91143788877545262, 1.253078675275312248, 17.95654980496365027 ) ) ;
#1024 = ORIENTED_EDGE ( 'NONE', *, *, #759, .F. ) ;
#1025 = FACE_OUTER_BOUND ( 'NONE', #37, .T. ) ;
#1026 = DIRECTION ( 'NONE',  ( 0.000000000000000000, 0.000000000000000000, 1.000000000000000000 ) ) ;
#1027 = CALENDAR_DATE ( 2026, 30, 7 ) ;
#1028 = CARTESIAN_POINT ( 'NONE',  ( 14.53608129440899432, -15.79150233929553870, -8.640979383804776148 ) ) ;
#1029 = EDGE_LOOP ( 'NONE', ( #1342, #511 ) ) ;
#1030 = EDGE_CURVE ( 'NONE', #408, #491, #179, .T. ) ;
#1031 = DIRECTION ( 'NONE',  ( 1.000000000000000000, -0.000000000000000000, -0.000000000000000000 ) ) ;
#1032 = ORIENTED_EDGE ( 'NONE', *, *, #1249, .F. ) ;
#1033 = DIRECTION ( 'NONE',  ( -1.000000000000000000, 0.000000000000000000, 0.000000000000000000 ) ) ;
#1034 = CIRCLE ( 'NONE', #1105, 18.00000000000000000 ) ;
#1035 = CARTESIAN_POINT ( 'NONE',  ( 14.53275807627077576, 7.173725306964664483, 16.51034298623071450 ) ) ;
#1036 = APPROVAL_ROLE ( '' ) ;
#1037 = LINE ( 'NONE', #488, #557 ) ;
#1038 = VERTEX_POINT ( 'NONE', #1050 ) ;
#1039 = ORIENTED_EDGE ( 'NONE', *, *, #459, .T. ) ;
#1040 = EDGE_CURVE ( 'NONE', #658, #356, #1228, .T. ) ;
#1041 = VECTOR ( 'NONE', #144, 1000.000000000000000 ) ;
#1042 = DIRECTION ( 'NONE',  ( -1.000000000000000000, 0.000000000000000000, 0.000000000000000000 ) ) ;
#1043 = CIRCLE ( 'NONE', #287, 18.00000000000000000 ) ;
#1044 = CARTESIAN_POINT ( 'NONE',  ( 9.999999999999998224, 0.000000000000000000, 0.000000000000000000 ) ) ;
#1045 = DATE_TIME_ROLE ( 'classification_date' ) ;
#1046 = CARTESIAN_POINT ( 'NONE',  ( 14.76588352897932133, -16.06130156294996780, -8.127858984148458532 ) ) ;
#1047 = ORIENTED_EDGE ( 'NONE', *, *, #1083, .T. ) ;
#1048 = VECTOR ( 'NONE', #150, 1000.000000000000000 ) ;
#1049 = EDGE_LOOP ( 'NONE', ( #676, #1039, #652, #1390, #308, #1047, #1267, #564, #732, #1125 ) ) ;
#1050 = CARTESIAN_POINT ( 'NONE',  ( 19.00000000000000711, 5.916079783099601030, 17.00000000000000355 ) ) ;
#1051 = CARTESIAN_POINT ( 'NONE',  ( 18.91532973559692365, 15.94060298857574054, 8.363139282839494371 ) ) ;
#1052 = CC_DESIGN_PERSON_AND_ORGANIZATION_ASSIGNMENT ( #1161, #922, ( #1393 ) ) ;
#1053 = APPROVAL_ROLE ( '' ) ;
#1054 = CARTESIAN_POINT ( 'NONE',  ( 19.00000000000000355, 8.938735144859656145, 6.001178743208447131 ) ) ;
#1055 = ORIENTED_EDGE ( 'NONE', *, *, #197, .F. ) ;
#1056 = ORIENTED_EDGE ( 'NONE', *, *, #791, .F. ) ;
#1057 = CARTESIAN_POINT ( 'NONE',  ( 17.20000000000000639, 0.000000000000000000, 17.00000000000000355 ) ) ;
#1058 = CARTESIAN_POINT ( 'NONE',  ( 18.86606849354753734, 16.03707609630719944, 8.176464646893020216 ) ) ;
#1059 = VECTOR ( 'NONE', #245, 1000.000000000000000 ) ;
#1060 = AXIS2_PLACEMENT_3D ( 'NONE', #990, #11, #983 ) ;
#1061 = EDGE_CURVE ( 'NONE', #1253, #1038, #238, .T. ) ;
#1062 = CYLINDRICAL_SURFACE ( 'NONE', #157, 1.897366596101023761 ) ;
#1063 = VERTEX_POINT ( 'NONE', #753 ) ;
#1064 = EDGE_LOOP ( 'NONE', ( #856, #133, #298, #899 ) ) ;
#1065 = CARTESIAN_POINT ( 'NONE',  ( 19.00000000000000711, 0.000000000000000000, 0.000000000000000000 ) ) ;
#1066 = DIRECTION ( 'NONE',  ( 1.000000000000000000, -1.057793377635087411E-16, 0.000000000000000000 ) ) ;
#1067 = AXIS2_PLACEMENT_3D ( 'NONE', #222, #760, #1090 ) ;
#1068 = CARTESIAN_POINT ( 'NONE',  ( 20.00100000000000477, 0.000000000000000000, 1.800000000000000044 ) ) ;
#1069 = EDGE_CURVE ( 'NONE', #1213, #700, #1135, .T. ) ;
#1070 = ORIENTED_EDGE ( 'NONE', *, *, #1040, .T. ) ;
#1071 = AXIS2_PLACEMENT_3D ( 'NONE', #639, #1262, #959 ) ;
#1072 = DIRECTION ( 'NONE',  ( 0.000000000000000000, 0.000000000000000000, 1.000000000000000000 ) ) ;
#1073 = VECTOR ( 'NONE', #888, 1000.000000000000000 ) ;
#1074 = CARTESIAN_POINT ( 'NONE',  ( 20.00000000000000355, 18.00000000000000000, 0.000000000000000000 ) ) ;
#1075 = CARTESIAN_POINT ( 'NONE',  ( 14.67259818958508433, 16.21989156240664087, -7.807528517041016691 ) ) ;
#1076 = ORIENTED_EDGE ( 'NONE', *, *, #1288, .F. ) ;
#1077 = EDGE_CURVE ( 'NONE', #981, #884, #349, .T. ) ;
#1078 = CARTESIAN_POINT ( 'NONE',  ( 16.00000000000000711, -1.341640786499869398, -6.000000000000001776 ) ) ;
#1079 = LINE ( 'NONE', #1406, #1346 ) ;
#1080 = CARTESIAN_POINT ( 'NONE',  ( 18.80375186143890431, -0.8351147487406904713, 17.98119496081548974 ) ) ;
#1081 = ORIENTED_EDGE ( 'NONE', *, *, #8, .T. ) ;
#1082 = CARTESIAN_POINT ( 'NONE',  ( 19.00000000000000711, 0.000000000000000000, 0.000000000000000000 ) ) ;
#1083 = EDGE_CURVE ( 'NONE', #924, #29, #1167, .T. ) ;
#1084 = DIRECTION ( 'NONE',  ( -1.000000000000000000, 5.288966888175437057E-17, 0.000000000000000000 ) ) ;
#1085 = EDGE_CURVE ( 'NONE', #206, #597, #692, .T. ) ;
#1086 = DIRECTION ( 'NONE',  ( 0.000000000000000000, 0.000000000000000000, 1.000000000000000000 ) ) ;
#1087 = LOCAL_TIME ( 9, 4, 23.00000000000000000, #369 ) ;
#1088 = ORIENTED_EDGE ( 'NONE', *, *, #579, .F. ) ;
#1089 = AXIS2_PLACEMENT_3D ( 'NONE', #818, #928, #382 ) ;
#1090 = DIRECTION ( 'NONE',  ( 0.000000000000000000, 0.000000000000000000, -1.000000000000000000 ) ) ;
#1091 = DIRECTION ( 'NONE',  ( 1.000000000000000000, -0.000000000000000000, -0.000000000000000000 ) ) ;
#1092 = CIRCLE ( 'NONE', #975, 2.000000000000000000 ) ;
#1093 = AXIS2_PLACEMENT_3D ( 'NONE', #370, #570, #1218 ) ;
#1094 = EDGE_CURVE ( 'NONE', #606, #482, #1314, .T. ) ;
#1095 = CARTESIAN_POINT ( 'NONE',  ( 18.09251855430696310, -1.572598267775817460, 17.93131131080784613 ) ) ;
#1096 = ORIENTED_EDGE ( 'NONE', *, *, #1196, .F. ) ;
#1097 = VECTOR ( 'NONE', #858, 1000.000000000000000 ) ;
#1098 = DIRECTION ( 'NONE',  ( -0.000000000000000000, -0.000000000000000000, 1.000000000000000000 ) ) ;
#1099 = VERTEX_POINT ( 'NONE', #212 ) ;
#1100 = DIRECTION ( 'NONE',  ( -9.637352644315595243E-17, -1.000000000000000000, 0.000000000000000000 ) ) ;
#1101 = FACE_OUTER_BOUND ( 'NONE', #268, .T. ) ;
#1102 = EDGE_CURVE ( 'NONE', #700, #449, #520, .T. ) ;
#1103 = DIRECTION ( 'NONE',  ( -1.000000000000000000, -0.000000000000000000, -0.000000000000000000 ) ) ;
#1104 = ORIENTED_EDGE ( 'NONE', *, *, #694, .F. ) ;
#1105 = AXIS2_PLACEMENT_3D ( 'NONE', #892, #450, #254 ) ;
#1106 = CARTESIAN_POINT ( 'NONE',  ( 16.00000000000000711, 1.341640786499868954, 17.94993036198190950 ) ) ;
#1107 = ORIENTED_EDGE ( 'NONE', *, *, #629, .F. ) ;
#1108 = CARTESIAN_POINT ( 'NONE',  ( 14.40000000000000568, -15.27475454716975634, -7.689757111208214369 ) ) ;
#1109 = CARTESIAN_POINT ( 'NONE',  ( 18.72827700572215193, 16.21895100610075247, -7.809478615960367520 ) ) ;
#1110 = CARTESIAN_POINT ( 'NONE',  ( 18.37659794334272334, -16.20545276929786738, 7.834981485358412989 ) ) ;
#1111 = ORIENTED_EDGE ( 'NONE', *, *, #686, .F. ) ;
#1112 = CARTESIAN_POINT ( 'NONE',  ( 16.00000000000000711, 1.341640786499868954, 17.94993036198190950 ) ) ;
#1113 = ORIENTED_EDGE ( 'NONE', *, *, #694, .T. ) ;
#1114 = CARTESIAN_POINT ( 'NONE',  ( 9.999999999999998224, 0.000000000000000000, 0.000000000000000000 ) ) ;
#1115 = CARTESIAN_POINT ( 'NONE',  ( 19.00000000000001066, 15.63416132963305394, -8.923017324727720023 ) ) ;
#1116 = CIRCLE ( 'NONE', #1001, 18.00000000000000000 ) ;
#1117 = VECTOR ( 'NONE', #156, 1000.000000000000000 ) ;
#1118 = CYLINDRICAL_SURFACE ( 'NONE', #1093, 2.799999999999999822 ) ;
#1119 = CARTESIAN_POINT ( 'NONE',  ( 19.00000000000000711, 0.000000000000000000, 0.000000000000000000 ) ) ;
#1120 = ORIENTED_EDGE ( 'NONE', *, *, #1129, .T. ) ;
#1121 = EDGE_CURVE ( 'NONE', #1022, #954, #58, .T. ) ;
#1122 = LINE ( 'NONE', #39, #838 ) ;
#1123 = DIRECTION ( 'NONE',  ( -1.000000000000000000, -0.000000000000000000, -0.000000000000000000 ) ) ;
#1124 = CARTESIAN_POINT ( 'NONE',  ( 18.98233239048788334, -15.49035288675732147, 9.170073623793671302 ) ) ;
#1125 = ORIENTED_EDGE ( 'NONE', *, *, #939, .T. ) ;
#1126 = CARTESIAN_POINT ( 'NONE',  ( 17.26848342304685602, 1.806889576658674335, 17.90909476462170602 ) ) ;
#1127 = VERTEX_POINT ( 'NONE', #207 ) ;
#1128 = DIRECTION ( 'NONE',  ( -1.000000000000000000, -0.000000000000000000, -0.000000000000000000 ) ) ;
#1129 = EDGE_CURVE ( 'NONE', #1099, #252, #264, .T. ) ;
#1130 = CARTESIAN_POINT ( 'NONE',  ( 15.40000000000000746, -5.916079783099601030, 17.00000000000000355 ) ) ;
#1131 = CARTESIAN_POINT ( 'NONE',  ( 19.00000000000000711, 0.000000000000000000, 0.000000000000000000 ) ) ;
#1132 = PERSON_AND_ORGANIZATION ( #697, #900 ) ;
#1133 = CARTESIAN_POINT ( 'NONE',  ( 18.05277056208526076, -16.27475454716976344, 7.689757111208223250 ) ) ;
#1134 = ORIENTED_EDGE ( 'NONE', *, *, #686, .T. ) ;
#1135 = CIRCLE ( 'NONE', #720, 1.799999999999996048 ) ;
#1136 = VERTEX_POINT ( 'NONE', #195 ) ;
#1137 = CARTESIAN_POINT ( 'NONE',  ( 14.64121296012541329, -15.92865400475903392, 8.383763868434288113 ) ) ;
#1138 = FACE_OUTER_BOUND ( 'NONE', #429, .T. ) ;
#1139 = PERSON_AND_ORGANIZATION_ROLE ( 'design_owner' ) ;
#1140 = ADVANCED_FACE ( 'NONE', ( #1409 ), #419, .F. ) ;
#1141 = CARTESIAN_POINT ( 'NONE',  ( 19.00000000000000355, -14.69819630344044725, 2.262443947208090833 ) ) ;
#1142 = ORIENTED_EDGE ( 'NONE', *, *, #1196, .T. ) ;
#1143 = CARTESIAN_POINT ( 'NONE',  ( 15.50522787214259246, 0.4929220740553745816, 17.99366081642687121 ) ) ;
#1144 = EDGE_LOOP ( 'NONE', ( #1007, #1325, #1215, #1408, #288, #896, #1088, #1374, #81, #518, #784, #169, #927 ) ) ;
#1145 = DIRECTION ( 'NONE',  ( 0.000000000000000000, 0.000000000000000000, -1.000000000000000000 ) ) ;
#1146 = CARTESIAN_POINT ( 'NONE',  ( 19.00000000000000355, 0.000000000000000000, 14.70195921988101517 ) ) ;
#1147 = DIRECTION ( 'NONE',  ( 1.000000000000000000, 0.000000000000000000, 0.000000000000000000 ) ) ;
#1148 = ADVANCED_FACE ( 'NONE', ( #857 ), #189, .T. ) ;
#1149 = ORIENTED_EDGE ( 'NONE', *, *, #1168, .T. ) ;
#1150 = ORIENTED_EDGE ( 'NONE', *, *, #985, .T. ) ;
#1151 = CARTESIAN_POINT ( 'NONE',  ( 19.00000000000000355, 0.000000000000000000, 14.70195921988101517 ) ) ;
#1152 = CARTESIAN_POINT ( 'NONE',  ( 16.00000000000000711, -1.341640786499869176, 17.94993036198190950 ) ) ;
#1153 = DATE_AND_TIME ( #172, #1087 ) ;
#1154 = DIRECTION ( 'NONE',  ( 0.000000000000000000, 0.000000000000000000, -1.000000000000000000 ) ) ;
#1155 = ORIENTED_EDGE ( 'NONE', *, *, #948, .T. ) ;
#1156 = CARTESIAN_POINT ( 'NONE',  ( 0.000000000000000000, 0.000000000000000000, 0.000000000000000000 ) ) ;
#1157 = EDGE_LOOP ( 'NONE', ( #1360, #600, #839, #641, #396, #513, #258, #1142 ) ) ;
#1158 = AXIS2_PLACEMENT_3D ( 'NONE', #944, #1298, #951 ) ;
#1159 = CARTESIAN_POINT ( 'NONE',  ( 0.000000000000000000, 0.000000000000000000, 3.000000000000000000 ) ) ;
#1160 = CARTESIAN_POINT ( 'NONE',  ( 19.00000000000000355, 10.48002108770972995, 7.275713027711127268 ) ) ;
#1161 = PERSON_AND_ORGANIZATION ( #697, #900 ) ;
#1162 = APPLICATION_CONTEXT ( 'configuration controlled 3d designs of mechanical parts and assemblies' ) ;
#1163 = DIRECTION ( 'NONE',  ( 0.000000000000000000, 0.000000000000000000, -1.000000000000000000 ) ) ;
#1164 = VERTEX_POINT ( 'NONE', #1384 ) ;
#1165 = ORIENTED_EDGE ( 'NONE', *, *, #705, .F. ) ;
#1166 = AXIS2_PLACEMENT_3D ( 'NONE', #477, #1356, #1255 ) ;
#1167 = LINE ( 'NONE', #77, #810 ) ;
#1168 = EDGE_CURVE ( 'NONE', #1213, #1290, #397, .T. ) ;
#1169 = CARTESIAN_POINT ( 'NONE',  ( 19.00000000000000355, 15.63413123401342197, 8.923068607398469965 ) ) ;
#1170 = CYLINDRICAL_SURFACE ( 'NONE', #333, 20.93992216826404373 ) ;
#1171 = ORIENTED_EDGE ( 'NONE', *, *, #103, .F. ) ;
#1172 = AXIS2_PLACEMENT_3D ( 'NONE', #324, #1091, #1197 ) ;
#1173 = ORIENTED_EDGE ( 'NONE', *, *, #629, .T. ) ;
#1174 = DIRECTION ( 'NONE',  ( -1.000000000000000000, 0.000000000000000000, 0.000000000000000000 ) ) ;
#1175 = LINE ( 'NONE', #390, #921 ) ;
#1176 = CARTESIAN_POINT ( 'NONE',  ( 16.58773643225779182, -1.701439402536529366, 17.91955832980227470 ) ) ;
#1177 = ORIENTED_EDGE ( 'NONE', *, *, #649, .F. ) ;
#1178 = DIRECTION ( 'NONE',  ( -0.000000000000000000, -0.6372671422513398465, 0.7706429714250371266 ) ) ;
#1179 = CARTESIAN_POINT ( 'NONE',  ( 15.40000000000000746, -16.27475454716975634, 7.689757111208213480 ) ) ;
#1180 = VECTOR ( 'NONE', #1178, 1000.000000000000114 ) ;
#1181 = CARTESIAN_POINT ( 'NONE',  ( 16.00000000000000711, -1.341640786499869176, 17.94993036198190950 ) ) ;
#1182 = EDGE_CURVE ( 'NONE', #107, #250, #1183, .T. ) ;
#1183 = B_SPLINE_CURVE_WITH_KNOTS ( 'NONE', 3,
 ( #84, #832, #1269, #620, #405, #841, #1280, #299, #514, #957, #1400, #409 ),
 .UNSPECIFIED., .F., .F.,
 ( 4, 2, 2, 2, 2, 4 ),
 ( 0.000000000000000000, 0.0006426461158386702257, 0.001285292231677340451, 0.001927938347516013062, 0.002249261405435347416, 0.002570584463354682204 ),
 .UNSPECIFIED. ) ;
#1184 = ORIENTED_EDGE ( 'NONE', *, *, #87, .F. ) ;
#1185 = DIRECTION ( 'NONE',  ( -0.000000000000000000, -0.000000000000000000, 1.000000000000000000 ) ) ;
#1186 = DIRECTION ( 'NONE',  ( -1.000000000000000000, -0.000000000000000000, -0.000000000000000000 ) ) ;
#1187 = DIRECTION ( 'NONE',  ( 0.000000000000000000, -0.6118628199443577609, -0.7909638990306311346 ) ) ;
#1188 = EDGE_CURVE ( 'NONE', #966, #482, #1286, .T. ) ;
#1189 = ORIENTED_EDGE ( 'NONE', *, *, #963, .T. ) ;
#1190 = DIRECTION ( 'NONE',  ( -1.000000000000000000, 0.000000000000000000, 0.000000000000000000 ) ) ;
#1191 = CARTESIAN_POINT ( 'NONE',  ( 19.00000000000000355, 0.000000000000000000, -6.237962948383029449 ) ) ;
#1192 = CARTESIAN_POINT ( 'NONE',  ( 14.94361296812488504, 16.41685992557352947, -7.382062408656347330 ) ) ;
#1193 = AXIS2_PLACEMENT_3D ( 'NONE', #445, #1084, #1100 ) ;
#1194 = VERTEX_POINT ( 'NONE', #202 ) ;
#1195 = DIRECTION ( 'NONE',  ( -1.000000000000000000, -0.000000000000000000, -0.000000000000000000 ) ) ;
#1196 = EDGE_CURVE ( 'NONE', #1213, #260, #632, .T. ) ;
#1197 = DIRECTION ( 'NONE',  ( 0.000000000000000000, 0.000000000000000000, -1.000000000000000000 ) ) ;
#1198 = CARTESIAN_POINT ( 'NONE',  ( 17.61130058274343924, -1.760926293586068336, 17.91367287105161665 ) ) ;
#1199 = AXIS2_PLACEMENT_3D ( 'NONE', #875, #1207, #667 ) ;
#1200 = FACE_BOUND ( 'NONE', #1029, .T. ) ;
#1201 = CYLINDRICAL_SURFACE ( 'NONE', #418, 1.799999999999996048 ) ;
#1202 = LINE ( 'NONE', #223, #366 ) ;
#1203 = AXIS2_PLACEMENT_3D ( 'NONE', #1131, #804, #577 ) ;
#1204 = EDGE_CURVE ( 'NONE', #799, #76, #552, .T. ) ;
#1205 = CARTESIAN_POINT ( 'NONE',  ( 18.45756775711744524, 16.41616521410522012, -7.383590576625222113 ) ) ;
#1206 = ORIENTED_EDGE ( 'NONE', *, *, #137, .F. ) ;
#1207 = DIRECTION ( 'NONE',  ( -1.000000000000000000, -0.000000000000000000, -0.000000000000000000 ) ) ;
#1208 = ORIENTED_EDGE ( 'NONE', *, *, #1061, .T. ) ;
#1209 = CARTESIAN_POINT ( 'NONE',  ( 18.10578762073188130, -16.27475454716975634, -7.689757111208212592 ) ) ;
#1210 = CARTESIAN_POINT ( 'NONE',  ( 18.98233038414009499, 15.73920572669416273, -8.736256522583545348 ) ) ;
#1211 = APPROVAL ( #73, 'UNSPECIFIED' ) ;
#1212 = DIRECTION ( 'NONE',  ( 0.000000000000000000, 0.000000000000000000, -1.000000000000000000 ) ) ;
#1213 = VERTEX_POINT ( 'NONE', #1221 ) ;
#1214 = CARTESIAN_POINT ( 'NONE',  ( 19.00000000000002842, -1.321832085619112281E-15, 18.00000000000000000 ) ) ;
#1215 = ORIENTED_EDGE ( 'NONE', *, *, #847, .T. ) ;
#1216 = CARTESIAN_POINT ( 'NONE',  ( 11.40000000000000746, 2.204364238465235083E-16, -1.800000000000000044 ) ) ;
#1217 = DIRECTION ( 'NONE',  ( 0.000000000000000000, 0.000000000000000000, 1.000000000000000000 ) ) ;
#1218 = DIRECTION ( 'NONE',  ( 0.000000000000000000, 0.000000000000000000, 1.000000000000000000 ) ) ;
#1219 = ADVANCED_FACE ( 'NONE', ( #341 ), #22, .F. ) ;
#1220 = AXIS2_PLACEMENT_3D ( 'NONE', #267, #1031, #898 ) ;
#1221 = CARTESIAN_POINT ( 'NONE',  ( 19.00000000000000711, -1.904028079743156946E-16, 17.00000000000000355 ) ) ;
#1222 = ORIENTED_EDGE ( 'NONE', *, *, #451, .T. ) ;
#1223 = LINE ( 'NONE', #1233, #1041 ) ;
#1224 = CARTESIAN_POINT ( 'NONE',  ( 14.48436510192716931, 7.388159063526330783, 16.41557410083881052 ) ) ;
#1225 = CIRCLE ( 'NONE', #1415, 2.799999999999999822 ) ;
#1226 = AXIS2_PLACEMENT_3D ( 'NONE', #34, #672, #126 ) ;
#1227 = DIRECTION ( 'NONE',  ( 0.000000000000000000, 0.000000000000000000, -1.000000000000000000 ) ) ;
#1228 = B_SPLINE_CURVE_WITH_KNOTS ( 'NONE', 3,
 ( #261, #164, #469, #501, #796, #803, #691, #47, #1137, #476, #1362, #55, #726, #507 ),
 .UNSPECIFIED., .F., .F.,
 ( 4, 2, 2, 2, 2, 2, 4 ),
 ( 0.000000000000000000, 0.0003122016102184471307, 0.0006244032204368942613, 0.0009366048306553413378, 0.001248806440873788523, 0.001873209661310684193, 0.002497612881747577045 ),
 .UNSPECIFIED. ) ;
#1229 = ADVANCED_FACE ( 'NONE', ( #776 ), #675, .F. ) ;
#1230 = ORIENTED_EDGE ( 'NONE', *, *, #1102, .T. ) ;
#1231 = CARTESIAN_POINT ( 'NONE',  ( 15.44427419039885763, 0.1238475862962677004, 18.00000000000000355 ) ) ;
#1232 = ORIENTED_EDGE ( 'NONE', *, *, #421, .F. ) ;
#1233 = CARTESIAN_POINT ( 'NONE',  ( -25.36492890995259941, 0.000000000000000000, 18.00000000000000000 ) ) ;
#1234 = FACE_OUTER_BOUND ( 'NONE', #1144, .T. ) ;
#1235 = CARTESIAN_POINT ( 'NONE',  ( 15.49394626385663365, -0.4969809464062979187, 17.99458681706596153 ) ) ;
#1236 = CARTESIAN_POINT ( 'NONE',  ( 20.00000000000000355, -7.662528783000350785, 7.560979195662549834 ) ) ;
#1237 = ORIENTED_EDGE ( 'NONE', *, *, #780, .T. ) ;
#1238 = DIRECTION ( 'NONE',  ( 0.000000000000000000, -0.6118628199443577609, -0.7909638990306311346 ) ) ;
#1239 = ORIENTED_EDGE ( 'NONE', *, *, #918, .T. ) ;
#1240 = CARTESIAN_POINT ( 'NONE',  ( 19.00000000000000711, -15.27475454716975634, -9.522703057625856005 ) ) ;
#1241 = EDGE_CURVE ( 'NONE', #29, #573, #1336, .T. ) ;
#1242 = CARTESIAN_POINT ( 'NONE',  ( 14.40000000000000746, 8.031504229787181259, 16.11065746599905069 ) ) ;
#1243 = APPLICATION_PROTOCOL_DEFINITION ( 'international standard', 'config_control_design', 1994, #1281 ) ;
#1244 = CARTESIAN_POINT ( 'NONE',  ( 18.00000000000000711, -16.27475454716975634, 7.689757111208213480 ) ) ;
#1245 = CARTESIAN_POINT ( 'NONE',  ( 16.00000000000000711, 1.341640786499868954, 17.94993036198190950 ) ) ;
#1246 = ORIENTED_EDGE ( 'NONE', *, *, #1241, .F. ) ;
#1247 = CARTESIAN_POINT ( 'NONE',  ( 14.40000000000000568, -15.27475454716975634, -9.522703057625856005 ) ) ;
#1248 = DIRECTION ( 'NONE',  ( -1.000000000000000000, -0.000000000000000000, 0.000000000000000000 ) ) ;
#1249 = EDGE_CURVE ( 'NONE', #884, #187, #1412, .T. ) ;
#1250 = PLANE ( 'NONE',  #842 ) ;
#1251 = ORIENTED_EDGE ( 'NONE', *, *, #451, .F. ) ;
#1252 = CARTESIAN_POINT ( 'NONE',  ( 15.44427419039885585, -1.688753982851881022E-23, 18.00000000000000000 ) ) ;
#1253 = VERTEX_POINT ( 'NONE', #647 ) ;
#1254 = CARTESIAN_POINT ( 'NONE',  ( 19.00000000000000355, -14.50130783012961899, -0.4040796927120993698 ) ) ;
#1255 = DIRECTION ( 'NONE',  ( 0.000000000000000000, 1.000000000000000000, 0.000000000000000000 ) ) ;
#1256 = LINE ( 'NONE', #74, #1397 ) ;
#1257 = CC_DESIGN_PERSON_AND_ORGANIZATION_ASSIGNMENT ( #148, #1386, ( #1339 ) ) ;
#1258 = EDGE_LOOP ( 'NONE', ( #1296, #1383, #116, #1173 ) ) ;
#1259 = DIRECTION ( 'NONE',  ( 0.000000000000000000, 0.000000000000000000, 1.000000000000000000 ) ) ;
#1260 = ORIENTED_EDGE ( 'NONE', *, *, #291, .F. ) ;
#1261 = DIRECTION ( 'NONE',  ( 0.000000000000000000, 0.000000000000000000, 1.000000000000000000 ) ) ;
#1262 = DIRECTION ( 'NONE',  ( -1.000000000000000000, 5.288966888175437057E-17, 0.000000000000000000 ) ) ;
#1263 = PERSON_AND_ORGANIZATION ( #697, #900 ) ;
#1264 = CARTESIAN_POINT ( 'NONE',  ( 19.00000000000000355, 0.000000000000000000, 14.70195921988101517 ) ) ;
#1265 = VERTEX_POINT ( 'NONE', #1106 ) ;
#1266 = ADVANCED_FACE ( 'NONE', ( #550 ), #1324, .F. ) ;
#1267 = ORIENTED_EDGE ( 'NONE', *, *, #1241, .T. ) ;
#1268 = VECTOR ( 'NONE', #1238, 1000.000000000000114 ) ;
#1269 = CARTESIAN_POINT ( 'NONE',  ( 14.41766961585991780, 15.73920572669416273, 8.736256522583547124 ) ) ;
#1270 = APPROVAL_PERSON_ORGANIZATION ( #1132, #643, #820 ) ;
#1271 = DIRECTION ( 'NONE',  ( -1.000000000000000000, 0.000000000000000000, -0.000000000000000000 ) ) ;
#1272 = APPLICATION_PROTOCOL_DEFINITION ( 'international standard', 'config_control_design', 1994, #1162 ) ;
#1273 = VECTOR ( 'NONE', #269, 1000.000000000000000 ) ;
#1274 = CARTESIAN_POINT ( 'NONE',  ( 19.00000000000000355, 10.48002108770972995, 7.275713027711128156 ) ) ;
#1275 = VECTOR ( 'NONE', #312, 1000.000000000000000 ) ;
#1276 = ORIENTED_EDGE ( 'NONE', *, *, #759, .T. ) ;
#1277 = CIRCLE ( 'NONE', #651, 10.47415595914992714 ) ;
#1278 = ORIENTED_EDGE ( 'NONE', *, *, #725, .T. ) ;
#1279 = EDGE_CURVE ( 'NONE', #799, #597, #1003, .T. ) ;
#1280 = CARTESIAN_POINT ( 'NONE',  ( 14.76011526158729303, 16.30565888945106323, 7.626076890575712142 ) ) ;
#1281 = APPLICATION_CONTEXT ( 'configuration controlled 3d designs of mechanical parts and assemblies' ) ;
#1282 = DIRECTION ( 'NONE',  ( 0.000000000000000000, -1.000000000000000000, 0.000000000000000000 ) ) ;
#1283 = CARTESIAN_POINT ( 'NONE',  ( 14.41766232282840043, 15.73925976820997619, -8.736167595254205054 ) ) ;
#1284 = ADVANCED_BREP_SHAPE_REPRESENTATION ( 'bracket_plastico', ( #201, #104 ), #401 ) ;
#1285 = ORIENTED_EDGE ( 'NONE', *, *, #542, .F. ) ;
#1286 = LINE ( 'NONE', #741, #1180 ) ;
#1287 = DIRECTION ( 'NONE',  ( 1.000000000000000000, -0.000000000000000000, -0.000000000000000000 ) ) ;
#1288 = EDGE_CURVE ( 'NONE', #631, #123, #216, .T. ) ;
#1289 = FACE_OUTER_BOUND ( 'NONE', #1258, .T. ) ;
#1290 = VERTEX_POINT ( 'NONE', #1214 ) ;
#1291 = DIRECTION ( 'NONE',  ( -1.000000000000000000, -0.000000000000000000, -0.000000000000000000 ) ) ;
#1292 = LINE ( 'NONE', #627, #1275 ) ;
#1293 = VECTOR ( 'NONE', #734, 1000.000000000000000 ) ;
#1294 = EDGE_CURVE ( 'NONE', #123, #961, #678, .T. ) ;
#1295 = PLANE ( 'NONE',  #442 ) ;
#1296 = ORIENTED_EDGE ( 'NONE', *, *, #1083, .F. ) ;
#1297 = AXIS2_PLACEMENT_3D ( 'NONE', #779, #20, #1313 ) ;
#1298 = DIRECTION ( 'NONE',  ( 0.000000000000000000, -0.000000000000000000, 1.000000000000000000 ) ) ;
#1299 = CIRCLE ( 'NONE', #220, 2.799999999999999822 ) ;
#1300 = CARTESIAN_POINT ( 'NONE',  ( 18.62602770215502446, -16.05706966879161968, -8.135049780902862793 ) ) ;
#1301 = FACE_BOUND ( 'NONE', #500, .T. ) ;
#1302 = VECTOR ( 'NONE', #124, 1000.000000000000000 ) ;
#1303 = CC_DESIGN_PERSON_AND_ORGANIZATION_ASSIGNMENT ( #49, #940, ( #605 ) ) ;
#1304 = ORIENTED_EDGE ( 'NONE', *, *, #337, .T. ) ;
#1305 = DIRECTION ( 'NONE',  ( -1.057793377635087411E-16, -1.000000000000000000, 0.000000000000000000 ) ) ;
#1306 = CYLINDRICAL_SURFACE ( 'NONE', #1172, 2.000000000000000000 ) ;
#1307 = CARTESIAN_POINT ( 'NONE',  ( 20.00000000000000355, -9.125659332685660985, 6.197436385708434692 ) ) ;
#1308 = VECTOR ( 'NONE', #5, 1000.000000000000000 ) ;
#1309 = EDGE_LOOP ( 'NONE', ( #1382, #1076, #121, #489 ) ) ;
#1310 = EDGE_CURVE ( 'NONE', #76, #799, #897, .T. ) ;
#1311 = DIRECTION ( 'NONE',  ( 0.000000000000000000, 0.000000000000000000, -1.000000000000000000 ) ) ;
#1312 = CARTESIAN_POINT ( 'NONE',  ( 18.91457034852273011, -15.69305905156235781, -8.818675143360534818 ) ) ;
#1313 = DIRECTION ( 'NONE',  ( -1.000000000000000000, 0.000000000000000000, -0.000000000000000000 ) ) ;
#1314 = CIRCLE ( 'NONE', #785, 2.000000000000000000 ) ;
#1315 = VERTEX_POINT ( 'NONE', #883 ) ;
#1316 = DIRECTION ( 'NONE',  ( 0.000000000000000000, 0.000000000000000000, 1.000000000000000000 ) ) ;
#1317 = EDGE_LOOP ( 'NONE', ( #1414, #1251 ) ) ;
#1318 = DIRECTION ( 'NONE',  ( -1.000000000000000000, 0.000000000000000000, 0.000000000000000000 ) ) ;
#1319 = ADVANCED_FACE ( 'NONE', ( #328 ), #1201, .F. ) ;
#1320 = VECTOR ( 'NONE', #219, 1000.000000000000000 ) ;
#1321 = DIRECTION ( 'NONE',  ( 1.000000000000000000, 0.000000000000000000, 0.000000000000000000 ) ) ;
#1322 = DIRECTION ( 'NONE',  ( 0.000000000000000000, 0.000000000000000000, 1.000000000000000000 ) ) ;
#1323 = ORIENTED_EDGE ( 'NONE', *, *, #622, .T. ) ;
#1324 = CYLINDRICAL_SURFACE ( 'NONE', #763, 1.000000000000000888 ) ;
#1325 = ORIENTED_EDGE ( 'NONE', *, *, #1399, .T. ) ;
#1326 = CARTESIAN_POINT ( 'NONE',  ( 20.00000000000000355, 0.000000000000000000, 14.70195921988101517 ) ) ;
#1327 = EDGE_CURVE ( 'NONE', #954, #1022, #33, .T. ) ;
#1328 = CARTESIAN_POINT ( 'NONE',  ( 0.000000000000000000, 0.000000000000000000, 1.800000000000000044 ) ) ;
#1329 = CARTESIAN_POINT ( 'NONE',  ( 19.00000000000000355, 0.000000000000000000, 4.227803260731086255 ) ) ;
#1330 = CARTESIAN_POINT ( 'NONE',  ( 14.40000000000000924, -8.031212807259597852, 16.11080766173191847 ) ) ;
#1331 = ORIENTED_EDGE ( 'NONE', *, *, #217, .F. ) ;
#1332 = CARTESIAN_POINT ( 'NONE',  ( -25.36492890995259941, -16.27475454716975634, -7.689757111208213480 ) ) ;
#1333 = B_SPLINE_CURVE_WITH_KNOTS ( 'NONE', 3,
 ( #368, #797, #1235, #256, #687, #1152 ),
 .UNSPECIFIED., .F., .F.,
 ( 4, 2, 4 ),
 ( 0.001483759709626063716, 0.002224930204501174638, 0.002966100699376283175 ),
 .UNSPECIFIED. ) ;
#1334 = CARTESIAN_POINT ( 'NONE',  ( 15.44427419039885585, -1.688753982851881022E-23, 18.00000000000000000 ) ) ;
#1335 = EDGE_CURVE ( 'NONE', #1265, #1290, #354, .T. ) ;
#1336 = CIRCLE ( 'NONE', #745, 2.000000000000000000 ) ;
#1337 = DIRECTION ( 'NONE',  ( -1.000000000000000000, 0.000000000000000000, 0.000000000000000000 ) ) ;
#1338 = LOCAL_TIME ( 9, 4, 23.00000000000000000, #399 ) ;
#1339 = PRODUCT_DEFINITION ( 'UNKNOWN', '', #605, #703 ) ;
#1340 = ORIENTED_EDGE ( 'NONE', *, *, #1030, .T. ) ;
#1341 = CARTESIAN_POINT ( 'NONE',  ( 17.09251941691978516, 1.805024152585096298, 17.90928810932344817 ) ) ;
#1342 = ORIENTED_EDGE ( 'NONE', *, *, #1085, .F. ) ;
#1343 = CIRCLE ( 'NONE', #38, 2.000000000000000000 ) ;
#1344 = CARTESIAN_POINT ( 'NONE',  ( 19.00000000000000711, -2.009807417506666550E-15, 17.00000000000000355 ) ) ;
#1345 = CARTESIAN_POINT ( 'NONE',  ( 20.00000000000000000, 0.000000000000000000, 18.00000000000000000 ) ) ;
#1346 = VECTOR ( 'NONE', #398, 1000.000000000000000 ) ;
#1347 = CARTESIAN_POINT ( 'NONE',  ( 14.40000000000000568, -7.616112318972632714E-16, 2.799999999999999822 ) ) ;
#1348 = CIRCLE ( 'NONE', #614, 2.000000000000000000 ) ;
#1349 = DIRECTION ( 'NONE',  ( -1.000000000000000000, 0.000000000000000000, 0.000000000000000000 ) ) ;
#1350 = ORIENTED_EDGE ( 'NONE', *, *, #743, .F. ) ;
#1351 = ADVANCED_FACE ( 'NONE', ( #590 ), #251, .F. ) ;
#1352 = VECTOR ( 'NONE', #670, 1000.000000000000114 ) ;
#1353 = VERTEX_POINT ( 'NONE', #926 ) ;
#1354 = CARTESIAN_POINT ( 'NONE',  ( 19.00000000000000355, 14.61628571980666180, 2.273755362957909920 ) ) ;
#1355 = CARTESIAN_POINT ( 'NONE',  ( -25.36492890995259941, 0.000000000000000000, 0.000000000000000000 ) ) ;
#1356 = DIRECTION ( 'NONE',  ( 1.000000000000000000, -1.057793377635087411E-16, 0.000000000000000000 ) ) ;
#1357 = CALENDAR_DATE ( 2026, 30, 7 ) ;
#1358 = CARTESIAN_POINT ( 'NONE',  ( 14.40000000000000568, -15.27475454716975634, 9.522703057625856005 ) ) ;
#1359 = CARTESIAN_POINT ( 'NONE',  ( 18.09240755049390970, 1.572618554464973339, 17.93130899771198017 ) ) ;
#1360 = ORIENTED_EDGE ( 'NONE', *, *, #791, .T. ) ;
#1361 = ADVANCED_FACE ( 'NONE', ( #142 ), #454, .F. ) ;
#1362 = CARTESIAN_POINT ( 'NONE',  ( 14.48542965147727557, -15.69305905156235070, 8.818675143360534818 ) ) ;
#1363 = DIRECTION ( 'NONE',  ( -5.288966888175437057E-17, -1.000000000000000000, 0.000000000000000000 ) ) ;
#1364 = APPROVAL_DATE_TIME ( #391, #1211 ) ;
#1365 = DIRECTION ( 'NONE',  ( 5.288966888175437057E-17, 1.000000000000000000, 0.000000000000000000 ) ) ;
#1366 = VERTEX_POINT ( 'NONE', #481 ) ;
#1367 = AXIS2_PLACEMENT_3D ( 'NONE', #659, #426, #783 ) ;
#1368 = CARTESIAN_POINT ( 'NONE',  ( 15.83303135559061303, 1.157307766935631532, 17.96305161056270094 ) ) ;
#1369 = VERTEX_POINT ( 'NONE', #1013 ) ;
#1370 = CARTESIAN_POINT ( 'NONE',  ( 19.00000000000000711, -9.125659332685660985, 6.197436385708434692 ) ) ;
#1371 = CARTESIAN_POINT ( 'NONE',  ( 18.00000000000000711, 16.52415519558425672, 7.138087634110821256 ) ) ;
#1372 = CARTESIAN_POINT ( 'NONE',  ( 15.02340205665728767, -16.20545276929786738, -7.834981485358411213 ) ) ;
#1373 = CIRCLE ( 'NONE', #88, 2.000000000000000000 ) ;
#1374 = ORIENTED_EDGE ( 'NONE', *, *, #337, .F. ) ;
#1375 = CARTESIAN_POINT ( 'NONE',  ( 19.00000000000000355, -9.094639669607786914, 9.506242490055159422 ) ) ;
#1376 = VERTEX_POINT ( 'NONE', #36 ) ;
#1377 = CARTESIAN_POINT ( 'NONE',  ( 11.40000000000000746, -7.616112318972632714E-16, 0.000000000000000000 ) ) ;
#1378 = CARTESIAN_POINT ( 'NONE',  ( 20.00000000000000355, 7.505574428554356636, 7.396187833228754727 ) ) ;
#1379 = CALENDAR_DATE ( 2026, 30, 7 ) ;
#1380 = EDGE_CURVE ( 'NONE', #1253, #187, #464, .T. ) ;
#1381 = DIRECTION ( 'NONE',  ( 1.000000000000000000, 0.000000000000000000, 0.000000000000000000 ) ) ;
#1382 = ORIENTED_EDGE ( 'NONE', *, *, #1294, .F. ) ;
#1383 = ORIENTED_EDGE ( 'NONE', *, *, #649, .T. ) ;
#1384 = CARTESIAN_POINT ( 'NONE',  ( 15.40000000000000746, -16.27475454716975634, -7.689757111208213480 ) ) ;
#1385 = DIRECTION ( 'NONE',  ( 0.000000000000000000, 1.000000000000000000, 0.000000000000000000 ) ) ;
#1386 = PERSON_AND_ORGANIZATION_ROLE ( 'creator' ) ;
#1387 = DIRECTION ( 'NONE',  ( 0.000000000000000000, 0.000000000000000000, 1.000000000000000000 ) ) ;
#1388 = EDGE_CURVE ( 'NONE', #1265, #463, #866, .T. ) ;
#1389 = EDGE_LOOP ( 'NONE', ( #551, #327 ) ) ;
#1390 = ORIENTED_EDGE ( 'NONE', *, *, #384, .T. ) ;
#1391 = AXIS2_PLACEMENT_3D ( 'NONE', #145, #826, #1261 ) ;
#1392 = CARTESIAN_POINT ( 'NONE',  ( 19.00000000000000355, 0.000000000000000000, -6.000000000000001776 ) ) ;
#1393 = SECURITY_CLASSIFICATION ( '', '', #478 ) ;
#1394 = CARTESIAN_POINT ( 'NONE',  ( 19.00000000000000355, 7.505574428554356636, 7.396187833228754727 ) ) ;
#1395 = CARTESIAN_POINT ( 'NONE',  ( 14.40000000000000924, -15.38474796287220236, -9.346269704985058269 ) ) ;
#1396 = ORIENTED_EDGE ( 'NONE', *, *, #929, .T. ) ;
#1397 = VECTOR ( 'NONE', #822, 1000.000000000000000 ) ;
#1398 = ORIENTED_EDGE ( 'NONE', *, *, #314, .T. ) ;
#1399 = EDGE_CURVE ( 'NONE', #1136, #1014, #1043, .T. ) ;
#1400 = CARTESIAN_POINT ( 'NONE',  ( 15.28903791617056918, 16.52415519558425316, 7.138087634110823920 ) ) ;
#1401 = CARTESIAN_POINT ( 'NONE',  ( 14.40000000000000568, 2.204364238465235428E-15, -18.00000000000000000 ) ) ;
#1402 = CARTESIAN_POINT ( 'NONE',  ( 14.53393150645248078, 16.03707609630719588, -8.176464646893020216 ) ) ;
#1403 = VERTEX_POINT ( 'NONE', #707 ) ;
#1404 = DIRECTION ( 'NONE',  ( 1.927470528863119049E-16, 1.000000000000000000, 0.000000000000000000 ) ) ;
#1405 = EDGE_CURVE ( 'NONE', #823, #46, #59, .T. ) ;
#1406 = CARTESIAN_POINT ( 'NONE',  ( 19.00000000000000355, -7.662528783000350785, 7.560979195662549834 ) ) ;
#1407 = CARTESIAN_POINT ( 'NONE',  ( 17.34164078649988028, 0.000000000000000000, 17.00000000000000355 ) ) ;
#1408 = ORIENTED_EDGE ( 'NONE', *, *, #168, .T. ) ;
#1409 = FACE_OUTER_BOUND ( 'NONE', #666, .T. ) ;
#1410 = VECTOR ( 'NONE', #793, 1000.000000000000000 ) ;
#1411 = CARTESIAN_POINT ( 'NONE',  ( 19.00000000000000711, -15.27475454716975634, -9.522703057625856005 ) ) ;
#1412 = CIRCLE ( 'NONE', #873, 18.00000000000000000 ) ;
#1413 = CYLINDRICAL_SURFACE ( 'NONE', #315, 1.000000000000000888 ) ;
#1414 = ORIENTED_EDGE ( 'NONE', *, *, #929, .F. ) ;
#1415 = AXIS2_PLACEMENT_3D ( 'NONE', #361, #781, #471 ) ;
#1416 = CARTESIAN_POINT ( 'NONE',  ( 11.40000000000000746, 0.000000000000000000, 0.000000000000000000 ) ) ;
#1417 = CIRCLE ( 'NONE', #536, 20.93992216826404018 ) ;
#1418 = CYLINDRICAL_SURFACE ( 'NONE', #617, 2.799999999999999822 ) ;
ENDSEC;
END-ISO-10303-21;
