ISO-10303-21;
HEADER;
FILE_DESCRIPTION (( 'STEP AP203' ),
    '1' );
FILE_NAME ('soporte_motor.STEP',
    '2026-07-28T00:21:32',
    ( '' ),
    ( '' ),
    'SwSTEP 2.0',
    'SolidWorks 2026',
    '' );
FILE_SCHEMA (( 'CONFIG_CONTROL_DESIGN' ));
ENDSEC;

DATA;
#1 = CARTESIAN_POINT ( 'NONE',  ( -49.99999999999998579, -49.99999999999999289, 4.000000000000000000 ) ) ;
#2 = ORIENTED_EDGE ( 'NONE', *, *, #3326, .F. ) ;
#3 = CARTESIAN_POINT ( 'NONE',  ( -48.70954640344172759, 40.00000000000000711, 11.66025403784917636 ) ) ;
#4 = DIRECTION ( 'NONE',  ( 0.000000000000000000, 0.000000000000000000, 1.000000000000000000 ) ) ;
#5 = ORIENTED_EDGE ( 'NONE', *, *, #545, .T. ) ;
#6 = AXIS2_PLACEMENT_3D ( 'NONE', #341, #1887, #2450 ) ;
#7 = CARTESIAN_POINT ( 'NONE',  ( 39.99999999999998579, -49.99999999999999289, 12.23760430703404012 ) ) ;
#8 = DIRECTION ( 'NONE',  ( -0.3636363636363223462, 0.9315409787236160755, -0.000000000000000000 ) ) ;
#9 = CARTESIAN_POINT ( 'NONE',  ( 47.50515990990542292, -40.23601823372698760, 12.38749601689035451 ) ) ;
#10 = AXIS2_PLACEMENT_3D ( 'NONE', #774, #1815, #1300 ) ;
#11 = VERTEX_POINT ( 'NONE', #1501 ) ;
#12 = AXIS2_PLACEMENT_3D ( 'NONE', #2962, #1895, #115 ) ;
#13 = CARTESIAN_POINT ( 'NONE',  ( -46.63501543682534134, -40.54297146959190457, 12.27843401742253526 ) ) ;
#14 = CIRCLE ( 'NONE', #1529, 2.999999999999995559 ) ;
#15 = EDGE_LOOP ( 'NONE', ( #3214, #1911, #2994, #2795, #1141 ) ) ;
#16 = EDGE_CURVE ( 'NONE', #129, #2855, #707, .T. ) ;
#17 = ORIENTED_EDGE ( 'NONE', *, *, #1349, .T. ) ;
#18 = CARTESIAN_POINT ( 'NONE',  ( 28.85876472290363282, -15.87835989793351388, 0.06160925045441383724 ) ) ;
#19 = CARTESIAN_POINT ( 'NONE',  ( -40.68459021276398602, 46.36363636363636687, 4.000000000000000000 ) ) ;
#20 = EDGE_CURVE ( 'NONE', #385, #2686, #1236, .T. ) ;
#21 = DIRECTION ( 'NONE',  ( 0.000000000000000000, -0.5000000000000012212, 0.8660254037844380415 ) ) ;
#22 = CARTESIAN_POINT ( 'NONE',  ( -46.36363636363635266, 40.68459021276399312, 12.67237748502030570 ) ) ;
#23 = CARTESIAN_POINT ( 'NONE',  ( -49.99999999999998579, -39.99999999999999289, 12.23760430703403301 ) ) ;
#24 = ORIENTED_EDGE ( 'NONE', *, *, #1821, .T. ) ;
#25 = PLANE ( 'NONE',  #2312 ) ;
#26 = DIRECTION ( 'NONE',  ( -0.000000000000000000, -0.000000000000000000, -1.000000000000000000 ) ) ;
#27 = CARTESIAN_POINT ( 'NONE',  ( -49.99999999999998579, -39.99999999999999289, 12.23760430703403301 ) ) ;
#28 = VERTEX_POINT ( 'NONE', #1538 ) ;
#29 = ORIENTED_EDGE ( 'NONE', *, *, #1537, .T. ) ;
#30 = DIRECTION ( 'NONE',  ( -1.000000000000000000, 0.000000000000000000, 0.000000000000000000 ) ) ;
#31 = ADVANCED_FACE ( 'NONE', ( #989, #2535, #1466, #227, #1018 ), #2232, .F. ) ;
#32 = EDGE_LOOP ( 'NONE', ( #536, #1119, #2124, #2640 ) ) ;
#33 = CIRCLE ( 'NONE', #2561, 1.750000000000001110 ) ;
#34 = ORIENTED_EDGE ( 'NONE', *, *, #2257, .T. ) ;
#35 = LINE ( 'NONE', #3132, #653 ) ;
#36 = CIRCLE ( 'NONE', #837, 2.999999999999995559 ) ;
#37 = CARTESIAN_POINT ( 'NONE',  ( 39.50000000001173817, 48.62638319938790943, 11.37157890325638832 ) ) ;
#38 = EDGE_CURVE ( 'NONE', #733, #1160, #1260, .T. ) ;
#39 = LINE ( 'NONE', #2287, #1027 ) ;
#40 = CARTESIAN_POINT ( 'NONE',  ( 39.92103330537754147, 46.98578970971347957, 11.61466259544713253 ) ) ;
#41 = CARTESIAN_POINT ( 'NONE',  ( -46.22670176016715260, -40.73836990026430271, 12.08655209852352641 ) ) ;
#42 = CARTESIAN_POINT ( 'NONE',  ( -46.99999999999998579, 26.73205080756886787, 3.999999999999999112 ) ) ;
#43 = LINE ( 'NONE', #343, #763 ) ;
#44 = ORIENTED_EDGE ( 'NONE', *, *, #2898, .F. ) ;
#45 = B_SPLINE_CURVE_WITH_KNOTS ( 'NONE', 3,
 ( #2824, #2512, #1556, #2776, #1504, #13, #467, #2064 ),
 .UNSPECIFIED., .F., .F.,
 ( 4, 2, 2, 4 ),
 ( 0.000000000000000000, 0.0003696422918524743125, 0.0007392845837049486250, 0.001478569167409890745 ),
 .UNSPECIFIED. ) ;
#46 = ORIENTED_EDGE ( 'NONE', *, *, #257, .F. ) ;
#47 = EDGE_CURVE ( 'NONE', #300, #2032, #2371, .T. ) ;
#48 = VERTEX_POINT ( 'NONE', #2756 ) ;
#49 = CYLINDRICAL_SURFACE ( 'NONE', #1692, 10.00000000000000178 ) ;
#50 = CARTESIAN_POINT ( 'NONE',  ( 39.99999999999998579, -49.99999999999999289, -11.14213562373095634 ) ) ;
#51 = ADVANCED_FACE ( 'NONE', ( #1488 ), #2509, .F. ) ;
#52 = DIRECTION ( 'NONE',  ( -1.000000000000000000, 0.000000000000000000, 0.000000000000000000 ) ) ;
#53 = DIRECTION ( 'NONE',  ( 1.000000000000000000, 0.000000000000000000, 0.000000000000000000 ) ) ;
#54 = ORIENTED_EDGE ( 'NONE', *, *, #477, .F. ) ;
#55 = CARTESIAN_POINT ( 'NONE',  ( 39.49999999999998579, -49.99999999999999289, 11.37157890324960086 ) ) ;
#56 = CARTESIAN_POINT ( 'NONE',  ( 47.42210010360328454, 40.25191098335434958, 11.80569491189514686 ) ) ;
#57 = EDGE_CURVE ( 'NONE', #694, #842, #2425, .T. ) ;
#58 = FACE_OUTER_BOUND ( 'NONE', #2359, .T. ) ;
#59 = ORIENTED_EDGE ( 'NONE', *, *, #2194, .T. ) ;
#60 = ADVANCED_FACE ( 'NONE', ( #2076 ), #25, .T. ) ;
#61 = CARTESIAN_POINT ( 'NONE',  ( -40.69273347164281773, -46.34284403256815921, 12.67754914899665764 ) ) ;
#62 = EDGE_CURVE ( 'NONE', #2726, #901, #2104, .T. ) ;
#63 = EDGE_CURVE ( 'NONE', #1926, #993, #1054, .T. ) ;
#64 = VERTEX_POINT ( 'NONE', #2328 ) ;
#65 = AXIS2_PLACEMENT_3D ( 'NONE', #1875, #3109, #2330 ) ;
#66 = ORIENTED_EDGE ( 'NONE', *, *, #2626, .T. ) ;
#67 = LINE ( 'NONE', #366, #1086 ) ;
#68 = LINE ( 'NONE', #50, #492 ) ;
#69 = VECTOR ( 'NONE', #2839, 1000.000000000000000 ) ;
#70 = AXIS2_PLACEMENT_3D ( 'NONE', #2664, #913, #1941 ) ;
#71 = ORIENTED_EDGE ( 'NONE', *, *, #2935, .F. ) ;
#72 = VECTOR ( 'NONE', #1348, 1000.000000000000114 ) ;
#73 = DIRECTION ( 'NONE',  ( -0.000000000000000000, -0.000000000000000000, 1.000000000000000000 ) ) ;
#74 = FACE_OUTER_BOUND ( 'NONE', #224, .T. ) ;
#75 =( BOUNDED_SURFACE ( )  B_SPLINE_SURFACE ( 3, 2, ( 
 ( #2344, #41, #2091 ),
 ( #1587, #269, #2870 ),
 ( #290, #3106, #252 ),
 ( #1858, #504, #1323 ) ),
 .UNSPECIFIED., .F., .F., .T. ) 
 B_SPLINE_SURFACE_WITH_KNOTS ( ( 4, 4 ),
 ( 3, 3 ),
 ( 2.767191108425705259, 3.141592653589793116 ),
 ( 0.000000000000000000, 1.000000000000000000 ),
 .UNSPECIFIED. ) 
 GEOMETRIC_REPRESENTATION_ITEM ( )  RATIONAL_B_SPLINE_SURFACE ( (
 ( 1.000000000000000000, 0.8559682606317423614, 1.000000000000000000),
 ( 1.000000000000000000, 0.8559682606317423614, 1.000000000000000000),
 ( 1.000000000000000000, 0.8660254037844389297, 1.000000000000000000),
 ( 1.000000000000000000, 0.8660254037844389297, 1.000000000000000000) ) ) 
 REPRESENTATION_ITEM ( '' )  SURFACE ( )  );
#76 = SPHERICAL_SURFACE ( 'NONE', #483, 1.000000000000000000 ) ;
#77 = DIRECTION ( 'NONE',  ( -0.000000000000000000, -0.000000000000000000, -1.000000000000000000 ) ) ;
#78 = DIRECTION ( 'NONE',  ( 0.000000000000000000, -1.000000000000000000, 0.000000000000000000 ) ) ;
#79 = ORIENTED_EDGE ( 'NONE', *, *, #1624, .F. ) ;
#80 = DIRECTION ( 'NONE',  ( 1.000000000000000000, 0.000000000000000000, 0.000000000000000000 ) ) ;
#81 = ORIENTED_EDGE ( 'NONE', *, *, #556, .T. ) ;
#82 = ADVANCED_FACE ( 'NONE', ( #562 ), #75, .F. ) ;
#83 = ORIENTED_EDGE ( 'NONE', *, *, #1345, .F. ) ;
#84 = SPHERICAL_SURFACE ( 'NONE', #1524, 1.000000000000000000 ) ;
#85 = DIRECTION ( 'NONE',  ( -0.000000000000000000, -0.000000000000000000, -1.000000000000000000 ) ) ;
#86 = VECTOR ( 'NONE', #2060, 1000.000000000000000 ) ;
#87 = VECTOR ( 'NONE', #26, 1000.000000000000000 ) ;
#88 = ORIENTED_EDGE ( 'NONE', *, *, #3291, .T. ) ;
#89 = CARTESIAN_POINT ( 'NONE',  ( -44.99999999999997868, -45.00000000000000000, 3.851859888774471706E-31 ) ) ;
#90 = CARTESIAN_POINT ( 'NONE',  ( 46.00000000000002842, -39.75304923404038249, 4.000000000000000000 ) ) ;
#91 = FACE_BOUND ( 'NONE', #3065, .T. ) ;
#92 = FACE_OUTER_BOUND ( 'NONE', #2940, .T. ) ;
#93 = EDGE_CURVE ( 'NONE', #850, #2058, #1551, .T. ) ;
#94 = CARTESIAN_POINT ( 'NONE',  ( 46.69999999999997442, 45.00000000000000000, 2.399999999999999467 ) ) ;
#95 = VERTEX_POINT ( 'NONE', #1354 ) ;
#96 = VERTEX_POINT ( 'NONE', #7 ) ;
#97 = ORIENTED_EDGE ( 'NONE', *, *, #2223, .F. ) ;
#98 = DIRECTION ( 'NONE',  ( -1.000000000000000000, -8.881784197001252323E-16, 0.000000000000000000 ) ) ;
#99 = CARTESIAN_POINT ( 'NONE',  ( -39.75304923404038959, 46.00000000000000000, 4.000000000000000000 ) ) ;
#100 = ORIENTED_EDGE ( 'NONE', *, *, #2516, .T. ) ;
#101 = DIRECTION ( 'NONE',  ( 0.000000000000000000, 1.000000000000000000, -6.938893903907222067E-14 ) ) ;
#102 = EDGE_LOOP ( 'NONE', ( #1694, #1378, #1702 ) ) ;
#103 = DIRECTION ( 'NONE',  ( 0.000000000000000000, 0.8660254037844379305, -0.5000000000000011102 ) ) ;
#104 = DIRECTION ( 'NONE',  ( -0.5773502691896257311, 0.5773502691896257311, -0.5773502691896257311 ) ) ;
#105 = EDGE_CURVE ( 'NONE', #1057, #524, #1792, .T. ) ;
#106 = CARTESIAN_POINT ( 'NONE',  ( -26.73205080756886076, -46.99999999999999289, 4.000000000000000000 ) ) ;
#107 = DIRECTION ( 'NONE',  ( -0.5000000000000012212, 0.000000000000000000, -0.8660254037844380415 ) ) ;
#108 = CARTESIAN_POINT ( 'NONE',  ( -32.49999999999999289, -6.938893903907228378E-15, 3.000000000000000000 ) ) ;
#109 = VERTEX_POINT ( 'NONE', #2360 ) ;
#110 = EDGE_LOOP ( 'NONE', ( #544, #59, #2656, #2979, #306, #1535, #328, #1153 ) ) ;
#111 = VERTEX_POINT ( 'NONE', #55 ) ;
#112 = CARTESIAN_POINT ( 'NONE',  ( 39.99999999999997868, -49.99999999999999289, 11.66025403784441394 ) ) ;
#113 = CARTESIAN_POINT ( 'NONE',  ( 24.99999999999998579, 46.99999999999999289, 3.000000000000000000 ) ) ;
#114 = ORIENTED_EDGE ( 'NONE', *, *, #1465, .F. ) ;
#115 = DIRECTION ( 'NONE',  ( 1.000000000000000000, 0.000000000000000000, 0.000000000000000000 ) ) ;
#116 = PERSON_AND_ORGANIZATION_ROLE ( 'design_owner' ) ;
#117 = CIRCLE ( 'NONE', #595, 10.00000000000000178 ) ;
#118 = VECTOR ( 'NONE', #1526, 1000.000000000000000 ) ;
#119 = ORIENTED_EDGE ( 'NONE', *, *, #93, .T. ) ;
#120 = DIRECTION ( 'NONE',  ( 0.000000000000000000, -0.5000000000000012212, -0.8660254037844380415 ) ) ;
#121 = VECTOR ( 'NONE', #1148, 1000.000000000000000 ) ;
#122 = CYLINDRICAL_SURFACE ( 'NONE', #1753, 1.000000000000000000 ) ;
#123 = ADVANCED_FACE ( 'NONE', ( #794 ), #2113, .F. ) ;
#124 = AXIS2_PLACEMENT_3D ( 'NONE', #1885, #2585, #573 ) ;
#125 = DIRECTION ( 'NONE',  ( 1.000000000000000000, -0.000000000000000000, -0.000000000000000000 ) ) ;
#126 = LINE ( 'NONE', #2197, #2880 ) ;
#127 = CARTESIAN_POINT ( 'NONE',  ( -44.99999999999997868, -45.00000000000000000, 0.000000000000000000 ) ) ;
#128 = EDGE_LOOP ( 'NONE', ( #398, #317, #2387, #917, #1525, #2268, #119, #2027 ) ) ;
#129 = VERTEX_POINT ( 'NONE', #309 ) ;
#130 = CARTESIAN_POINT ( 'NONE',  ( 49.99999999999998579, 39.49999999999999289, 11.37157890324959730 ) ) ;
#131 = CARTESIAN_POINT ( 'NONE',  ( -41.99999999999997868, -45.00000000000000000, 2.399999999999999467 ) ) ;
#132 = ORIENTED_EDGE ( 'NONE', *, *, #1329, .F. ) ;
#133 = DIRECTION ( 'NONE',  ( -0.000000000000000000, -0.000000000000000000, -1.000000000000000000 ) ) ;
#134 = ADVANCED_FACE ( 'NONE', ( #1337 ), #76, .F. ) ;
#135 = EDGE_LOOP ( 'NONE', ( #2638, #636, #1288, #3001 ) ) ;
#136 = LINE ( 'NONE', #2426, #711 ) ;
#137 = DIRECTION ( 'NONE',  ( 1.249000902703301108E-13, 0.000000000000000000, 1.000000000000000000 ) ) ;
#138 = FACE_OUTER_BOUND ( 'NONE', #718, .T. ) ;
#139 = CARTESIAN_POINT ( 'NONE',  ( -0.7939140440247908215, 32.99044862518087484, 0.000000000000000000 ) ) ;
#140 = FACE_OUTER_BOUND ( 'NONE', #1880, .T. ) ;
#141 = ORIENTED_EDGE ( 'NONE', *, *, #3287, .F. ) ;
#142 = ORIENTED_EDGE ( 'NONE', *, *, #3048, .T. ) ;
#143 = DIRECTION ( 'NONE',  ( -1.000000000000000000, 0.000000000000000000, -7.632783294297944905E-14 ) ) ;
#144 = CC_DESIGN_DATE_AND_TIME_ASSIGNMENT ( #3255, #1959, ( #596 ) ) ;
#145 = PLANE ( 'NONE',  #2434 ) ;
#146 = ORIENTED_EDGE ( 'NONE', *, *, #2684, .T. ) ;
#147 = CARTESIAN_POINT ( 'NONE',  ( -44.99999999999997868, -45.00000000000000000, 19.00000000000000000 ) ) ;
#148 = EDGE_CURVE ( 'NONE', #1620, #3298, #651, .T. ) ;
#149 = EDGE_LOOP ( 'NONE', ( #2623, #495, #1939 ) ) ;
#150 = CARTESIAN_POINT ( 'NONE',  ( -29.92117770075224215, -17.27500000000016556, 3.000000000000000000 ) ) ;
#151 = DIRECTION ( 'NONE',  ( -1.000000000000000000, 0.000000000000000000, 1.249000902703300856E-13 ) ) ;
#152 = LINE ( 'NONE', #444, #2002 ) ;
#153 = CARTESIAN_POINT ( 'NONE',  ( 0.5541779397472772484, 32.88425023500438016, 0.1113557880063674455 ) ) ;
#154 = DIRECTION ( 'NONE',  ( -0.000000000000000000, 1.000000000000000000, -0.000000000000000000 ) ) ;
#155 = ORIENTED_EDGE ( 'NONE', *, *, #1406, .T. ) ;
#156 = CC_DESIGN_APPROVAL ( #2991, ( #596 ) ) ;
#157 = ORIENTED_EDGE ( 'NONE', *, *, #2591, .T. ) ;
#158 = EDGE_CURVE ( 'NONE', #1732, #2926, #2819, .T. ) ;
#159 = ORIENTED_EDGE ( 'NONE', *, *, #2800, .T. ) ;
#160 = CARTESIAN_POINT ( 'NONE',  ( 39.50000000001173817, -48.62638319938682230, 11.37157890325638832 ) ) ;
#161 = ADVANCED_FACE ( 'NONE', ( #2059 ), #3090, .T. ) ;
#162 = EDGE_CURVE ( 'NONE', #1962, #2408, #754, .T. ) ;
#163 = FACE_OUTER_BOUND ( 'NONE', #1676, .T. ) ;
#164 = DIRECTION ( 'NONE',  ( -0.000000000000000000, -0.000000000000000000, -1.000000000000000000 ) ) ;
#165 = SHAPE_DEFINITION_REPRESENTATION ( #697, #2473 ) ;
#166 = AXIS2_PLACEMENT_3D ( 'NONE', #2995, #688, #2493 ) ;
#167 = EDGE_LOOP ( 'NONE', ( #2869, #632, #945, #782 ) ) ;
#168 = AXIS2_PLACEMENT_3D ( 'NONE', #3276, #471, #190 ) ;
#169 = LINE ( 'NONE', #2529, #118 ) ;
#170 = FACE_BOUND ( 'NONE', #2291, .T. ) ;
#171 = AXIS2_PLACEMENT_3D ( 'NONE', #825, #1614, #3066 ) ;
#172 = AXIS2_PLACEMENT_3D ( 'NONE', #405, #3201, #2943 ) ;
#173 = EDGE_LOOP ( 'NONE', ( #439, #2008, #34 ) ) ;
#174 = VECTOR ( 'NONE', #924, 1000.000000000000000 ) ;
#175 = DIRECTION ( 'NONE',  ( -0.000000000000000000, -0.000000000000000000, -1.000000000000000000 ) ) ;
#176 = CARTESIAN_POINT ( 'NONE',  ( 24.99999999999998579, -45.99999999999998579, 3.000000000000000000 ) ) ;
#177 = ORIENTED_EDGE ( 'NONE', *, *, #1505, .F. ) ;
#178 = VECTOR ( 'NONE', #3222, 1000.000000000000000 ) ;
#179 = ORIENTED_EDGE ( 'NONE', *, *, #860, .F. ) ;
#180 = ORIENTED_EDGE ( 'NONE', *, *, #2085, .F. ) ;
#181 = CARTESIAN_POINT ( 'NONE',  ( 6.938893903907228378E-15, -6.938893903907228378E-15, 3.000000000000000000 ) ) ;
#182 = EDGE_CURVE ( 'NONE', #1432, #901, #537, .T. ) ;
#183 = DIRECTION ( 'NONE',  ( -0.000000000000000000, -0.000000000000000000, -1.000000000000000000 ) ) ;
#184 = CARTESIAN_POINT ( 'NONE',  ( 49.99999999999998579, 49.99999999999999289, 3.000000000000000000 ) ) ;
#185 = DATE_AND_TIME ( #925, #3283 ) ;
#186 = EDGE_CURVE ( 'NONE', #2388, #3112, #2395, .T. ) ;
#187 = ORIENTED_EDGE ( 'NONE', *, *, #1507, .T. ) ;
#188 = CARTESIAN_POINT ( 'NONE',  ( 46.99999999999998579, -39.75304923404039670, 11.51767694664105335 ) ) ;
#189 = DIRECTION ( 'NONE',  ( 0.000000000000000000, 0.000000000000000000, 1.000000000000000000 ) ) ;
#190 = DIRECTION ( 'NONE',  ( 1.000000000000000000, 0.000000000000000000, 0.000000000000000000 ) ) ;
#191 = CARTESIAN_POINT ( 'NONE',  ( 49.99999999999998579, 49.99999999999999289, 19.00000000000000000 ) ) ;
#192 = CARTESIAN_POINT ( 'NONE',  ( -39.99999999999998579, -49.99999999999999289, -11.14213562373095634 ) ) ;
#193 = ORIENTED_EDGE ( 'NONE', *, *, #296, .T. ) ;
#194 = AXIS2_PLACEMENT_3D ( 'NONE', #359, #107, #1139 ) ;
#195 = CARTESIAN_POINT ( 'NONE',  ( 6.938893903907228378E-15, -45.99999999999998579, 4.000000000000000000 ) ) ;
#196 = DIRECTION ( 'NONE',  ( 1.000000000000000000, 0.000000000000000000, 0.000000000000000000 ) ) ;
#197 = AXIS2_PLACEMENT_3D ( 'NONE', #1019, #2292, #1489 ) ;
#198 = CARTESIAN_POINT ( 'NONE',  ( -46.99999999999998579, 39.75304923404039670, 4.000000000000000000 ) ) ;
#199 = EDGE_CURVE ( 'NONE', #2063, #623, #358, .T. ) ;
#200 = VERTEX_POINT ( 'NONE', #2952 ) ;
#201 =( BOUNDED_CURVE ( )  B_SPLINE_CURVE ( 3, ( #3136, #827, #1871, #2568 ),
 .UNSPECIFIED., .F., .T. ) 
 B_SPLINE_CURVE_WITH_KNOTS ( ( 4, 4 ),
 ( 3.141592653589793116, 3.513761187550119125 ),
 .UNSPECIFIED. ) 
 CURVE ( )  GEOMETRIC_REPRESENTATION_ITEM ( )  RATIONAL_B_SPLINE_CURVE ( ( 1.000000000000000000, 0.9884908171532500454, 0.9884908171532500454, 1.000000000000000000 ) ) 
 REPRESENTATION_ITEM ( '' )  );
#202 = ORIENTED_EDGE ( 'NONE', *, *, #3052, .F. ) ;
#203 = LINE ( 'NONE', #234, #2005 ) ;
#204 = CARTESIAN_POINT ( 'NONE',  ( 40.63007782357221487, -46.50328280568207617, 12.47679064807132931 ) ) ;
#205 = CARTESIAN_POINT ( 'NONE',  ( 0.7939140440247917097, 32.99044862518087484, 0.000000000000000000 ) ) ;
#206 = EDGE_CURVE ( 'NONE', #724, #111, #3224, .T. ) ;
#207 = DIRECTION ( 'NONE',  ( -1.000000000000000000, 0.000000000000000000, 0.000000000000000000 ) ) ;
#208 = CARTESIAN_POINT ( 'NONE',  ( -40.73836990026428850, 46.22670176016715970, 12.08655209852353174 ) ) ;
#209 = EDGE_CURVE ( 'NONE', #3187, #3098, #2966, .T. ) ;
#210 = ORIENTED_EDGE ( 'NONE', *, *, #477, .T. ) ;
#211 = EDGE_CURVE ( 'NONE', #2401, #3212, #2537, .T. ) ;
#212 = ORIENTED_EDGE ( 'NONE', *, *, #353, .T. ) ;
#213 = FACE_OUTER_BOUND ( 'NONE', #1301, .T. ) ;
#214 = ORIENTED_EDGE ( 'NONE', *, *, #2555, .F. ) ;
#215 = DIRECTION ( 'NONE',  ( -0.000000000000000000, 1.000000000000000000, -0.000000000000000000 ) ) ;
#216 = B_SPLINE_CURVE_WITH_KNOTS ( 'NONE', 3,
 ( #625, #1928, #2519, #2270, #948, #1993, #204, #2780 ),
 .UNSPECIFIED., .F., .F.,
 ( 4, 2, 2, 4 ),
 ( 0.000000000000000000, 0.0003696422918524685662, 0.0007392845837049371325, 0.001478569167409888793 ),
 .UNSPECIFIED. ) ;
#217 = ORIENTED_EDGE ( 'NONE', *, *, #2700, .F. ) ;
#218 = LINE ( 'NONE', #1963, #223 ) ;
#219 = CARTESIAN_POINT ( 'NONE',  ( -45.99999999999998579, -39.75304923404039670, 4.000000000000000000 ) ) ;
#220 = DIRECTION ( 'NONE',  ( 0.000000000000000000, 0.000000000000000000, -1.000000000000000000 ) ) ;
#221 = FACE_BOUND ( 'NONE', #2861, .T. ) ;
#222 = LINE ( 'NONE', #1223, #3083 ) ;
#223 = VECTOR ( 'NONE', #1769, 1000.000000000000000 ) ;
#224 = EDGE_LOOP ( 'NONE', ( #1047, #3220, #2695, #1274 ) ) ;
#225 = CIRCLE ( 'NONE', #1797, 1.750000000000001110 ) ;
#226 = EDGE_CURVE ( 'NONE', #1786, #1163, #2932, .T. ) ;
#227 = FACE_BOUND ( 'NONE', #3314, .T. ) ;
#228 = DIRECTION ( 'NONE',  ( 0.000000000000000000, 0.000000000000000000, 1.000000000000000000 ) ) ;
#229 = AXIS2_PLACEMENT_3D ( 'NONE', #3211, #417, #3226 ) ;
#230 = EDGE_LOOP ( 'NONE', ( #433, #260 ) ) ;
#231 = CARTESIAN_POINT ( 'NONE',  ( 39.75304923404039670, -46.99999999999999289, 11.51767694664105868 ) ) ;
#232 = EDGE_CURVE ( 'NONE', #1947, #1464, #1138, .T. ) ;
#233 = EDGE_LOOP ( 'NONE', ( #2455, #672, #5, #1394 ) ) ;
#234 = CARTESIAN_POINT ( 'NONE',  ( -49.99999999999998579, 49.99999999999999289, 3.000000000000000000 ) ) ;
#235 = DIRECTION ( 'NONE',  ( 0.000000000000000000, 0.000000000000000000, 1.000000000000000000 ) ) ;
#236 = CARTESIAN_POINT ( 'NONE',  ( -32.49999999999999289, -6.938893903907228378E-15, 0.4999999999999865663 ) ) ;
#237 = CARTESIAN_POINT ( 'NONE',  ( -49.99999999999998579, 38.99999999999999289, 12.23760430703403657 ) ) ;
#238 = DIRECTION ( 'NONE',  ( 0.8660254037844380415, 0.000000000000000000, 0.5000000000000012212 ) ) ;
#239 = VERTEX_POINT ( 'NONE', #1636 ) ;
#240 = VERTEX_POINT ( 'NONE', #1173 ) ;
#241 = CYLINDRICAL_SURFACE ( 'NONE', #1550, 1.000000000000000888 ) ;
#242 = CARTESIAN_POINT ( 'NONE',  ( -45.99999999999998579, 39.75304923404039670, 4.000000000000000000 ) ) ;
#243 = AXIS2_PLACEMENT_3D ( 'NONE', #1834, #1581, #3119 ) ;
#244 = AXIS2_PLACEMENT_3D ( 'NONE', #719, #1037, #576 ) ;
#245 = DIRECTION ( 'NONE',  ( -1.000000000000000000, 0.000000000000000000, 0.000000000000000000 ) ) ;
#246 = ORIENTED_EDGE ( 'NONE', *, *, #1408, .T. ) ;
#247 = CARTESIAN_POINT ( 'NONE',  ( 6.938893903907228378E-15, -6.938893903907228378E-15, 0.4999999999999865663 ) ) ;
#248 = DIRECTION ( 'NONE',  ( -0.000000000000000000, -0.000000000000000000, -1.000000000000000000 ) ) ;
#249 = CARTESIAN_POINT ( 'NONE',  ( 28.17117770075225280, -17.27500000000016556, 3.000000000000000000 ) ) ;
#250 = CARTESIAN_POINT ( 'NONE',  ( -46.34284403256817342, 40.69273347164281063, 12.67754914899664875 ) ) ;
#251 = CARTESIAN_POINT ( 'NONE',  ( -40.02854710662514748, 46.96746875760721451, 11.67673571753904049 ) ) ;
#252 = CARTESIAN_POINT ( 'NONE',  ( -48.62638319939128451, -39.49999999999232614, 11.37157890324517417 ) ) ;
#253 = FACE_OUTER_BOUND ( 'NONE', #32, .T. ) ;
#254 = CARTESIAN_POINT ( 'NONE',  ( 48.75123481346395238, -39.99999999999999289, 12.23760430703284463 ) ) ;
#255 = EDGE_LOOP ( 'NONE', ( #3218, #2472, #1045, #815, #426, #613 ) ) ;
#256 = EDGE_CURVE ( 'NONE', #918, #1245, #1353, .T. ) ;
#257 = EDGE_CURVE ( 'NONE', #11, #3121, #1469, .T. ) ;
#258 = CARTESIAN_POINT ( 'NONE',  ( 39.80937756084140489, -46.99999999999998579, 11.55019812128262480 ) ) ;
#259 = ORIENTED_EDGE ( 'NONE', *, *, #626, .T. ) ;
#260 = ORIENTED_EDGE ( 'NONE', *, *, #2026, .F. ) ;
#261 = CARTESIAN_POINT ( 'NONE',  ( -40.68459021276399312, -46.36363636363635266, 4.000000000000000000 ) ) ;
#262 = CARTESIAN_POINT ( 'NONE',  ( -26.73205080756886076, 46.99999999999999289, 4.000000000000000000 ) ) ;
#263 = FACE_OUTER_BOUND ( 'NONE', #1395, .T. ) ;
#264 = ORIENTED_EDGE ( 'NONE', *, *, #773, .F. ) ;
#265 = CARTESIAN_POINT ( 'NONE',  ( 39.99999999999998579, -49.99999999999999289, 19.00000000000000000 ) ) ;
#266 = DIRECTION ( 'NONE',  ( 1.000000000000000000, 0.000000000000000000, 0.000000000000000000 ) ) ;
#267 = ORIENTED_EDGE ( 'NONE', *, *, #1362, .T. ) ;
#268 = VECTOR ( 'NONE', #2411, 1000.000000000000000 ) ;
#269 = CARTESIAN_POINT ( 'NONE',  ( -47.42210010360328454, -40.25191098335434958, 11.80569491189514686 ) ) ;
#270 = FACE_OUTER_BOUND ( 'NONE', #2101, .T. ) ;
#271 = CARTESIAN_POINT ( 'NONE',  ( -46.99999999999998579, -39.75304923404039670, 11.51767694664105157 ) ) ;
#272 = AXIS2_PLACEMENT_3D ( 'NONE', #2011, #1799, #3323 ) ;
#273 = VERTEX_POINT ( 'NONE', #1914 ) ;
#274 = AXIS2_PLACEMENT_3D ( 'NONE', #1202, #3002, #2021 ) ;
#275 = DIRECTION ( 'NONE',  ( 0.000000000000000000, 0.000000000000000000, 1.000000000000000000 ) ) ;
#276 = ADVANCED_FACE ( 'NONE', ( #138 ), #861, .F. ) ;
#277 = VECTOR ( 'NONE', #384, 1000.000000000000000 ) ;
#278 = VECTOR ( 'NONE', #292, 1000.000000000000000 ) ;
#279 = ORIENTED_EDGE ( 'NONE', *, *, #1112, .T. ) ;
#280 = VECTOR ( 'NONE', #235, 1000.000000000000000 ) ;
#281 = ORIENTED_EDGE ( 'NONE', *, *, #47, .F. ) ;
#282 = CARTESIAN_POINT ( 'NONE',  ( -41.99999999999997868, -45.00000000000000000, 0.000000000000000000 ) ) ;
#283 = ADVANCED_FACE ( 'NONE', ( #415 ), #1443, .F. ) ;
#284 =( BOUNDED_CURVE ( )  B_SPLINE_CURVE ( 3, ( #1594, #2594, #2097, #347 ),
 .UNSPECIFIED., .F., .T. ) 
 B_SPLINE_CURVE_WITH_KNOTS ( ( 4, 4 ),
 ( 2.769424119629467107, 3.141592653589793116 ),
 .UNSPECIFIED. ) 
 CURVE ( )  GEOMETRIC_REPRESENTATION_ITEM ( )  RATIONAL_B_SPLINE_CURVE ( ( 1.000000000000000000, 0.9884908171532500454, 0.9884908171532500454, 1.000000000000000000 ) ) 
 REPRESENTATION_ITEM ( '' )  );
#285 = CARTESIAN_POINT ( 'NONE',  ( 39.99999999999998579, 49.99999999999999289, 12.23760430703404012 ) ) ;
#286 = DIRECTION ( 'NONE',  ( 0.000000000000000000, 0.000000000000000000, 1.000000000000000000 ) ) ;
#287 = DIRECTION ( 'NONE',  ( 0.000000000000000000, 0.000000000000000000, 1.000000000000000000 ) ) ;
#288 = ORIENTED_EDGE ( 'NONE', *, *, #800, .T. ) ;
#289 = CC_DESIGN_DATE_AND_TIME_ASSIGNMENT ( #1230, #2984, ( #526 ) ) ;
#290 = CARTESIAN_POINT ( 'NONE',  ( -48.75123481346395238, -39.99999999999999289, 12.23760430703284463 ) ) ;
#291 = CARTESIAN_POINT ( 'NONE',  ( 49.99999999999997158, 39.99999999999999289, 12.23760430703403657 ) ) ;
#292 = DIRECTION ( 'NONE',  ( -0.000000000000000000, -0.000000000000000000, -1.000000000000000000 ) ) ;
#293 = ORIENTED_EDGE ( 'NONE', *, *, #1616, .F. ) ;
#294 = ORIENTED_EDGE ( 'NONE', *, *, #894, .F. ) ;
#295 = CARTESIAN_POINT ( 'NONE',  ( -40.26200681880710164, -45.97712843582497300, 11.81152374521222015 ) ) ;
#296 = EDGE_CURVE ( 'NONE', #2442, #1947, #1373, .T. ) ;
#297 = ORIENTED_EDGE ( 'NONE', *, *, #749, .F. ) ;
#298 = CIRCLE ( 'NONE', #891, 2.999999999999995559 ) ;
#299 = ADVANCED_FACE ( 'NONE', ( #91, #3193 ), #896, .F. ) ;
#300 = VERTEX_POINT ( 'NONE', #2919 ) ;
#301 = CARTESIAN_POINT ( 'NONE',  ( 28.17360956963955232, -17.18277404313734635, 0.000000000000000000 ) ) ;
#302 = CARTESIAN_POINT ( 'NONE',  ( 39.99999999999998579, 49.99999999999999289, 12.23760430703404012 ) ) ;
#303 = EDGE_CURVE ( 'NONE', #1430, #787, #608, .T. ) ;
#304 = FACE_OUTER_BOUND ( 'NONE', #149, .T. ) ;
#305 = DIRECTION ( 'NONE',  ( -0.000000000000000000, -0.000000000000000000, -1.000000000000000000 ) ) ;
#306 = ORIENTED_EDGE ( 'NONE', *, *, #2130, .T. ) ;
#307 =( BOUNDED_SURFACE ( )  B_SPLINE_SURFACE ( 3, 2, ( 
 ( #1179, #112, #886 ),
 ( #160, #1397, #2996 ),
 ( #1695, #2494, #3178 ),
 ( #2148, #689, #421 ) ),
 .UNSPECIFIED., .F., .F., .T. ) 
 B_SPLINE_SURFACE_WITH_KNOTS ( ( 4, 4 ),
 ( 3, 3 ),
 ( 3.141592653589793116, 3.515994198753881861 ),
 ( 0.000000000000000000, 1.000000000000000000 ),
 .UNSPECIFIED. ) 
 GEOMETRIC_REPRESENTATION_ITEM ( )  RATIONAL_B_SPLINE_SURFACE ( (
 ( 1.000000000000000000, 0.8660254037844391517, 1.000000000000000000),
 ( 1.000000000000000000, 0.8660296585603464159, 1.000000000000000000),
 ( 1.000000000000000000, 0.8626377241932513540, 1.000000000000000000),
 ( 1.000000000000000000, 0.8559682606317418063, 1.000000000000000000) ) ) 
 REPRESENTATION_ITEM ( '' )  SURFACE ( )  );
#308 = EDGE_CURVE ( 'NONE', #1547, #1430, #2680, .T. ) ;
#309 = CARTESIAN_POINT ( 'NONE',  ( -49.99999999999998579, 39.99999999999999289, 19.00000000000000000 ) ) ;
#310 = CARTESIAN_POINT ( 'NONE',  ( -46.69999999999997442, 45.00000000000000000, 0.000000000000000000 ) ) ;
#311 = EDGE_CURVE ( 'NONE', #2944, #3227, #117, .T. ) ;
#312 = CARTESIAN_POINT ( 'NONE',  ( 46.96746875760722162, 40.02854710662516169, 11.67673571753903516 ) ) ;
#313 = ORIENTED_EDGE ( 'NONE', *, *, #63, .T. ) ;
#314 = ORIENTED_EDGE ( 'NONE', *, *, #557, .F. ) ;
#315 = CYLINDRICAL_SURFACE ( 'NONE', #1480, 1.700000000000000178 ) ;
#316 = EDGE_LOOP ( 'NONE', ( #1658, #1596, #2583, #1803, #1385, #2209, #1033, #565 ) ) ;
#317 = ORIENTED_EDGE ( 'NONE', *, *, #2803, .T. ) ;
#318 = DIRECTION ( 'NONE',  ( -0.000000000000000000, -0.000000000000000000, -1.000000000000000000 ) ) ;
#319 = ORIENTED_EDGE ( 'NONE', *, *, #2774, .T. ) ;
#320 = CARTESIAN_POINT ( 'NONE',  ( -16.66666666666665719, 16.66666666666666430, -33.13333333333335418 ) ) ;
#321 = CARTESIAN_POINT ( 'NONE',  ( 46.58578643762689353, 24.99999999999999289, 3.000000000000000000 ) ) ;
#322 = ORIENTED_EDGE ( 'NONE', *, *, #1465, .T. ) ;
#323 = DIRECTION ( 'NONE',  ( 0.000000000000000000, 0.000000000000000000, 1.000000000000000000 ) ) ;
#324 = CARTESIAN_POINT ( 'NONE',  ( 50.00000000000000000, -50.00000000000000000, 0.1999999999999779732 ) ) ;
#325 = CYLINDRICAL_SURFACE ( 'NONE', #1035, 1.000000000000000888 ) ;
#326 = ORIENTED_EDGE ( 'NONE', *, *, #581, .F. ) ;
#327 = ADVANCED_FACE ( 'NONE', ( #2227 ), #1254, .F. ) ;
#328 = ORIENTED_EDGE ( 'NONE', *, *, #3200, .T. ) ;
#329 = AXIS2_PLACEMENT_3D ( 'NONE', #1085, #2606, #1622 ) ;
#330 = DIRECTION ( 'NONE',  ( 0.000000000000000000, 0.000000000000000000, -1.000000000000000000 ) ) ;
#331 = ORIENTED_EDGE ( 'NONE', *, *, #1994, .F. ) ;
#332 = CONICAL_SURFACE ( 'NONE', #2109, 32.99999999999998579, 0.7853981633974482790 ) ;
#333 = ORIENTED_EDGE ( 'NONE', *, *, #1112, .F. ) ;
#334 = CYLINDRICAL_SURFACE ( 'NONE', #2538, 1.750000000000001554 ) ;
#335 = CARTESIAN_POINT ( 'NONE',  ( 39.75304923404038959, -45.99999999999998579, 4.000000000000000000 ) ) ;
#336 = PERSON ( 'UNSPECIFIED', 'UNSPECIFIED', 'UNSPECIFIED', ('UNSPECIFIED'), ('UNSPECIFIED'), ('UNSPECIFIED') ) ;
#337 = ADVANCED_FACE ( 'NONE', ( #935 ), #3261, .F. ) ;
#338 = VERTEX_POINT ( 'NONE', #965 ) ;
#339 = CARTESIAN_POINT ( 'NONE',  ( 49.99999999999998579, 49.99999999999999289, 19.00000000000000000 ) ) ;
#340 = CARTESIAN_POINT ( 'NONE',  ( 49.99999999999998579, 39.99999999999999289, 12.23760430703403301 ) ) ;
#341 = CARTESIAN_POINT ( 'NONE',  ( 44.99999999999997868, 45.00000000000000000, 2.399999999999999467 ) ) ;
#342 = CARTESIAN_POINT ( 'NONE',  ( 29.92117770075225636, -17.27500000000016556, 0.000000000000000000 ) ) ;
#343 = CARTESIAN_POINT ( 'NONE',  ( -46.99999999999998579, -39.75304923404039670, 2.999999999999999112 ) ) ;
#344 = ORIENTED_EDGE ( 'NONE', *, *, #1762, .T. ) ;
#345 = EDGE_LOOP ( 'NONE', ( #246, #2742, #2941, #810, #873, #2891, #2356, #83, #2670, #29, #3053, #1366 ) ) ;
#346 = EDGE_LOOP ( 'NONE', ( #212, #1342, #953 ) ) ;
#347 = CARTESIAN_POINT ( 'NONE',  ( 49.99999999999998579, 39.99999999999999289, 12.23760430703403301 ) ) ;
#348 = DIRECTION ( 'NONE',  ( -1.000000000000000000, 0.000000000000000000, 0.000000000000000000 ) ) ;
#349 = ORIENTED_EDGE ( 'NONE', *, *, #2842, .F. ) ;
#350 = DIRECTION ( 'NONE',  ( -1.000000000000000000, 0.000000000000000000, 0.000000000000000000 ) ) ;
#351 = MECHANICAL_CONTEXT ( 'NONE', #1390, 'mechanical' ) ;
#352 = AXIS2_PLACEMENT_3D ( 'NONE', #342, #1374, #395 ) ;
#353 = EDGE_CURVE ( 'NONE', #701, #1879, #2859, .T. ) ;
#354 = AXIS2_PLACEMENT_3D ( 'NONE', #590, #8, #1859 ) ;
#355 = ORIENTED_EDGE ( 'NONE', *, *, #1982, .T. ) ;
#356 = CARTESIAN_POINT ( 'NONE',  ( 44.99999999999998579, -45.00000000000000000, 0.000000000000000000 ) ) ;
#357 = DIRECTION ( 'NONE',  ( -1.000000000000000000, 0.000000000000000000, 0.000000000000000000 ) ) ;
#358 = LINE ( 'NONE', #2702, #268 ) ;
#359 = CARTESIAN_POINT ( 'NONE',  ( -24.99999999999998579, 49.99999999999999289, 3.000000000000000000 ) ) ;
#360 = CARTESIAN_POINT ( 'NONE',  ( 46.50328280569488015, 40.63007782356721975, 12.47679064808183824 ) ) ;
#361 = EDGE_LOOP ( 'NONE', ( #768, #1883, #1449, #2874 ) ) ;
#362 = ORIENTED_EDGE ( 'NONE', *, *, #778, .F. ) ;
#363 = DIRECTION ( 'NONE',  ( 1.000000000000000000, 0.000000000000000000, 0.000000000000000000 ) ) ;
#364 = DIRECTION ( 'NONE',  ( -0.000000000000000000, -0.000000000000000000, 1.000000000000000000 ) ) ;
#365 = VERTEX_POINT ( 'NONE', #205 ) ;
#366 = CARTESIAN_POINT ( 'NONE',  ( 40.68459021276399312, -46.36363636363635266, -11.14213562373095634 ) ) ;
#367 = EDGE_CURVE ( 'NONE', #2525, #370, #402, .T. ) ;
#368 = DIRECTION ( 'NONE',  ( -1.444447458290425455E-27, 1.000000000000000000, -2.081668171172168513E-14 ) ) ;
#369 = ORIENTED_EDGE ( 'NONE', *, *, #2894, .F. ) ;
#370 = VERTEX_POINT ( 'NONE', #2254 ) ;
#371 = LINE ( 'NONE', #1405, #2317 ) ;
#372 = CC_DESIGN_APPROVAL ( #397, ( #2581 ) ) ;
#373 = CARTESIAN_POINT ( 'NONE',  ( 0.000000000000000000, -24.99999999999999289, 3.000000000000000000 ) ) ;
#374 = CARTESIAN_POINT ( 'NONE',  ( 0.000000000000000000, -24.99999999999999289, 3.000000000000000000 ) ) ;
#375 = DIRECTION ( 'NONE',  ( -1.000000000000000000, 0.000000000000000000, 0.000000000000000000 ) ) ;
#376 = CARTESIAN_POINT ( 'NONE',  ( -46.99999999999998579, -26.73205080756886787, 3.999999999999999112 ) ) ;
#377 = EDGE_CURVE ( 'NONE', #694, #3230, #3077, .T. ) ;
#378 = ORIENTED_EDGE ( 'NONE', *, *, #3185, .F. ) ;
#379 = VERTEX_POINT ( 'NONE', #2272 ) ;
#380 = EDGE_CURVE ( 'NONE', #569, #2353, #1743, .T. ) ;
#381 = ORIENTED_EDGE ( 'NONE', *, *, #3277, .T. ) ;
#382 = CARTESIAN_POINT ( 'NONE',  ( -39.75304923404038959, 46.99999999999999289, 11.51767694664105512 ) ) ;
#383 = VECTOR ( 'NONE', #2971, 999.9999999999998863 ) ;
#384 = DIRECTION ( 'NONE',  ( -0.000000000000000000, -0.000000000000000000, -1.000000000000000000 ) ) ;
#385 = VERTEX_POINT ( 'NONE', #430 ) ;
#386 = CARTESIAN_POINT ( 'NONE',  ( 29.92117770075225636, -17.27500000000016556, 3.000000000000000000 ) ) ;
#387 = CIRCLE ( 'NONE', #981, 1.000000000000000888 ) ;
#388 = ORIENTED_EDGE ( 'NONE', *, *, #778, .T. ) ;
#389 = DIRECTION ( 'NONE',  ( -1.000000000000000000, 0.000000000000000000, 0.000000000000000000 ) ) ;
#390 = AXIS2_PLACEMENT_3D ( 'NONE', #2998, #943, #3217 ) ;
#391 = CARTESIAN_POINT ( 'NONE',  ( 6.938893903907228378E-15, -45.99999999999998579, 4.000000000000000000 ) ) ;
#392 = VECTOR ( 'NONE', #2041, 1000.000000000000000 ) ;
#393 = AXIS2_PLACEMENT_3D ( 'NONE', #3207, #3190, #2968 ) ;
#394 = DIRECTION ( 'NONE',  ( -1.000000000000000000, 0.000000000000000000, 0.000000000000000000 ) ) ;
#395 = DIRECTION ( 'NONE',  ( 1.000000000000000000, 0.000000000000000000, 0.000000000000000000 ) ) ;
#396 = DIRECTION ( 'NONE',  ( 1.000000000000000000, -0.000000000000000000, 0.000000000000000000 ) ) ;
#397 = APPROVAL ( #2733, 'UNSPECIFIED' ) ;
#398 = ORIENTED_EDGE ( 'NONE', *, *, #3051, .T. ) ;
#399 = ORIENTED_EDGE ( 'NONE', *, *, #1026, .F. ) ;
#400 = ORIENTED_EDGE ( 'NONE', *, *, #1611, .T. ) ;
#401 = CARTESIAN_POINT ( 'NONE',  ( -39.75304923404038959, 46.00000000000000000, 4.000000000000000000 ) ) ;
#402 =( BOUNDED_CURVE ( )  B_SPLINE_CURVE ( 3, ( #2767, #999, #2749, #727 ),
 .UNSPECIFIED., .F., .F. ) 
 B_SPLINE_CURVE_WITH_KNOTS ( ( 4, 4 ),
 ( 2.864023020558578381, 3.141592653589793116 ),
 .UNSPECIFIED. ) 
 CURVE ( )  GEOMETRIC_REPRESENTATION_ITEM ( )  RATIONAL_B_SPLINE_CURVE ( ( 1.000000000000000000, 0.9935898903651311231, 0.9935898903651311231, 1.000000000000000000 ) ) 
 REPRESENTATION_ITEM ( '' )  );
#403 = ADVANCED_FACE ( 'NONE', ( #1221 ), #2241, .F. ) ;
#404 = EDGE_CURVE ( 'NONE', #1823, #2570, #152, .T. ) ;
#405 = CARTESIAN_POINT ( 'NONE',  ( -29.92117770075224215, -17.27500000000016556, 0.000000000000000000 ) ) ;
#406 = DIRECTION ( 'NONE',  ( 0.000000000000000000, -0.8660254037844379305, -0.5000000000000011102 ) ) ;
#407 = LINE ( 'NONE', #2947, #3172 ) ;
#408 = ORIENTED_EDGE ( 'NONE', *, *, #1864, .F. ) ;
#409 = DIRECTION ( 'NONE',  ( 0.000000000000000000, 0.000000000000000000, 1.000000000000000000 ) ) ;
#410 = AXIS2_PLACEMENT_3D ( 'NONE', #1618, #1102, #286 ) ;
#411 = CARTESIAN_POINT ( 'NONE',  ( 49.99999999999998579, 49.99999999999999289, 19.00000000000000000 ) ) ;
#412 = EDGE_CURVE ( 'NONE', #3098, #3187, #1144, .T. ) ;
#413 = AXIS2_PLACEMENT_3D ( 'NONE', #2520, #175, #207 ) ;
#414 = EDGE_CURVE ( 'NONE', #2610, #2817, #2988, .T. ) ;
#415 = FACE_OUTER_BOUND ( 'NONE', #3154, .T. ) ;
#416 = FACE_OUTER_BOUND ( 'NONE', #255, .T. ) ;
#417 = DIRECTION ( 'NONE',  ( -0.000000000000000000, -0.000000000000000000, -1.000000000000000000 ) ) ;
#418 = EDGE_CURVE ( 'NONE', #733, #64, #422, .T. ) ;
#419 = ORIENTED_EDGE ( 'NONE', *, *, #1722, .T. ) ;
#420 = ORIENTED_EDGE ( 'NONE', *, *, #367, .T. ) ;
#421 = CARTESIAN_POINT ( 'NONE',  ( 40.69273347164281773, -46.34284403256815921, 12.67754914899665764 ) ) ;
#422 =( BOUNDED_CURVE ( )  B_SPLINE_CURVE ( 3, ( #1238, #3241, #1965, #1484 ),
 .UNSPECIFIED., .F., .F. ) 
 B_SPLINE_CURVE_WITH_KNOTS ( ( 4, 4 ),
 ( 0.000000000000000000, 1.570796326794896558 ),
 .UNSPECIFIED. ) 
 CURVE ( )  GEOMETRIC_REPRESENTATION_ITEM ( )  RATIONAL_B_SPLINE_CURVE ( ( 1.000000000000000000, 0.8047378541243649375, 0.8047378541243649375, 1.000000000000000000 ) ) 
 REPRESENTATION_ITEM ( '' )  );
#423 = CARTESIAN_POINT ( 'NONE',  ( -49.99999999999998579, -50.00000000000000000, 3.000000000000000000 ) ) ;
#424 = CARTESIAN_POINT ( 'NONE',  ( -40.68459021276398602, 46.36363636363636687, -11.14213562373095634 ) ) ;
#425 = COORDINATED_UNIVERSAL_TIME_OFFSET ( 3, 0, .BEHIND. ) ;
#426 = ORIENTED_EDGE ( 'NONE', *, *, #3319, .T. ) ;
#427 = CARTESIAN_POINT ( 'NONE',  ( 26.73205080756886076, -46.99999999999999289, 4.000000000000000000 ) ) ;
#428 = CARTESIAN_POINT ( 'NONE',  ( -28.17360956963953811, -17.18277404313734635, 0.000000000000000000 ) ) ;
#429 = TOROIDAL_SURFACE ( 'NONE', #3009, 11.00000000000000355, 1.000000000000000000 ) ;
#430 = CARTESIAN_POINT ( 'NONE',  ( 46.98578970971346536, -39.92103330537754857, 11.61466259544712898 ) ) ;
#431 = CARTESIAN_POINT ( 'NONE',  ( -39.92103330537754857, -46.98578970971346536, 11.61466259544713608 ) ) ;
#432 = EDGE_LOOP ( 'NONE', ( #3330, #1149 ) ) ;
#433 = ORIENTED_EDGE ( 'NONE', *, *, #148, .F. ) ;
#434 = EDGE_LOOP ( 'NONE', ( #1935, #1659, #1011 ) ) ;
#435 = LINE ( 'NONE', #1467, #1044 ) ;
#436 = ADVANCED_FACE ( 'NONE', ( #682 ), #1755, .F. ) ;
#437 = CARTESIAN_POINT ( 'NONE',  ( -46.36363636363635266, 40.68459021276399312, -11.14213562373095634 ) ) ;
#438 = CARTESIAN_POINT ( 'NONE',  ( -41.99999999999998579, 45.00000000000000000, 0.000000000000000000 ) ) ;
#439 = ORIENTED_EDGE ( 'NONE', *, *, #1856, .T. ) ;
#440 = VECTOR ( 'NONE', #532, 1000.000000000000000 ) ;
#441 = CARTESIAN_POINT ( 'NONE',  ( 6.938893903907228378E-15, -6.938893903907228378E-15, 3.000000000000000000 ) ) ;
#442 = FACE_BOUND ( 'NONE', #1726, .T. ) ;
#443 = CIRCLE ( 'NONE', #658, 0.9999999999999974465 ) ;
#444 = CARTESIAN_POINT ( 'NONE',  ( 49.99999999999998579, -39.99999999999999289, -11.14213562373095634 ) ) ;
#445 = VECTOR ( 'NONE', #1213, 1000.000000000000000 ) ;
#446 = FACE_OUTER_BOUND ( 'NONE', #2456, .T. ) ;
#447 = CARTESIAN_POINT ( 'NONE',  ( -40.00000000002381029, 48.70955274340818875, 11.66025403786109571 ) ) ;
#448 = ORIENTED_EDGE ( 'NONE', *, *, #2913, .F. ) ;
#449 = CIRCLE ( 'NONE', #2010, 1.000000000000000888 ) ;
#450 = ADVANCED_FACE ( 'NONE', ( #3293 ), #2486, .F. ) ;
#451 = ORIENTED_EDGE ( 'NONE', *, *, #2827, .T. ) ;
#452 = DIRECTION ( 'NONE',  ( -1.000000000000000000, 0.000000000000000000, 0.000000000000000000 ) ) ;
#453 = DIRECTION ( 'NONE',  ( 0.8660254037844380415, 0.000000000000000000, 0.5000000000000012212 ) ) ;
#454 = LINE ( 'NONE', #2999, #174 ) ;
#455 = PERSON_AND_ORGANIZATION ( #336, #799 ) ;
#456 = ORIENTED_EDGE ( 'NONE', *, *, #2419, .T. ) ;
#457 = DIRECTION ( 'NONE',  ( -0.000000000000000000, -1.000000000000000000, -0.000000000000000000 ) ) ;
#458 = CARTESIAN_POINT ( 'NONE',  ( 0.000000000000000000, 0.000000000000000000, 0.000000000000000000 ) ) ;
#459 = ADVANCED_FACE ( 'NONE', ( #3006 ), #698, .F. ) ;
#460 = DIRECTION ( 'NONE',  ( -0.000000000000000000, -0.000000000000000000, -1.000000000000000000 ) ) ;
#461 = DIRECTION ( 'NONE',  ( -1.000000000000000000, 0.000000000000000000, 0.000000000000000000 ) ) ;
#462 = FACE_OUTER_BOUND ( 'NONE', #1576, .T. ) ;
#463 = ORIENTED_EDGE ( 'NONE', *, *, #3319, .F. ) ;
#464 = VECTOR ( 'NONE', #1996, 1000.000000000000000 ) ;
#465 = ORIENTED_EDGE ( 'NONE', *, *, #996, .T. ) ;
#466 = LINE ( 'NONE', #3268, #1717 ) ;
#467 = CARTESIAN_POINT ( 'NONE',  ( -46.50328280569488015, -40.63007782356721975, 12.47679064808183824 ) ) ;
#468 = SECURITY_CLASSIFICATION_LEVEL ( 'unclassified' ) ;
#469 = ORIENTED_EDGE ( 'NONE', *, *, #557, .T. ) ;
#470 = DIRECTION ( 'NONE',  ( 0.000000000000000000, 1.000000000000000000, 0.000000000000000000 ) ) ;
#471 = DIRECTION ( 'NONE',  ( 0.000000000000000000, 0.000000000000000000, 1.000000000000000000 ) ) ;
#472 = CARTESIAN_POINT ( 'NONE',  ( -40.62977227743422759, -46.50406553474029181, 12.47569436879316918 ) ) ;
#473 = CARTESIAN_POINT ( 'NONE',  ( -24.99999999999998579, 46.00000000000000000, 3.000000000000000000 ) ) ;
#474 = ORIENTED_EDGE ( 'NONE', *, *, #412, .F. ) ;
#475 = VERTEX_POINT ( 'NONE', #2086 ) ;
#476 = CARTESIAN_POINT ( 'NONE',  ( -39.75304923404038959, -45.99999999999998579, -11.14213562373095634 ) ) ;
#477 = EDGE_CURVE ( 'NONE', #687, #1999, #2643, .T. ) ;
#478 = ORIENTED_EDGE ( 'NONE', *, *, #1624, .T. ) ;
#479 = CARTESIAN_POINT ( 'NONE',  ( 46.99525197138110855, -39.86550542045173273, 11.58260355613767700 ) ) ;
#480 = ORIENTED_EDGE ( 'NONE', *, *, #1007, .F. ) ;
#481 = DIRECTION ( 'NONE',  ( 1.000000000000000000, 0.000000000000000000, 0.000000000000000000 ) ) ;
#482 = DIRECTION ( 'NONE',  ( 0.000000000000000000, -0.8660254037844379305, -0.5000000000000011102 ) ) ;
#483 = AXIS2_PLACEMENT_3D ( 'NONE', #575, #2039, #764 ) ;
#484 = DIRECTION ( 'NONE',  ( 0.000000000000000000, -1.000000000000000000, 0.000000000000000000 ) ) ;
#485 = CARTESIAN_POINT ( 'NONE',  ( 39.49999999999998579, -49.99999999999999289, 11.37157890324960086 ) ) ;
#486 = DIRECTION ( 'NONE',  ( 1.000000000000000000, 0.000000000000000000, 0.000000000000000000 ) ) ;
#487 = ORIENTED_EDGE ( 'NONE', *, *, #3272, .F. ) ;
#488 = CIRCLE ( 'NONE', #1418, 1.700000000000000178 ) ;
#489 = CARTESIAN_POINT ( 'NONE',  ( 49.99999999999998579, -39.49999999999999289, 11.37157890324959730 ) ) ;
#490 = DIRECTION ( 'NONE',  ( -0.000000000000000000, -0.000000000000000000, -1.000000000000000000 ) ) ;
#491 = VECTOR ( 'NONE', #2834, 1000.000000000000000 ) ;
#492 = VECTOR ( 'NONE', #1599, 1000.000000000000000 ) ;
#493 = DIRECTION ( 'NONE',  ( -1.000000000000000000, 0.000000000000000000, 0.000000000000000000 ) ) ;
#494 = EDGE_CURVE ( 'NONE', #200, #842, #39, .T. ) ;
#495 = ORIENTED_EDGE ( 'NONE', *, *, #62, .T. ) ;
#496 = CARTESIAN_POINT ( 'NONE',  ( 46.69999999999997442, -45.00000000000000000, 19.00000000000000000 ) ) ;
#497 = CARTESIAN_POINT ( 'NONE',  ( 47.99999999999997868, -45.00000000000000000, 2.399999999999999467 ) ) ;
#498 = CARTESIAN_POINT ( 'NONE',  ( 39.99999999999998579, 48.75222452043795585, 12.23760430703404012 ) ) ;
#499 = CARTESIAN_POINT ( 'NONE',  ( 39.49999999999998579, 49.99999999999999289, 11.37157890324960086 ) ) ;
#500 = CARTESIAN_POINT ( 'NONE',  ( -39.75963308667226670, 47.25564274131840392, 11.52147813573037816 ) ) ;
#501 = ADVANCED_FACE ( 'NONE', ( #1580 ), #2340, .T. ) ;
#502 = ORIENTED_EDGE ( 'NONE', *, *, #905, .T. ) ;
#503 = ADVANCED_FACE ( 'NONE', ( #263 ), #517, .F. ) ;
#504 = CARTESIAN_POINT ( 'NONE',  ( -49.99999999999999289, -40.00000000000000711, 11.66025403784441217 ) ) ;
#505 = DIRECTION ( 'NONE',  ( -0.000000000000000000, -0.8660254037844379305, -0.5000000000000011102 ) ) ;
#506 = CARTESIAN_POINT ( 'NONE',  ( -49.99999999999998579, -39.49999999999999289, 11.37157890324959730 ) ) ;
#507 = VECTOR ( 'NONE', #77, 1000.000000000000000 ) ;
#508 = ORIENTED_EDGE ( 'NONE', *, *, #3114, .T. ) ;
#509 = AXIS2_PLACEMENT_3D ( 'NONE', #2129, #2381, #1623 ) ;
#510 = CARTESIAN_POINT ( 'NONE',  ( 49.99999999999998579, -39.99999999999999289, 11.66025403784441039 ) ) ;
#511 = VERTEX_POINT ( 'NONE', #1066 ) ;
#512 = EDGE_LOOP ( 'NONE', ( #97, #3147 ) ) ;
#513 = ORIENTED_EDGE ( 'NONE', *, *, #2026, .T. ) ;
#514 = DIRECTION ( 'NONE',  ( 1.000000000000000000, 0.000000000000000000, 0.000000000000000000 ) ) ;
#515 = CARTESIAN_POINT ( 'NONE',  ( -32.99999999999997868, -6.938893903907228378E-15, 0.000000000000000000 ) ) ;
#516 =( BOUNDED_CURVE ( )  B_SPLINE_CURVE ( 3, ( #2218, #1660, #1433, #382 ),
 .UNSPECIFIED., .F., .T. ) 
 B_SPLINE_CURVE_WITH_KNOTS ( ( 4, 4 ),
 ( 1.402012004076375939, 1.570796326794889897 ),
 .UNSPECIFIED. ) 
 CURVE ( )  GEOMETRIC_REPRESENTATION_ITEM ( )  RATIONAL_B_SPLINE_CURVE ( ( 1.000000000000000000, 0.9976273963495188024, 0.9976273963495188024, 1.000000000000000000 ) ) 
 REPRESENTATION_ITEM ( '' )  );
#517 = PLANE ( 'NONE',  #10 ) ;
#518 = PLANE ( 'NONE',  #2511 ) ;
#519 = CARTESIAN_POINT ( 'NONE',  ( 6.938893903907228378E-15, 46.00000000000000000, 4.000000000000000000 ) ) ;
#520 = EDGE_CURVE ( 'NONE', #2886, #240, #1218, .T. ) ;
#521 = DIRECTION ( 'NONE',  ( 0.000000000000000000, 0.7071067811865475727, -0.7071067811865475727 ) ) ;
#522 = FACE_OUTER_BOUND ( 'NONE', #1575, .T. ) ;
#523 = CARTESIAN_POINT ( 'NONE',  ( 46.99999999999998579, -40.46060798583053497, 4.000000000000000000 ) ) ;
#524 = VERTEX_POINT ( 'NONE', #1050 ) ;
#525 = CARTESIAN_POINT ( 'NONE',  ( -49.99999999999998579, -38.99999999999999289, 12.23760430703403657 ) ) ;
#526 = SECURITY_CLASSIFICATION ( '', '', #468 ) ;
#527 = EDGE_CURVE ( 'NONE', #694, #3227, #1195, .T. ) ;
#528 = VERTEX_POINT ( 'NONE', #2847 ) ;
#529 = ORIENTED_EDGE ( 'NONE', *, *, #1006, .T. ) ;
#530 = CARTESIAN_POINT ( 'NONE',  ( 44.99999999999997868, 45.00000000000000000, 19.00000000000000000 ) ) ;
#531 = LINE ( 'NONE', #2879, #1784 ) ;
#532 = DIRECTION ( 'NONE',  ( 0.000000000000000000, -1.000000000000000000, 0.000000000000000000 ) ) ;
#533 = ORIENTED_EDGE ( 'NONE', *, *, #2334, .T. ) ;
#534 = CARTESIAN_POINT ( 'NONE',  ( -47.42210010360328454, 40.25191098335434958, 11.80569491189514686 ) ) ;
#535 = CARTESIAN_POINT ( 'NONE',  ( 39.99999999999998579, 49.99999999999999289, 12.23760430703404012 ) ) ;
#536 = ORIENTED_EDGE ( 'NONE', *, *, #2770, .F. ) ;
#537 = CIRCLE ( 'NONE', #1412, 11.00000000000000355 ) ;
#538 = EDGE_CURVE ( 'NONE', #240, #2687, #1754, .T. ) ;
#539 =( BOUNDED_CURVE ( )  B_SPLINE_CURVE ( 3, ( #262, #1080, #1831, #2355 ),
 .UNSPECIFIED., .F., .F. ) 
 B_SPLINE_CURVE_WITH_KNOTS ( ( 4, 4 ),
 ( 1.570796326794896558, 3.141592653589793116 ),
 .UNSPECIFIED. ) 
 CURVE ( )  GEOMETRIC_REPRESENTATION_ITEM ( )  RATIONAL_B_SPLINE_CURVE ( ( 1.000000000000000000, 0.8047378541243649375, 0.8047378541243649375, 1.000000000000000000 ) ) 
 REPRESENTATION_ITEM ( '' )  );
#540 = CARTESIAN_POINT ( 'NONE',  ( 2.020667218593142123E-16, 34.54999999999999716, 0.000000000000000000 ) ) ;
#541 = CARTESIAN_POINT ( 'NONE',  ( 45.99999999999998579, -3.469446951953614189E-15, 4.000000000000000000 ) ) ;
#542 = PLANE ( 'NONE',  #1749 ) ;
#543 = VECTOR ( 'NONE', #1205, 1000.000000000000000 ) ;
#544 = ORIENTED_EDGE ( 'NONE', *, *, #404, .F. ) ;
#545 = EDGE_CURVE ( 'NONE', #1999, #2710, #1131, .T. ) ;
#546 = AXIS2_PLACEMENT_3D ( 'NONE', #1719, #3020, #709 ) ;
#547 = CARTESIAN_POINT ( 'NONE',  ( -44.99999999999997868, -45.00000000000000000, 0.000000000000000000 ) ) ;
#548 = AXIS2_PLACEMENT_3D ( 'NONE', #2808, #2263, #493 ) ;
#549 = CIRCLE ( 'NONE', #229, 2.999999999999995559 ) ;
#550 = ADVANCED_FACE ( 'NONE', ( #3118 ), #807, .F. ) ;
#551 = EDGE_LOOP ( 'NONE', ( #736, #44 ) ) ;
#552 = VECTOR ( 'NONE', #1499, 1000.000000000000000 ) ;
#553 = ORIENTED_EDGE ( 'NONE', *, *, #3223, .F. ) ;
#554 = CARTESIAN_POINT ( 'NONE',  ( 39.75304923404038249, 47.00000000000000000, 4.000000000000000000 ) ) ;
#555 = CARTESIAN_POINT ( 'NONE',  ( 40.23601823372718655, 47.50515990990489001, 12.38749601688636837 ) ) ;
#556 = EDGE_CURVE ( 'NONE', #1786, #2388, #3069, .T. ) ;
#557 = EDGE_CURVE ( 'NONE', #2817, #3046, #868, .T. ) ;
#558 = CARTESIAN_POINT ( 'NONE',  ( 44.99999999999998579, -45.00000000000000000, 2.399999999999999467 ) ) ;
#559 = FACE_OUTER_BOUND ( 'NONE', #361, .T. ) ;
#560 = LINE ( 'NONE', #828, #491 ) ;
#561 = VERTEX_POINT ( 'NONE', #2054 ) ;
#562 = FACE_OUTER_BOUND ( 'NONE', #1711, .T. ) ;
#563 = DIRECTION ( 'NONE',  ( 0.000000000000000000, -1.000000000000000000, 0.000000000000000000 ) ) ;
#564 = CARTESIAN_POINT ( 'NONE',  ( 44.99999999999997868, 45.00000000000000000, 3.851859888774471706E-31 ) ) ;
#565 = ORIENTED_EDGE ( 'NONE', *, *, #1735, .T. ) ;
#566 = DIRECTION ( 'NONE',  ( -1.000000000000000000, 0.000000000000000000, 0.000000000000000000 ) ) ;
#567 = ORIENTED_EDGE ( 'NONE', *, *, #968, .T. ) ;
#568 = VECTOR ( 'NONE', #2012, 1000.000000000000000 ) ;
#569 = VERTEX_POINT ( 'NONE', #236 ) ;
#570 = FACE_OUTER_BOUND ( 'NONE', #804, .T. ) ;
#571 = CARTESIAN_POINT ( 'NONE',  ( 39.99999999999997868, 49.99999999999999289, 11.66025403784441394 ) ) ;
#572 = DIRECTION ( 'NONE',  ( 0.000000000000000000, 0.000000000000000000, 1.000000000000000000 ) ) ;
#573 = DIRECTION ( 'NONE',  ( -1.000000000000000000, 0.000000000000000000, 0.000000000000000000 ) ) ;
#574 = EDGE_CURVE ( 'NONE', #842, #3227, #2051, .T. ) ;
#575 = CARTESIAN_POINT ( 'NONE',  ( -45.99999999999998579, -39.75304923404039670, 4.000000000000000000 ) ) ;
#576 = DIRECTION ( 'NONE',  ( -0.8660254037844380415, 0.000000000000000000, 0.5000000000000012212 ) ) ;
#577 = LINE ( 'NONE', #1639, #2007 ) ;
#578 = ORIENTED_EDGE ( 'NONE', *, *, #773, .T. ) ;
#579 = VERTEX_POINT ( 'NONE', #2035 ) ;
#580 = CARTESIAN_POINT ( 'NONE',  ( -40.73836990026430271, -46.22670176016713128, 12.08655209852353885 ) ) ;
#581 = EDGE_CURVE ( 'NONE', #2058, #2169, #657, .T. ) ;
#582 = ORIENTED_EDGE ( 'NONE', *, *, #2089, .F. ) ;
#583 = ORIENTED_EDGE ( 'NONE', *, *, #1621, .F. ) ;
#584 = CARTESIAN_POINT ( 'NONE',  ( -39.86550542045173984, -46.99525197138111565, 11.58260355613768233 ) ) ;
#585 = LINE ( 'NONE', #1925, #1458 ) ;
#586 = ORIENTED_EDGE ( 'NONE', *, *, #311, .F. ) ;
#587 = CARTESIAN_POINT ( 'NONE',  ( -24.99999999999998579, -45.99999999999998579, 3.000000000000000000 ) ) ;
#588 = CARTESIAN_POINT ( 'NONE',  ( -47.52599035509487635, -40.23085367474142515, 12.38421608141496399 ) ) ;
#589 = CARTESIAN_POINT ( 'NONE',  ( -24.99999999999998579, -45.99999999999998579, 3.000000000000000000 ) ) ;
#590 = CARTESIAN_POINT ( 'NONE',  ( 39.75304923404036828, 46.00000000000004263, 4.000000000000000000 ) ) ;
#591 = DIRECTION ( 'NONE',  ( -1.000000000000000000, 0.000000000000000000, 0.000000000000000000 ) ) ;
#592 = ORIENTED_EDGE ( 'NONE', *, *, #614, .F. ) ;
#593 = ORIENTED_EDGE ( 'NONE', *, *, #803, .T. ) ;
#594 = ORIENTED_EDGE ( 'NONE', *, *, #2445, .F. ) ;
#595 = AXIS2_PLACEMENT_3D ( 'NONE', #712, #3056, #1773 ) ;
#596 = PRODUCT_DEFINITION ( 'UNKNOWN', '', #2581, #2477 ) ;
#597 = LINE ( 'NONE', #1314, #1039 ) ;
#598 = AXIS2_PLACEMENT_3D ( 'NONE', #150, #1185, #678 ) ;
#599 = AXIS2_PLACEMENT_3D ( 'NONE', #184, #1020, #1625 ) ;
#600 = EDGE_LOOP ( 'NONE', ( #2185, #3029, #3248, #3197, #3131, #3093 ) ) ;
#601 = DIRECTION ( 'NONE',  ( -1.000000000000000000, -0.000000000000000000, -0.000000000000000000 ) ) ;
#602 =( NAMED_UNIT ( * ) SI_UNIT ( $, .STERADIAN. ) SOLID_ANGLE_UNIT ( ) );
#603 = CIRCLE ( 'NONE', #1095, 1.750000000000001554 ) ;
#604 = VERTEX_POINT ( 'NONE', #249 ) ;
#605 = MANIFOLD_SOLID_BREP ( 'Refrentado para tornillo con cabeza troncoc\X2\00f3\X0\nica de M31', #1946 ) ;
#606 = DIRECTION ( 'NONE',  ( -0.000000000000000000, -0.000000000000000000, -1.000000000000000000 ) ) ;
#607 = CARTESIAN_POINT ( 'NONE',  ( 39.75304923404036828, 46.00000000000004263, 3.000000000000000000 ) ) ;
#608 = LINE ( 'NONE', #1654, #2156 ) ;
#609 = DIRECTION ( 'NONE',  ( -1.000000000000000000, 0.000000000000000000, 0.000000000000000000 ) ) ;
#610 = EDGE_CURVE ( 'NONE', #2311, #1608, #1457, .T. ) ;
#611 = DIRECTION ( 'NONE',  ( -0.000000000000000000, -0.000000000000000000, -1.000000000000000000 ) ) ;
#612 = ORIENTED_EDGE ( 'NONE', *, *, #793, .T. ) ;
#613 = ORIENTED_EDGE ( 'NONE', *, *, #3004, .F. ) ;
#614 = EDGE_CURVE ( 'NONE', #2066, #2610, #2541, .T. ) ;
#615 = DIRECTION ( 'NONE',  ( 0.000000000000000000, 0.000000000000000000, 1.000000000000000000 ) ) ;
#616 = DIRECTION ( 'NONE',  ( -0.000000000000000000, -0.000000000000000000, -1.000000000000000000 ) ) ;
#617 = ORIENTED_EDGE ( 'NONE', *, *, #1503, .T. ) ;
#618 = DIRECTION ( 'NONE',  ( 1.000000000000000000, 0.000000000000000000, 0.000000000000000000 ) ) ;
#619 = DIRECTION ( 'NONE',  ( 0.000000000000000000, 0.000000000000000000, 1.000000000000000000 ) ) ;
#620 = AXIS2_PLACEMENT_3D ( 'NONE', #1983, #951, #461 ) ;
#621 = ADVANCED_FACE ( 'NONE', ( #2234, #2960 ), #1181, .T. ) ;
#622 = CIRCLE ( 'NONE', #1275, 1.000000000000000888 ) ;
#623 = VERTEX_POINT ( 'NONE', #652 ) ;
#624 = DIRECTION ( 'NONE',  ( -0.000000000000000000, -0.000000000000000000, -1.000000000000000000 ) ) ;
#625 = CARTESIAN_POINT ( 'NONE',  ( 39.92103330537754857, -46.98578970971346536, 11.61466259544713608 ) ) ;
#626 = EDGE_CURVE ( 'NONE', #1612, #2944, #674, .T. ) ;
#627 = DIRECTION ( 'NONE',  ( -1.000000000000000000, 0.000000000000000000, 0.000000000000000000 ) ) ;
#628 = CARTESIAN_POINT ( 'NONE',  ( -0.1416798643466505025, 32.79989861757432834, 0.2001067915474577241 ) ) ;
#629 = DIRECTION ( 'NONE',  ( -1.000000000000000000, 0.000000000000000000, 0.000000000000000000 ) ) ;
#630 = EDGE_CURVE ( 'NONE', #1776, #528, #1585, .T. ) ;
#631 = EDGE_LOOP ( 'NONE', ( #2961, #801, #1843 ) ) ;
#632 = ORIENTED_EDGE ( 'NONE', *, *, #1982, .F. ) ;
#633 = CARTESIAN_POINT ( 'NONE',  ( 49.99999999999998579, 49.99999999999999289, 4.000000000000000000 ) ) ;
#634 =( BOUNDED_CURVE ( )  B_SPLINE_CURVE ( 3, ( #1311, #2094, #2115, #271 ),
 .UNSPECIFIED., .F., .F. ) 
 B_SPLINE_CURVE_WITH_KNOTS ( ( 4, 4 ),
 ( 1.402012004076383267, 1.570796326794896558 ),
 .UNSPECIFIED. ) 
 CURVE ( )  GEOMETRIC_REPRESENTATION_ITEM ( )  RATIONAL_B_SPLINE_CURVE ( ( 1.000000000000000000, 0.9976273963495188024, 0.9976273963495188024, 1.000000000000000000 ) ) 
 REPRESENTATION_ITEM ( '' )  );
#635 = CARTESIAN_POINT ( 'NONE',  ( -49.80000000000001137, 49.80000000000001847, 0.000000000000000000 ) ) ;
#636 = ORIENTED_EDGE ( 'NONE', *, *, #831, .F. ) ;
#637 = CARTESIAN_POINT ( 'NONE',  ( 6.938893903907228378E-15, -6.938893903907228378E-15, 0.000000000000000000 ) ) ;
#638 = LINE ( 'NONE', #2152, #641 ) ;
#639 = EDGE_LOOP ( 'NONE', ( #2992, #1828, #79, #3059 ) ) ;
#640 = CARTESIAN_POINT ( 'NONE',  ( 49.99999999999998579, -39.99999999999999289, 12.23760430703403301 ) ) ;
#641 = VECTOR ( 'NONE', #85, 1000.000000000000000 ) ;
#642 = LINE ( 'NONE', #1720, #2498 ) ;
#643 = ADVANCED_FACE ( 'NONE', ( #2172 ), #145, .F. ) ;
#644 = CARTESIAN_POINT ( 'NONE',  ( -25.71743893521428959, -46.99999999999998579, 3.414213562373095368 ) ) ;
#645 = CARTESIAN_POINT ( 'NONE',  ( 50.00000000000000000, 49.99999999999999289, 3.000000000000000000 ) ) ;
#646 = CARTESIAN_POINT ( 'NONE',  ( 43.29999999999999005, -45.00000000000000000, 19.00000000000000000 ) ) ;
#647 = EDGE_LOOP ( 'NONE', ( #802, #1316, #1170 ) ) ;
#648 = EDGE_CURVE ( 'NONE', #2199, #1464, #1419, .T. ) ;
#649 = ORIENTED_EDGE ( 'NONE', *, *, #2540, .T. ) ;
#650 = FACE_OUTER_BOUND ( 'NONE', #135, .T. ) ;
#651 = CIRCLE ( 'NONE', #2593, 1.699999999999993072 ) ;
#652 = CARTESIAN_POINT ( 'NONE',  ( 46.69999999999997442, 45.00000000000000000, 2.399999999999999467 ) ) ;
#653 = VECTOR ( 'NONE', #2844, 1000.000000000000114 ) ;
#654 = CARTESIAN_POINT ( 'NONE',  ( 44.99999999999997868, 45.00000000000000000, 2.399999999999999467 ) ) ;
#655 = EDGE_CURVE ( 'NONE', #701, #1926, #1922, .T. ) ;
#656 = CARTESIAN_POINT ( 'NONE',  ( -46.99999999999999289, -25.71743893521430024, 3.414213562373092703 ) ) ;
#657 = CIRCLE ( 'NONE', #3081, 10.00000000000000178 ) ;
#658 = AXIS2_PLACEMENT_3D ( 'NONE', #2661, #2174, #3203 ) ;
#659 = EDGE_CURVE ( 'NONE', #475, #2778, #1641, .T. ) ;
#660 = VERTEX_POINT ( 'NONE', #635 ) ;
#661 = CARTESIAN_POINT ( 'NONE',  ( 43.29999999999997584, 45.00000000000000000, 19.00000000000000000 ) ) ;
#662 = AXIS2_PLACEMENT_3D ( 'NONE', #1573, #2366, #30 ) ;
#663 = ADVANCED_FACE ( 'NONE', ( #1936 ), #2744, .F. ) ;
#664 = FACE_OUTER_BOUND ( 'NONE', #2895, .T. ) ;
#665 = AXIS2_PLACEMENT_3D ( 'NONE', #2552, #3295, #3071 ) ;
#666 = EDGE_CURVE ( 'NONE', #2610, #2066, #1034, .T. ) ;
#667 = AXIS2_PLACEMENT_3D ( 'NONE', #1121, #2410, #2393 ) ;
#668 = PLANE ( 'NONE',  #2775 ) ;
#669 = LINE ( 'NONE', #2198, #1954 ) ;
#670 = ORIENTED_EDGE ( 'NONE', *, *, #414, .F. ) ;
#671 = ORIENTED_EDGE ( 'NONE', *, *, #1735, .F. ) ;
#672 = ORIENTED_EDGE ( 'NONE', *, *, #940, .F. ) ;
#673 = CARTESIAN_POINT ( 'NONE',  ( 46.98578970971346536, 39.92103330537754857, 11.61466259544712898 ) ) ;
#674 = LINE ( 'NONE', #437, #277 ) ;
#675 = CARTESIAN_POINT ( 'NONE',  ( 31.67117770075225636, -17.27500000000016556, 0.000000000000000000 ) ) ;
#676 = APPROVAL_STATUS ( 'not_yet_approved' ) ;
#677 = ORIENTED_EDGE ( 'NONE', *, *, #2553, .F. ) ;
#678 = DIRECTION ( 'NONE',  ( -1.000000000000000000, 0.000000000000000000, 0.000000000000000000 ) ) ;
#679 = AXIS2_PLACEMENT_3D ( 'NONE', #2325, #2867, #1285 ) ;
#680 = DIRECTION ( 'NONE',  ( 0.3636363636363224017, -0.9315409787236160755, 0.000000000000000000 ) ) ;
#681 = AXIS2_PLACEMENT_3D ( 'NONE', #2773, #1502, #1243 ) ;
#682 = FACE_OUTER_BOUND ( 'NONE', #3144, .T. ) ;
#683 = EDGE_CURVE ( 'NONE', #3121, #2631, #2441, .T. ) ;
#684 = CARTESIAN_POINT ( 'NONE',  ( 46.93444590256522986, -40.12111050360916664, 11.75104600164131874 ) ) ;
#685 = DIRECTION ( 'NONE',  ( 1.000000000000000000, 0.000000000000000000, 0.000000000000000000 ) ) ;
#686 = ORIENTED_EDGE ( 'NONE', *, *, #1621, .T. ) ;
#687 = VERTEX_POINT ( 'NONE', #131 ) ;
#688 = DIRECTION ( 'NONE',  ( 0.000000000000000000, 0.000000000000000000, -1.000000000000000000 ) ) ;
#689 = CARTESIAN_POINT ( 'NONE',  ( 40.73836990026430271, -46.22670176016713128, 12.08655209852353885 ) ) ;
#690 = CARTESIAN_POINT ( 'NONE',  ( 49.99999999999998579, -49.99999999999999289, 4.000000000000000000 ) ) ;
#691 = DIRECTION ( 'NONE',  ( 0.000000000000000000, -1.249000902703301108E-13, -1.000000000000000000 ) ) ;
#692 = ADVANCED_FACE ( 'NONE', ( #163 ), #1476, .F. ) ;
#693 = PERSON_AND_ORGANIZATION ( #336, #799 ) ;
#694 = VERTEX_POINT ( 'NONE', #1196 ) ;
#695 = CARTESIAN_POINT ( 'NONE',  ( -46.99999999999999289, 25.71743893521428959, 3.414213562373095368 ) ) ;
#696 = CARTESIAN_POINT ( 'NONE',  ( 46.69999999999998153, -45.00000000000000000, 2.399999999999999467 ) ) ;
#697 = PRODUCT_DEFINITION_SHAPE ( 'NONE', 'NONE',  #596 ) ;
#698 = CYLINDRICAL_SURFACE ( 'NONE', #272, 1.000000000000000000 ) ;
#699 = CARTESIAN_POINT ( 'NONE',  ( 46.99999999999998579, 39.75304923404039670, 11.51767694664105157 ) ) ;
#700 = CARTESIAN_POINT ( 'NONE',  ( -39.99999999999998579, 49.99999999999999289, 12.23760430703404012 ) ) ;
#701 = VERTEX_POINT ( 'NONE', #1988 ) ;
#702 = ORIENTED_EDGE ( 'NONE', *, *, #20, .T. ) ;
#703 = PLANE ( 'NONE',  #2074 ) ;
#704 = LINE ( 'NONE', #2527, #1528 ) ;
#705 = ADVANCED_FACE ( 'NONE', ( #3252 ), #2187, .T. ) ;
#706 = CARTESIAN_POINT ( 'NONE',  ( -39.99999999999998579, -49.99999999999999289, 12.23760430703404012 ) ) ;
#707 = CIRCLE ( 'NONE', #2696, 10.00000000000000178 ) ;
#708 = EDGE_LOOP ( 'NONE', ( #463, #1780, #1360, #2184 ) ) ;
#709 = DIRECTION ( 'NONE',  ( 0.000000000000000000, -1.000000000000000000, 0.000000000000000000 ) ) ;
#710 = FACE_OUTER_BOUND ( 'NONE', #2489, .T. ) ;
#711 = VECTOR ( 'NONE', #2178, 999.9999999999998863 ) ;
#712 = CARTESIAN_POINT ( 'NONE',  ( -49.99999999999998579, 49.99999999999999289, 4.000000000000000000 ) ) ;
#713 = VECTOR ( 'NONE', #3195, 1000.000000000000000 ) ;
#714 = CARTESIAN_POINT ( 'NONE',  ( -40.68459021276399312, -46.36363636363635266, 12.67237748502031458 ) ) ;
#715 = DIRECTION ( 'NONE',  ( 0.000000000000000000, 0.000000000000000000, 1.000000000000000000 ) ) ;
#716 = ORIENTED_EDGE ( 'NONE', *, *, #3256, .T. ) ;
#717 = CIRCLE ( 'NONE', #2271, 1.700000000000000178 ) ;
#718 = EDGE_LOOP ( 'NONE', ( #2147, #2958, #333, #2073, #362 ) ) ;
#719 = CARTESIAN_POINT ( 'NONE',  ( -24.99999999999998579, -49.99999999999999289, 3.000000000000000000 ) ) ;
#720 = UNCERTAINTY_MEASURE_WITH_UNIT (LENGTH_MEASURE( 1.000000000000000082E-05 ), #1437, 'distance_accuracy_value', 'NONE');
#721 = EDGE_CURVE ( 'NONE', #2032, #1778, #1730, .T. ) ;
#722 = ORIENTED_EDGE ( 'NONE', *, *, #2053, .F. ) ;
#723 = PERSON_AND_ORGANIZATION_ROLE ( 'creator' ) ;
#724 = VERTEX_POINT ( 'NONE', #1400 ) ;
#725 = CARTESIAN_POINT ( 'NONE',  ( -49.99999999999998579, 49.99999999999999289, -11.14213562373095634 ) ) ;
#726 = DIRECTION ( 'NONE',  ( 0.000000000000000000, 0.5000000000000012212, -0.8660254037844380415 ) ) ;
#727 = CARTESIAN_POINT ( 'NONE',  ( -49.99999999999998579, 39.49999999999999289, 11.37157890324959730 ) ) ;
#728 = CARTESIAN_POINT ( 'NONE',  ( 28.17117770075225280, -17.27500000000016556, 3.000000000000000000 ) ) ;
#729 = CARTESIAN_POINT ( 'NONE',  ( -45.99999999999998579, -39.75304923404039670, 4.000000000000000000 ) ) ;
#730 = EDGE_CURVE ( 'NONE', #64, #1778, #2420, .T. ) ;
#731 = ORIENTED_EDGE ( 'NONE', *, *, #527, .F. ) ;
#732 = VECTOR ( 'NONE', #1485, 1000.000000000000000 ) ;
#733 = VERTEX_POINT ( 'NONE', #2560 ) ;
#734 = DIRECTION ( 'NONE',  ( 0.000000000000000000, -1.000000000000000000, 0.000000000000000000 ) ) ;
#735 = FACE_OUTER_BOUND ( 'NONE', #346, .T. ) ;
#736 = ORIENTED_EDGE ( 'NONE', *, *, #2942, .F. ) ;
#737 = CARTESIAN_POINT ( 'NONE',  ( -39.49999999999998579, 49.99999999999999289, 11.37157890324960086 ) ) ;
#738 =( BOUNDED_CURVE ( )  B_SPLINE_CURVE ( 3, ( #1043, #2575, #258, #231 ),
 .UNSPECIFIED., .F., .T. ) 
 B_SPLINE_CURVE_WITH_KNOTS ( ( 4, 4 ),
 ( 1.402012004076375939, 1.570796326794889897 ),
 .UNSPECIFIED. ) 
 CURVE ( )  GEOMETRIC_REPRESENTATION_ITEM ( )  RATIONAL_B_SPLINE_CURVE ( ( 1.000000000000000000, 0.9976273963495188024, 0.9976273963495188024, 1.000000000000000000 ) ) 
 REPRESENTATION_ITEM ( '' )  );
#739 = DIRECTION ( 'NONE',  ( -0.000000000000000000, -0.000000000000000000, -1.000000000000000000 ) ) ;
#740 = DIRECTION ( 'NONE',  ( -0.000000000000000000, -0.000000000000000000, -1.000000000000000000 ) ) ;
#741 = LINE ( 'NONE', #728, #464 ) ;
#742 = DIRECTION ( 'NONE',  ( -0.5000000000000012212, 0.000000000000000000, 0.8660254037844380415 ) ) ;
#743 = EDGE_LOOP ( 'NONE', ( #2216, #3072, #281, #217, #1178 ) ) ;
#744 = ADVANCED_FACE ( 'NONE', ( #735 ), #1763, .F. ) ;
#745 = VERTEX_POINT ( 'NONE', #2003 ) ;
#746 = PLANE ( 'NONE',  #2938 ) ;
#747 = LOCAL_TIME ( 21, 21, 32.00000000000000000, #425 ) ;
#748 = LINE ( 'NONE', #1522, #2265 ) ;
#749 = EDGE_CURVE ( 'NONE', #1926, #385, #1826, .T. ) ;
#750 = ORIENTED_EDGE ( 'NONE', *, *, #2576, .F. ) ;
#751 = DIRECTION ( 'NONE',  ( 0.000000000000000000, 1.000000000000000000, 0.000000000000000000 ) ) ;
#752 = EDGE_CURVE ( 'NONE', #2279, #787, #748, .T. ) ;
#753 = CARTESIAN_POINT ( 'NONE',  ( 46.36363636363635266, 40.68459021276399312, -11.14213562373095634 ) ) ;
#754 = CIRCLE ( 'NONE', #1849, 2.999999999999995559 ) ;
#755 = EDGE_CURVE ( 'NONE', #3011, #733, #1779, .T. ) ;
#756 = AXIS2_PLACEMENT_3D ( 'NONE', #2799, #2781, #1736 ) ;
#757 =( BOUNDED_CURVE ( )  B_SPLINE_CURVE ( 3, ( #2252, #994, #695, #1509 ),
 .UNSPECIFIED., .F., .T. ) 
 B_SPLINE_CURVE_WITH_KNOTS ( ( 4, 4 ),
 ( 0.000000000000000000, 1.570796326794896336 ),
 .UNSPECIFIED. ) 
 CURVE ( )  GEOMETRIC_REPRESENTATION_ITEM ( )  RATIONAL_B_SPLINE_CURVE ( ( 1.000000000000000000, 0.8047378541243650485, 0.8047378541243650485, 1.000000000000000000 ) ) 
 REPRESENTATION_ITEM ( '' )  );
#758 = CARTESIAN_POINT ( 'NONE',  ( 40.23085367474142515, 47.52599035509489056, 12.38421608141496577 ) ) ;
#759 = DIRECTION ( 'NONE',  ( -1.000000000000000000, 0.000000000000000000, 0.000000000000000000 ) ) ;
#760 = CARTESIAN_POINT ( 'NONE',  ( -40.28720628722637542, 46.85049095398669294, 11.91564002599568006 ) ) ;
#761 = AXIS2_PLACEMENT_3D ( 'NONE', #2907, #2443, #1421 ) ;
#762 = VERTEX_POINT ( 'NONE', #198 ) ;
#763 = VECTOR ( 'NONE', #2078, 1000.000000000000000 ) ;
#764 = DIRECTION ( 'NONE',  ( 0.000000000000000000, 1.000000000000000000, 6.938893903907222067E-14 ) ) ;
#765 = DIRECTION ( 'NONE',  ( 0.000000000000000000, 0.000000000000000000, 1.000000000000000000 ) ) ;
#766 = CARTESIAN_POINT ( 'NONE',  ( 6.938893903907228378E-15, -6.938893903907228378E-15, 3.000000000000000000 ) ) ;
#767 = AXIS2_PLACEMENT_3D ( 'NONE', #2647, #1352, #2108 ) ;
#768 = ORIENTED_EDGE ( 'NONE', *, *, #418, .F. ) ;
#769 = CARTESIAN_POINT ( 'NONE',  ( 39.99999999999997868, -48.75222452043796295, 12.23760430703404012 ) ) ;
#770 = ORIENTED_EDGE ( 'NONE', *, *, #659, .F. ) ;
#771 = FACE_OUTER_BOUND ( 'NONE', #345, .T. ) ;
#772 = CARTESIAN_POINT ( 'NONE',  ( 40.25567202916430887, 47.41285790901794428, 11.80786635270339602 ) ) ;
#773 = EDGE_CURVE ( 'NONE', #1464, #3202, #3063, .T. ) ;
#774 = CARTESIAN_POINT ( 'NONE',  ( 24.99999999999998579, -49.99999999999999289, 3.000000000000000000 ) ) ;
#775 = LINE ( 'NONE', #2833, #3265 ) ;
#776 = CARTESIAN_POINT ( 'NONE',  ( -46.36363636363635266, -40.68459021276399312, 12.67237748502030570 ) ) ;
#777 = ORIENTED_EDGE ( 'NONE', *, *, #2419, .F. ) ;
#778 = EDGE_CURVE ( 'NONE', #2586, #2975, #738, .T. ) ;
#779 = CARTESIAN_POINT ( 'NONE',  ( 49.99999999999998579, 49.99999999999999289, -11.14213562373095634 ) ) ;
#780 = LINE ( 'NONE', #310, #87 ) ;
#781 = LINE ( 'NONE', #424, #392 ) ;
#782 = ORIENTED_EDGE ( 'NONE', *, *, #1856, .F. ) ;
#783 = ORIENTED_EDGE ( 'NONE', *, *, #2504, .T. ) ;
#784 = AXIS2_PLACEMENT_3D ( 'NONE', #401, #2458, #143 ) ;
#785 = CARTESIAN_POINT ( 'NONE',  ( -39.99999999999998579, -48.75123481346430054, 12.23760430703642399 ) ) ;
#786 = EDGE_LOOP ( 'NONE', ( #2838, #1699, #2501, #833 ) ) ;
#787 = VERTEX_POINT ( 'NONE', #1540 ) ;
#788 = DIRECTION ( 'NONE',  ( 0.000000000000000000, 0.000000000000000000, 1.000000000000000000 ) ) ;
#789 = DIRECTION ( 'NONE',  ( -0.000000000000000000, -0.000000000000000000, -1.000000000000000000 ) ) ;
#790 = DIRECTION ( 'NONE',  ( -0.000000000000000000, -0.000000000000000000, -1.000000000000000000 ) ) ;
#791 = CARTESIAN_POINT ( 'NONE',  ( 46.99999999999998579, 39.75304923404039670, 11.51767694664105157 ) ) ;
#792 = DIRECTION ( 'NONE',  ( -1.000000000000000000, 0.000000000000000000, 0.000000000000000000 ) ) ;
#793 = EDGE_CURVE ( 'NONE', #2686, #1947, #1266, .T. ) ;
#794 = FACE_OUTER_BOUND ( 'NONE', #102, .T. ) ;
#795 = DIRECTION ( 'NONE',  ( 1.000000000000000000, 0.000000000000000000, 0.000000000000000000 ) ) ;
#796 = DIRECTION ( 'NONE',  ( 0.000000000000000000, 0.000000000000000000, 1.000000000000000000 ) ) ;
#797 = ORIENTED_EDGE ( 'NONE', *, *, #3004, .T. ) ;
#798 = FACE_OUTER_BOUND ( 'NONE', #1565, .T. ) ;
#799 = ORGANIZATION ( 'UNSPECIFIED', 'UNSPECIFIED', '' ) ;
#800 = EDGE_CURVE ( 'NONE', #95, #129, #2313, .T. ) ;
#801 = ORIENTED_EDGE ( 'NONE', *, *, #2788, .F. ) ;
#802 = ORIENTED_EDGE ( 'NONE', *, *, #2476, .F. ) ;
#803 = EDGE_CURVE ( 'NONE', #2778, #1431, #2006, .T. ) ;
#804 = EDGE_LOOP ( 'NONE', ( #1768, #1201, #2140 ) ) ;
#805 = DIRECTION ( 'NONE',  ( 1.000000000000000000, 0.000000000000000000, 0.000000000000000000 ) ) ;
#806 = CARTESIAN_POINT ( 'NONE',  ( 40.00000000002381029, 48.70955274340818875, 11.66025403786109571 ) ) ;
#807 = CYLINDRICAL_SURFACE ( 'NONE', #2315, 2.999999999999995559 ) ;
#808 = CARTESIAN_POINT ( 'NONE',  ( 39.49999999999998579, 48.97896378213695812, 11.37157890324960086 ) ) ;
#809 = DIRECTION ( 'NONE',  ( 1.000000000000000000, 0.000000000000000000, 0.000000000000000000 ) ) ;
#810 = ORIENTED_EDGE ( 'NONE', *, *, #1905, .T. ) ;
#811 = VECTOR ( 'NONE', #3267, 1000.000000000000000 ) ;
#812 = DIRECTION ( 'NONE',  ( 1.000000000000000000, 1.249000902703299846E-13, 0.000000000000000000 ) ) ;
#813 = FACE_OUTER_BOUND ( 'NONE', #1978, .T. ) ;
#814 = CARTESIAN_POINT ( 'NONE',  ( 2.020667218593142123E-16, 34.54999999999999716, 0.000000000000000000 ) ) ;
#815 = ORIENTED_EDGE ( 'NONE', *, *, #2404, .T. ) ;
#816 = VECTOR ( 'NONE', #1229, 1000.000000000000000 ) ;
#817 = AXIS2_PLACEMENT_3D ( 'NONE', #2193, #120, #858 ) ;
#818 = ORIENTED_EDGE ( 'NONE', *, *, #1767, .T. ) ;
#819 = CARTESIAN_POINT ( 'NONE',  ( -39.50000000001173817, -48.62638319938682230, 11.37157890325638832 ) ) ;
#820 = AXIS2_PLACEMENT_3D ( 'NONE', #242, #2309, #691 ) ;
#821 = ORIENTED_EDGE ( 'NONE', *, *, #93, .F. ) ;
#822 = AXIS2_PLACEMENT_3D ( 'NONE', #519, #1564, #1322 ) ;
#823 = EDGE_CURVE ( 'NONE', #1279, #109, #2970, .T. ) ;
#824 = ORIENTED_EDGE ( 'NONE', *, *, #3239, .T. ) ;
#825 = CARTESIAN_POINT ( 'NONE',  ( 39.75304923404039670, -45.99999999999998579, 4.000000000000000000 ) ) ;
#826 = LINE ( 'NONE', #840, #2383 ) ;
#827 = CARTESIAN_POINT ( 'NONE',  ( -48.75222452043794874, 39.99999999999999289, 12.23760430703403657 ) ) ;
#828 = CARTESIAN_POINT ( 'NONE',  ( 41.99999999999998579, -45.00000000000000000, 0.000000000000000000 ) ) ;
#829 = ORIENTED_EDGE ( 'NONE', *, *, #418, .T. ) ;
#830 = LINE ( 'NONE', #1568, #507 ) ;
#831 = EDGE_CURVE ( 'NONE', #2822, #96, #870, .T. ) ;
#832 = FACE_OUTER_BOUND ( 'NONE', #1101, .T. ) ;
#833 = ORIENTED_EDGE ( 'NONE', *, *, #1103, .F. ) ;
#834 = CARTESIAN_POINT ( 'NONE',  ( 46.99999999999998579, 39.75304923404039670, 2.999999999999999112 ) ) ;
#835 = CIRCLE ( 'NONE', #2725, 10.00000000000000178 ) ;
#836 = ORIENTED_EDGE ( 'NONE', *, *, #211, .F. ) ;
#837 = AXIS2_PLACEMENT_3D ( 'NONE', #2558, #2000, #2040 ) ;
#838 = ORIENTED_EDGE ( 'NONE', *, *, #1643, .T. ) ;
#839 = CARTESIAN_POINT ( 'NONE',  ( -39.75304923404038959, -46.99999999999999289, 11.51767694664105512 ) ) ;
#840 = CARTESIAN_POINT ( 'NONE',  ( 47.99999999999997868, -45.00000000000000000, 0.000000000000000000 ) ) ;
#841 = ORIENTED_EDGE ( 'NONE', *, *, #2798, .T. ) ;
#842 = VERTEX_POINT ( 'NONE', #3050 ) ;
#843 = DIRECTION ( 'NONE',  ( 0.000000000000000000, -0.8660254037844379305, -0.5000000000000011102 ) ) ;
#844 = CARTESIAN_POINT ( 'NONE',  ( 46.99999999999998579, 26.73205080756886787, 3.999999999999999112 ) ) ;
#845 = DIRECTION ( 'NONE',  ( 0.000000000000000000, 0.000000000000000000, 1.000000000000000000 ) ) ;
#846 = LINE ( 'NONE', #1638, #86 ) ;
#847 = CARTESIAN_POINT ( 'NONE',  ( 46.80008662976745626, 40.35857943202694997, 12.00444058092217325 ) ) ;
#848 = ORIENTED_EDGE ( 'NONE', *, *, #614, .T. ) ;
#849 = CARTESIAN_POINT ( 'NONE',  ( 46.99999999999998579, -26.73205080756886787, 3.999999999999999112 ) ) ;
#850 = VERTEX_POINT ( 'NONE', #2044 ) ;
#851 = VERTEX_POINT ( 'NONE', #1810 ) ;
#852 = CARTESIAN_POINT ( 'NONE',  ( -40.68459021276398602, 46.36363636363636687, 12.67237748502030925 ) ) ;
#853 = FACE_OUTER_BOUND ( 'NONE', #3033, .T. ) ;
#854 =( GEOMETRIC_REPRESENTATION_CONTEXT ( 3 ) GLOBAL_UNCERTAINTY_ASSIGNED_CONTEXT ( ( #720 ) ) GLOBAL_UNIT_ASSIGNED_CONTEXT ( ( #1437, #1651, #602 ) ) REPRESENTATION_CONTEXT ( 'NONE', 'WORKASPACE' ) );
#855 = EDGE_CURVE ( 'NONE', #1608, #338, #45, .T. ) ;
#856 = EDGE_CURVE ( 'NONE', #1879, #2442, #704, .T. ) ;
#857 = ORIENTED_EDGE ( 'NONE', *, *, #380, .F. ) ;
#858 = DIRECTION ( 'NONE',  ( -0.000000000000000000, 0.8660254037844379305, -0.5000000000000011102 ) ) ;
#859 = DIRECTION ( 'NONE',  ( -0.000000000000000000, -0.000000000000000000, 1.000000000000000000 ) ) ;
#860 = EDGE_CURVE ( 'NONE', #991, #1242, #1953, .T. ) ;
#861 = CYLINDRICAL_SURFACE ( 'NONE', #864, 1.000000000000000888 ) ;
#862 = CARTESIAN_POINT ( 'NONE',  ( 46.85049547955437532, -40.28719872831621984, 11.91563164880870218 ) ) ;
#863 = DIRECTION ( 'NONE',  ( -1.000000000000000000, 0.000000000000000000, 0.000000000000000000 ) ) ;
#864 = AXIS2_PLACEMENT_3D ( 'NONE', #914, #2162, #2650 ) ;
#865 = ORIENTED_EDGE ( 'NONE', *, *, #1886, .F. ) ;
#866 = EDGE_LOOP ( 'NONE', ( #1077, #2303, #259, #2295, #2471, #2262, #2168, #2636 ) ) ;
#867 = ORIENTED_EDGE ( 'NONE', *, *, #1072, .F. ) ;
#868 = CIRCLE ( 'NONE', #2752, 1.700000000000000178 ) ;
#869 = FACE_OUTER_BOUND ( 'NONE', #2706, .T. ) ;
#870 =( BOUNDED_CURVE ( )  B_SPLINE_CURVE ( 3, ( #3080, #3307, #769, #1491 ),
 .UNSPECIFIED., .F., .T. ) 
 B_SPLINE_CURVE_WITH_KNOTS ( ( 4, 4 ),
 ( 2.769424119629466219, 3.141592653589793116 ),
 .UNSPECIFIED. ) 
 CURVE ( )  GEOMETRIC_REPRESENTATION_ITEM ( )  RATIONAL_B_SPLINE_CURVE ( ( 1.000000000000000000, 0.9884908171532498233, 0.9884908171532498233, 1.000000000000000000 ) ) 
 REPRESENTATION_ITEM ( '' )  );
#871 = AXIS2_PLACEMENT_3D ( 'NONE', #1012, #2579, #2878 ) ;
#872 = DIRECTION ( 'NONE',  ( -0.000000000000000000, -0.8660254037844379305, -0.5000000000000011102 ) ) ;
#873 = ORIENTED_EDGE ( 'NONE', *, *, #3148, .F. ) ;
#874 = CARTESIAN_POINT ( 'NONE',  ( -39.99999999999998579, 49.99999999999999289, 12.23760430703404012 ) ) ;
#875 = ORIENTED_EDGE ( 'NONE', *, *, #1537, .F. ) ;
#876 = CARTESIAN_POINT ( 'NONE',  ( -39.99999999999998579, 49.99999999999999289, -11.14213562373095634 ) ) ;
#877 = EDGE_CURVE ( 'NONE', #2975, #1242, #1328, .T. ) ;
#878 = CARTESIAN_POINT ( 'NONE',  ( 50.00000000000000000, 49.99999999999999289, 0.1999999999999779732 ) ) ;
#879 = CARTESIAN_POINT ( 'NONE',  ( 24.99999999999998579, -49.99999999999999289, 3.000000000000000000 ) ) ;
#880 = CARTESIAN_POINT ( 'NONE',  ( -39.99999999999998579, 49.99999999999998579, 19.00000000000000000 ) ) ;
#881 = CARTESIAN_POINT ( 'NONE',  ( -39.92103330537754857, -46.98578970971346536, 11.61466259544713608 ) ) ;
#882 = ORIENTED_EDGE ( 'NONE', *, *, #414, .T. ) ;
#883 = EDGE_CURVE ( 'NONE', #379, #2888, #284, .T. ) ;
#884 = ORIENTED_EDGE ( 'NONE', *, *, #2935, .T. ) ;
#885 = EDGE_LOOP ( 'NONE', ( #1718, #2965 ) ) ;
#886 = CARTESIAN_POINT ( 'NONE',  ( 39.99999999999998579, -49.99999999999999289, 12.23760430703404012 ) ) ;
#887 =( BOUNDED_CURVE ( )  B_SPLINE_CURVE ( 3, ( #40, #1051, #808, #499 ),
 .UNSPECIFIED., .F., .T. ) 
 B_SPLINE_CURVE_WITH_KNOTS ( ( 4, 4 ),
 ( 2.864023020558579713, 3.141592653589793116 ),
 .UNSPECIFIED. ) 
 CURVE ( )  GEOMETRIC_REPRESENTATION_ITEM ( )  RATIONAL_B_SPLINE_CURVE ( ( 1.000000000000000000, 0.9935898903651311231, 0.9935898903651311231, 1.000000000000000000 ) ) 
 REPRESENTATION_ITEM ( '' )  );
#888 = DIRECTION ( 'NONE',  ( 0.000000000000000000, 0.000000000000000000, 1.000000000000000000 ) ) ;
#889 = ORIENTED_EDGE ( 'NONE', *, *, #2540, .F. ) ;
#890 = CARTESIAN_POINT ( 'NONE',  ( 39.80937756084140489, 47.00000000000000711, 11.55019812128262124 ) ) ;
#891 = AXIS2_PLACEMENT_3D ( 'NONE', #1189, #2144, #2213 ) ;
#892 = ORIENTED_EDGE ( 'NONE', *, *, #1115, .F. ) ;
#893 = FACE_OUTER_BOUND ( 'NONE', #2727, .T. ) ;
#894 = EDGE_CURVE ( 'NONE', #524, #2717, #2219, .T. ) ;
#895 = DIRECTION ( 'NONE',  ( 0.000000000000000000, 1.000000000000000000, 0.000000000000000000 ) ) ;
#896 = PLANE ( 'NONE',  #1741 ) ;
#897 = EDGE_CURVE ( 'NONE', #2400, #2311, #1530, .T. ) ;
#898 = CARTESIAN_POINT ( 'NONE',  ( -46.99999999999998579, -3.469446951953614189E-15, 9.500000000000000000 ) ) ;
#899 = CARTESIAN_POINT ( 'NONE',  ( -49.99999999999998579, -49.99999999999999289, -11.14213562373095634 ) ) ;
#900 = ORIENTED_EDGE ( 'NONE', *, *, #2374, .T. ) ;
#901 = VERTEX_POINT ( 'NONE', #2904 ) ;
#902 = EDGE_CURVE ( 'NONE', #2886, #2028, #2351, .T. ) ;
#903 = ORIENTED_EDGE ( 'NONE', *, *, #1187, .F. ) ;
#904 = FACE_OUTER_BOUND ( 'NONE', #2299, .T. ) ;
#905 = EDGE_CURVE ( 'NONE', #1809, #511, #597, .T. ) ;
#906 = CARTESIAN_POINT ( 'NONE',  ( -49.99999999999998579, -49.99999999999999289, 19.00000000000000000 ) ) ;
#907 = ORIENTED_EDGE ( 'NONE', *, *, #2191, .T. ) ;
#908 = CARTESIAN_POINT ( 'NONE',  ( -45.99999999999998579, 39.75304923404039670, 4.000000000000000000 ) ) ;
#909 = ADVANCED_FACE ( 'NONE', ( #798 ), #1647, .F. ) ;
#910 = ORIENTED_EDGE ( 'NONE', *, *, #256, .T. ) ;
#911 = CARTESIAN_POINT ( 'NONE',  ( 1.750000000000001332, 34.54999999999999716, 0.000000000000000000 ) ) ;
#912 = APPROVAL_PERSON_ORGANIZATION ( #974, #397, #2236 ) ;
#913 = DIRECTION ( 'NONE',  ( 0.000000000000000000, -1.000000000000000000, 0.000000000000000000 ) ) ;
#914 = CARTESIAN_POINT ( 'NONE',  ( 39.75304923404038959, -45.99999999999998579, -11.14213562373095634 ) ) ;
#915 = CARTESIAN_POINT ( 'NONE',  ( 46.36363636363635266, -40.68459021276399312, 12.67237748502030570 ) ) ;
#916 = DIRECTION ( 'NONE',  ( -0.3636363636363224017, 0.9315409787236160755, 0.000000000000000000 ) ) ;
#917 = ORIENTED_EDGE ( 'NONE', *, *, #2788, .T. ) ;
#918 = VERTEX_POINT ( 'NONE', #3127 ) ;
#919 = ORIENTED_EDGE ( 'NONE', *, *, #803, .F. ) ;
#920 = CARTESIAN_POINT ( 'NONE',  ( 44.99999999999997868, 45.00000000000000000, 19.00000000000000000 ) ) ;
#921 = VECTOR ( 'NONE', #2196, 999.9999999999998863 ) ;
#922 = DIRECTION ( 'NONE',  ( 0.000000000000000000, -0.000000000000000000, 1.000000000000000000 ) ) ;
#923 = AXIS2_PLACEMENT_3D ( 'NONE', #1633, #2646, #1154 ) ;
#924 = DIRECTION ( 'NONE',  ( -1.000000000000000000, 0.000000000000000000, 0.000000000000000000 ) ) ;
#925 = CALENDAR_DATE ( 2026, 27, 7 ) ;
#926 = VECTOR ( 'NONE', #2982, 1000.000000000000114 ) ;
#927 = VECTOR ( 'NONE', #2479, 1000.000000000000000 ) ;
#928 = ADVANCED_FACE ( 'NONE', ( #2658 ), #315, .F. ) ;
#929 = VERTEX_POINT ( 'NONE', #3111 ) ;
#930 = FACE_OUTER_BOUND ( 'NONE', #1126, .T. ) ;
#931 = VECTOR ( 'NONE', #275, 1000.000000000000000 ) ;
#932 = FACE_OUTER_BOUND ( 'NONE', #1396, .T. ) ;
#933 = AXIS2_PLACEMENT_3D ( 'NONE', #2274, #1257, #986 ) ;
#934 = VECTOR ( 'NONE', #1481, 1000.000000000000000 ) ;
#935 = FACE_OUTER_BOUND ( 'NONE', #434, .T. ) ;
#936 = CARTESIAN_POINT ( 'NONE',  ( 46.50406553475315263, -40.62977227742919695, 12.47569436880374738 ) ) ;
#937 = CARTESIAN_POINT ( 'NONE',  ( -44.99999999999998579, 45.00000000000000000, 2.399999999999999467 ) ) ;
#938 = ORIENTED_EDGE ( 'NONE', *, *, #683, .T. ) ;
#939 = ORIENTED_EDGE ( 'NONE', *, *, #2194, .F. ) ;
#940 = EDGE_CURVE ( 'NONE', #1999, #687, #2917, .T. ) ;
#941 = ORIENTED_EDGE ( 'NONE', *, *, #1026, .T. ) ;
#942 = DIRECTION ( 'NONE',  ( 0.000000000000000000, 0.000000000000000000, -1.000000000000000000 ) ) ;
#943 = DIRECTION ( 'NONE',  ( -0.7071067811865475727, 0.000000000000000000, -0.7071067811865475727 ) ) ;
#944 = CARTESIAN_POINT ( 'NONE',  ( 46.34284403256817342, -40.69273347164281063, 12.67754914899664875 ) ) ;
#945 = ORIENTED_EDGE ( 'NONE', *, *, #2334, .F. ) ;
#946 = LINE ( 'NONE', #2547, #3238 ) ;
#947 = CIRCLE ( 'NONE', #3152, 2.999999999999995559 ) ;
#948 = CARTESIAN_POINT ( 'NONE',  ( 40.35857943202694997, -46.80008662976744915, 12.00444058092218036 ) ) ;
#949 = CIRCLE ( 'NONE', #3269, 1.700000000000000178 ) ;
#950 = DIRECTION ( 'NONE',  ( -0.000000000000000000, -0.000000000000000000, -1.000000000000000000 ) ) ;
#951 = DIRECTION ( 'NONE',  ( -0.000000000000000000, -0.000000000000000000, -1.000000000000000000 ) ) ;
#952 = CARTESIAN_POINT ( 'NONE',  ( -39.99999999999997868, 49.99999999999999289, 11.66025403784441394 ) ) ;
#953 = ORIENTED_EDGE ( 'NONE', *, *, #1837, .F. ) ;
#954 = ADVANCED_FACE ( 'NONE', ( #3095 ), #1438, .F. ) ;
#955 = EDGE_LOOP ( 'NONE', ( #2628, #1414, #777, #2014, #1674, #2, #2677, #378 ) ) ;
#956 = CARTESIAN_POINT ( 'NONE',  ( 39.75304923404038959, 46.00000000000000000, 4.000000000000000000 ) ) ;
#957 = LINE ( 'NONE', #3075, #1060 ) ;
#958 = CARTESIAN_POINT ( 'NONE',  ( 49.99999999999998579, -49.99999999999999289, 4.000000000000000000 ) ) ;
#959 = CARTESIAN_POINT ( 'NONE',  ( 49.99999999999997158, -39.99999999999999289, 12.23760430703403657 ) ) ;
#960 = APPROVAL_DATE_TIME ( #185, #2991 ) ;
#961 = VERTEX_POINT ( 'NONE', #1076 ) ;
#962 = CARTESIAN_POINT ( 'NONE',  ( 24.99999999999998224, -46.58578643762689353, 3.000000000000000000 ) ) ;
#963 = DIRECTION ( 'NONE',  ( -0.000000000000000000, -0.000000000000000000, -1.000000000000000000 ) ) ;
#964 = CC_DESIGN_APPROVAL ( #1339, ( #526 ) ) ;
#965 = CARTESIAN_POINT ( 'NONE',  ( -46.36363636363635266, -40.68459021276399312, 12.67237748502030570 ) ) ;
#966 = CARTESIAN_POINT ( 'NONE',  ( 40.46060798583052787, -45.99999999999998579, 3.000000000000000000 ) ) ;
#967 = CARTESIAN_POINT ( 'NONE',  ( -39.49999999999998579, 48.97896378213695101, 11.37157890324960086 ) ) ;
#968 = EDGE_CURVE ( 'NONE', #2876, #28, #1094, .T. ) ;
#969 = ORIENTED_EDGE ( 'NONE', *, *, #38, .F. ) ;
#970 = ORIENTED_EDGE ( 'NONE', *, *, #3117, .F. ) ;
#971 = FACE_OUTER_BOUND ( 'NONE', #1649, .T. ) ;
#972 = ORIENTED_EDGE ( 'NONE', *, *, #367, .F. ) ;
#973 = CARTESIAN_POINT ( 'NONE',  ( 45.99999999999998579, -39.75304923404039670, 4.000000000000000000 ) ) ;
#974 = PERSON_AND_ORGANIZATION ( #336, #799 ) ;
#975 = EDGE_CURVE ( 'NONE', #1690, #1968, #1363, .T. ) ;
#976 = ADVANCED_FACE ( 'NONE', ( #2625 ), #1343, .F. ) ;
#977 = ORIENTED_EDGE ( 'NONE', *, *, #3114, .F. ) ;
#978 = AXIS2_PLACEMENT_3D ( 'NONE', #1723, #460, #1460 ) ;
#979 = DIRECTION ( 'NONE',  ( 0.000000000000000000, 0.000000000000000000, 1.000000000000000000 ) ) ;
#980 =( BOUNDED_CURVE ( )  B_SPLINE_CURVE ( 3, ( #1273, #967, #1802, #1286 ),
 .UNSPECIFIED., .F., .F. ) 
 B_SPLINE_CURVE_WITH_KNOTS ( ( 4, 4 ),
 ( 3.141592653589793116, 3.419162286621006963 ),
 .UNSPECIFIED. ) 
 CURVE ( )  GEOMETRIC_REPRESENTATION_ITEM ( )  RATIONAL_B_SPLINE_CURVE ( ( 1.000000000000000000, 0.9935898903651311231, 0.9935898903651311231, 1.000000000000000000 ) ) 
 REPRESENTATION_ITEM ( '' )  );
#981 = AXIS2_PLACEMENT_3D ( 'NONE', #1023, #3321, #3085 ) ;
#982 = AXIS2_PLACEMENT_3D ( 'NONE', #1451, #1714, #2730 ) ;
#983 = CARTESIAN_POINT ( 'NONE',  ( 44.99999999999997868, 45.00000000000000000, 0.000000000000000000 ) ) ;
#984 = VECTOR ( 'NONE', #611, 1000.000000000000000 ) ;
#985 = FACE_OUTER_BOUND ( 'NONE', #2609, .T. ) ;
#986 = DIRECTION ( 'NONE',  ( 1.000000000000000000, 0.000000000000000000, 0.000000000000000000 ) ) ;
#987 = ORIENTED_EDGE ( 'NONE', *, *, #2526, .F. ) ;
#988 = AXIS2_PLACEMENT_3D ( 'NONE', #219, #1251, #3039 ) ;
#989 = FACE_BOUND ( 'NONE', #551, .T. ) ;
#990 = LINE ( 'NONE', #1789, #3100 ) ;
#991 = VERTEX_POINT ( 'NONE', #1109 ) ;
#992 = PRODUCT_RELATED_PRODUCT_CATEGORY ( 'detail', '', ( #1570 ) ) ;
#993 = VERTEX_POINT ( 'NONE', #849 ) ;
#994 = CARTESIAN_POINT ( 'NONE',  ( -46.58578643762688642, 24.99999999999999645, 2.999999999999999556 ) ) ;
#995 = FACE_BOUND ( 'NONE', #3089, .T. ) ;
#996 = EDGE_CURVE ( 'NONE', #1613, #2613, #2791, .T. ) ;
#997 = ADVANCED_FACE ( 'NONE', ( #3250 ), #429, .F. ) ;
#998 =( BOUNDED_CURVE ( )  B_SPLINE_CURVE ( 3, ( #427, #1479, #962, #1234 ),
 .UNSPECIFIED., .F., .T. ) 
 B_SPLINE_CURVE_WITH_KNOTS ( ( 4, 4 ),
 ( 1.570796326794896558, 3.141592653589793116 ),
 .UNSPECIFIED. ) 
 CURVE ( )  GEOMETRIC_REPRESENTATION_ITEM ( )  RATIONAL_B_SPLINE_CURVE ( ( 1.000000000000000000, 0.8047378541243649375, 0.8047378541243649375, 1.000000000000000000 ) ) 
 REPRESENTATION_ITEM ( '' )  );
#999 = CARTESIAN_POINT ( 'NONE',  ( -47.96774499542041070, 39.64124986222864067, 11.45312954923030269 ) ) ;
#1000 = DIRECTION ( 'NONE',  ( -1.000000000000000000, 0.000000000000000000, 0.000000000000000000 ) ) ;
#1001 = CARTESIAN_POINT ( 'NONE',  ( -39.99999999999998579, 48.75123481346437870, 12.23760430703642399 ) ) ;
#1002 = ORIENTED_EDGE ( 'NONE', *, *, #1281, .T. ) ;
#1003 = AXIS2_PLACEMENT_3D ( 'NONE', #2782, #3312, #3024 ) ;
#1004 = CARTESIAN_POINT ( 'NONE',  ( 24.99999999999998579, 0.000000000000000000, 3.000000000000000000 ) ) ;
#1005 = DIRECTION ( 'NONE',  ( -1.000000000000000000, 0.000000000000000000, 0.000000000000000000 ) ) ;
#1006 = EDGE_CURVE ( 'NONE', #48, #2975, #1194, .T. ) ;
#1007 = EDGE_CURVE ( 'NONE', #1998, #1776, #435, .T. ) ;
#1008 = CARTESIAN_POINT ( 'NONE',  ( 46.99999999999998579, -39.75304923404039670, 11.51767694664105335 ) ) ;
#1009 = ADVANCED_FACE ( 'NONE', ( #650 ), #307, .F. ) ;
#1010 = ADVANCED_FACE ( 'NONE', ( #869 ), #2284, .F. ) ;
#1011 = ORIENTED_EDGE ( 'NONE', *, *, #2591, .F. ) ;
#1012 = CARTESIAN_POINT ( 'NONE',  ( 44.99999999999997868, 45.00000000000000000, 0.000000000000000000 ) ) ;
#1013 = CARTESIAN_POINT ( 'NONE',  ( -46.36363636363635266, -40.68459021276399312, -11.14213562373095634 ) ) ;
#1014 = DIRECTION ( 'NONE',  ( 1.000000000000000000, 0.000000000000000000, 0.000000000000000000 ) ) ;
#1015 = CARTESIAN_POINT ( 'NONE',  ( -40.02854450300314681, -46.96746920127893787, 11.67673421433716818 ) ) ;
#1016 = DIRECTION ( 'NONE',  ( -0.000000000000000000, -0.000000000000000000, -1.000000000000000000 ) ) ;
#1017 = EDGE_LOOP ( 'NONE', ( #529, #1495, #1225 ) ) ;
#1018 = FACE_OUTER_BOUND ( 'NONE', #1679, .T. ) ;
#1019 = CARTESIAN_POINT ( 'NONE',  ( 6.938893903907228378E-15, 47.00000000000000000, 9.500000000000000000 ) ) ;
#1020 = DIRECTION ( 'NONE',  ( 0.000000000000000000, 0.000000000000000000, -1.000000000000000000 ) ) ;
#1021 = CARTESIAN_POINT ( 'NONE',  ( -49.99999999999998579, 49.99999999999999289, 19.00000000000000000 ) ) ;
#1022 = ORIENTED_EDGE ( 'NONE', *, *, #2203, .F. ) ;
#1023 = CARTESIAN_POINT ( 'NONE',  ( 38.99999999999998579, 49.99999999999999289, 12.23760430703404012 ) ) ;
#1024 = LINE ( 'NONE', #2050, #3014 ) ;
#1025 = AXIS2_PLACEMENT_3D ( 'NONE', #540, #323, #3074 ) ;
#1026 = EDGE_CURVE ( 'NONE', #1809, #2063, #2237, .T. ) ;
#1027 = VECTOR ( 'NONE', #2600, 1000.000000000000000 ) ;
#1028 = CARTESIAN_POINT ( 'NONE',  ( 44.99999999999998579, -45.00000000000000000, 19.00000000000000000 ) ) ;
#1029 = EDGE_LOOP ( 'NONE', ( #1675, #2508, #202, #326 ) ) ;
#1030 = CARTESIAN_POINT ( 'NONE',  ( -48.62638319939128451, 39.49999999999232614, 11.37157890324517417 ) ) ;
#1031 = CARTESIAN_POINT ( 'NONE',  ( -44.99999999999998579, 45.00000000000000000, 2.399999999999999467 ) ) ;
#1032 = VECTOR ( 'NONE', #1402, 1000.000000000000000 ) ;
#1033 = ORIENTED_EDGE ( 'NONE', *, *, #2700, .T. ) ;
#1034 = CIRCLE ( 'NONE', #982, 1.699999999999993072 ) ;
#1035 = AXIS2_PLACEMENT_3D ( 'NONE', #1358, #796, #1325 ) ;
#1036 = DIRECTION ( 'NONE',  ( 1.000000000000000000, -6.938893903907227392E-16, 0.000000000000000000 ) ) ;
#1037 = DIRECTION ( 'NONE',  ( 0.5000000000000012212, 0.000000000000000000, 0.8660254037844380415 ) ) ;
#1038 = CARTESIAN_POINT ( 'NONE',  ( 48.62638319939128451, -39.49999999999232614, 11.37157890324517417 ) ) ;
#1039 = VECTOR ( 'NONE', #1061, 1000.000000000000000 ) ;
#1040 = AXIS2_PLACEMENT_3D ( 'NONE', #2023, #726, #482 ) ;
#1041 = ORIENTED_EDGE ( 'NONE', *, *, #1287, .T. ) ;
#1042 = ORIENTED_EDGE ( 'NONE', *, *, #3005, .T. ) ;
#1043 = CARTESIAN_POINT ( 'NONE',  ( 39.92103330537754857, -46.98578970971346536, 11.61466259544713608 ) ) ;
#1044 = VECTOR ( 'NONE', #1971, 1000.000000000000000 ) ;
#1045 = ORIENTED_EDGE ( 'NONE', *, *, #2403, .T. ) ;
#1046 = EDGE_CURVE ( 'NONE', #1845, #200, #516, .T. ) ;
#1047 = ORIENTED_EDGE ( 'NONE', *, *, #3146, .F. ) ;
#1048 = CARTESIAN_POINT ( 'NONE',  ( 50.00000000000000000, -50.00000000000000000, 0.1999999999999779732 ) ) ;
#1049 = CARTESIAN_POINT ( 'NONE',  ( 39.49999999999998579, 49.99999999999999289, 11.37157890324960263 ) ) ;
#1050 = CARTESIAN_POINT ( 'NONE',  ( -0.7939140440247908215, 32.99044862518087484, 0.000000000000000000 ) ) ;
#1051 = CARTESIAN_POINT ( 'NONE',  ( 39.64124986222864067, 47.96774499542043202, 11.45312954923030802 ) ) ;
#1052 = CARTESIAN_POINT ( 'NONE',  ( -39.99999999999998579, 49.99999999999999289, 19.00000000000000000 ) ) ;
#1053 = ORIENTED_EDGE ( 'NONE', *, *, #3303, .F. ) ;
#1054 = LINE ( 'NONE', #1567, #2857 ) ;
#1055 = CYLINDRICAL_SURFACE ( 'NONE', #1713, 2.999999999999995559 ) ;
#1056 = DIRECTION ( 'NONE',  ( 0.000000000000000000, 0.000000000000000000, 1.000000000000000000 ) ) ;
#1057 = VERTEX_POINT ( 'NONE', #1952 ) ;
#1058 = EDGE_CURVE ( 'NONE', #2199, #2350, #1571, .T. ) ;
#1059 = ORIENTED_EDGE ( 'NONE', *, *, #1864, .T. ) ;
#1060 = VECTOR ( 'NONE', #2233, 1000.000000000000000 ) ;
#1061 = DIRECTION ( 'NONE',  ( -0.000000000000000000, -0.000000000000000000, -1.000000000000000000 ) ) ;
#1062 = ORIENTED_EDGE ( 'NONE', *, *, #232, .T. ) ;
#1063 = VERTEX_POINT ( 'NONE', #1145 ) ;
#1064 = CARTESIAN_POINT ( 'NONE',  ( -46.99999999999998579, 39.80937756084140489, 11.55019812128261592 ) ) ;
#1065 = LINE ( 'NONE', #515, #72 ) ;
#1066 = CARTESIAN_POINT ( 'NONE',  ( 43.29999999999997584, 45.00000000000000000, 2.399999999999999467 ) ) ;
#1067 = CARTESIAN_POINT ( 'NONE',  ( -49.99999999999998579, -49.80000000000002558, 0.000000000000000000 ) ) ;
#1068 = CARTESIAN_POINT ( 'NONE',  ( -39.99999999999998579, 49.99999999999999289, 12.23760430703404012 ) ) ;
#1069 = ORIENTED_EDGE ( 'NONE', *, *, #38, .T. ) ;
#1070 = DIRECTION ( 'NONE',  ( -0.000000000000000000, -0.000000000000000000, -1.000000000000000000 ) ) ;
#1071 = CARTESIAN_POINT ( 'NONE',  ( 47.50515990990542292, 40.23601823372698760, 12.38749601689035451 ) ) ;
#1072 = EDGE_CURVE ( 'NONE', #1612, #2525, #3010, .T. ) ;
#1073 = CARTESIAN_POINT ( 'NONE',  ( -28.17117770075223859, -17.27500000000016556, 3.000000000000000000 ) ) ;
#1074 = ORIENTED_EDGE ( 'NONE', *, *, #2576, .T. ) ;
#1075 = EDGE_LOOP ( 'NONE', ( #381, #1668, #114, #344, #2375, #3213, #2714, #3258, #2155, #1059, #2310, #977 ) ) ;
#1076 = CARTESIAN_POINT ( 'NONE',  ( -49.80000000000001137, -49.80000000000002558, 0.000000000000000000 ) ) ;
#1077 = ORIENTED_EDGE ( 'NONE', *, *, #2294, .F. ) ;
#1078 = ORIENTED_EDGE ( 'NONE', *, *, #1494, .T. ) ;
#1079 = DIRECTION ( 'NONE',  ( 1.000000000000000000, 0.000000000000000000, 0.000000000000000000 ) ) ;
#1080 = CARTESIAN_POINT ( 'NONE',  ( -25.71743893521428959, 46.99999999999998579, 3.414213562373095368 ) ) ;
#1081 = ADVANCED_FACE ( 'NONE', ( #904 ), #2959, .F. ) ;
#1082 = LINE ( 'NONE', #1563, #2281 ) ;
#1083 = DIRECTION ( 'NONE',  ( -1.000000000000000000, 0.000000000000000000, 0.000000000000000000 ) ) ;
#1084 = VERTEX_POINT ( 'NONE', #1712 ) ;
#1085 = CARTESIAN_POINT ( 'NONE',  ( -39.75304923404038959, -45.99999999999998579, 4.000000000000000000 ) ) ;
#1086 = VECTOR ( 'NONE', #1700, 1000.000000000000000 ) ;
#1087 = CARTESIAN_POINT ( 'NONE',  ( 49.99999999999999289, 40.00000000000000711, 11.66025403784441217 ) ) ;
#1088 = CARTESIAN_POINT ( 'NONE',  ( -43.29999999999997584, -45.00000000000000000, 2.399999999999999467 ) ) ;
#1089 =( BOUNDED_SURFACE ( )  B_SPLINE_SURFACE ( 3, 2, ( 
 ( #1492, #1291, #944 ),
 ( #3233, #2513, #9 ),
 ( #1038, #1435, #254 ),
 ( #1807, #2462, #959 ) ),
 .UNSPECIFIED., .F., .F., .T. ) 
 B_SPLINE_SURFACE_WITH_KNOTS ( ( 4, 4 ),
 ( 3, 3 ),
 ( 2.767191108425705259, 3.141592653589793116 ),
 ( 0.000000000000000000, 1.000000000000000000 ),
 .UNSPECIFIED. ) 
 GEOMETRIC_REPRESENTATION_ITEM ( )  RATIONAL_B_SPLINE_SURFACE ( (
 ( 1.000000000000000000, 0.8559682606317423614, 1.000000000000000000),
 ( 1.000000000000000000, 0.8559682606317423614, 1.000000000000000000),
 ( 1.000000000000000000, 0.8660254037844389297, 1.000000000000000000),
 ( 1.000000000000000000, 0.8660254037844389297, 1.000000000000000000) ) ) 
 REPRESENTATION_ITEM ( '' )  SURFACE ( )  );
#1090 = EDGE_LOOP ( 'NONE', ( #1558, #210 ) ) ;
#1091 = AXIS2_PLACEMENT_3D ( 'NONE', #1028, #2674, #1698 ) ;
#1092 = VECTOR ( 'NONE', #2983, 1000.000000000000000 ) ;
#1093 = CARTESIAN_POINT ( 'NONE',  ( 6.938893903907228378E-15, -6.938893903907228378E-15, 0.000000000000000000 ) ) ;
#1094 = CIRCLE ( 'NONE', #2976, 2.999999999999995559 ) ;
#1095 = AXIS2_PLACEMENT_3D ( 'NONE', #2679, #1442, #1685 ) ;
#1096 = ORIENTED_EDGE ( 'NONE', *, *, #1721, .F. ) ;
#1097 = AXIS2_PLACEMENT_3D ( 'NONE', #2797, #2765, #1269 ) ;
#1098 = VERTEX_POINT ( 'NONE', #2728 ) ;
#1099 = CARTESIAN_POINT ( 'NONE',  ( 47.52599035509487635, -40.23085367474142515, 12.38421608141496222 ) ) ;
#1100 = CARTESIAN_POINT ( 'NONE',  ( -24.99999999999998579, 49.99999999999999289, 3.000000000000000000 ) ) ;
#1101 = EDGE_LOOP ( 'NONE', ( #2421, #3103, #2242 ) ) ;
#1102 = DIRECTION ( 'NONE',  ( 0.000000000000000000, 1.000000000000000000, 0.000000000000000000 ) ) ;
#1103 = EDGE_CURVE ( 'NONE', #1163, #2726, #466, .T. ) ;
#1104 = CARTESIAN_POINT ( 'NONE',  ( 46.99999999999998579, 25.71743893521428959, 3.414213562373095368 ) ) ;
#1105 = CARTESIAN_POINT ( 'NONE',  ( 2.020667218593142123E-16, 34.54999999999999716, 3.000000000000000000 ) ) ;
#1106 = DIRECTION ( 'NONE',  ( 0.000000000000000000, 0.000000000000000000, 1.000000000000000000 ) ) ;
#1107 = CARTESIAN_POINT ( 'NONE',  ( -24.99999999999998579, -50.00000000000000000, 2.999999999999999112 ) ) ;
#1108 = ORIENTED_EDGE ( 'NONE', *, *, #730, .F. ) ;
#1109 = CARTESIAN_POINT ( 'NONE',  ( 39.75304923404037538, -46.00000000000002842, 3.000000000000000000 ) ) ;
#1110 =( BOUNDED_CURVE ( )  B_SPLINE_CURVE ( 3, ( #1650, #1347, #1099, #1908 ),
 .UNSPECIFIED., .F., .T. ) 
 B_SPLINE_CURVE_WITH_KNOTS ( ( 4, 4 ),
 ( 3.141592653589793116, 3.513761187550119125 ),
 .UNSPECIFIED. ) 
 CURVE ( )  GEOMETRIC_REPRESENTATION_ITEM ( )  RATIONAL_B_SPLINE_CURVE ( ( 1.000000000000000000, 0.9884908171532500454, 0.9884908171532500454, 1.000000000000000000 ) ) 
 REPRESENTATION_ITEM ( '' )  );
#1111 = CIRCLE ( 'NONE', #2826, 10.00000000000000178 ) ;
#1112 = EDGE_CURVE ( 'NONE', #1242, #528, #1114, .T. ) ;
#1113 = VERTEX_POINT ( 'NONE', #2524 ) ;
#1114 = CIRCLE ( 'NONE', #681, 1.000000000000000888 ) ;
#1115 = EDGE_CURVE ( 'NONE', #2710, #2446, #1977, .T. ) ;
#1116 = ORIENTED_EDGE ( 'NONE', *, *, #897, .F. ) ;
#1117 = CARTESIAN_POINT ( 'NONE',  ( 24.99999999999998579, 0.000000000000000000, 3.000000000000000000 ) ) ;
#1118 = CARTESIAN_POINT ( 'NONE',  ( -46.99999999999998579, -26.73205080756886787, 3.999999999999999112 ) ) ;
#1119 = ORIENTED_EDGE ( 'NONE', *, *, #1722, .F. ) ;
#1120 = CYLINDRICAL_SURFACE ( 'NONE', #1219, 2.999999999999995559 ) ;
#1121 = CARTESIAN_POINT ( 'NONE',  ( 29.92117770075225636, -17.27500000000016556, 3.000000000000000000 ) ) ;
#1122 = CARTESIAN_POINT ( 'NONE',  ( 45.99999999999998579, 39.75304923404039670, -11.14213562373095634 ) ) ;
#1123 = FACE_OUTER_BOUND ( 'NONE', #600, .T. ) ;
#1124 = DIRECTION ( 'NONE',  ( 1.000000000000000000, 0.000000000000000000, -0.000000000000000000 ) ) ;
#1125 = ORIENTED_EDGE ( 'NONE', *, *, #2684, .F. ) ;
#1126 = EDGE_LOOP ( 'NONE', ( #884, #3167, #750, #1664 ) ) ;
#1127 = ORIENTED_EDGE ( 'NONE', *, *, #2654, .F. ) ;
#1128 = DIRECTION ( 'NONE',  ( -0.000000000000000000, -0.000000000000000000, -1.000000000000000000 ) ) ;
#1129 = ADVANCED_FACE ( 'NONE', ( #213 ), #2260, .F. ) ;
#1130 =( BOUNDED_CURVE ( )  B_SPLINE_CURVE ( 3, ( #485, #3057, #1239, #2273 ),
 .UNSPECIFIED., .F., .T. ) 
 B_SPLINE_CURVE_WITH_KNOTS ( ( 4, 4 ),
 ( 3.141592653589793116, 3.419162286621008295 ),
 .UNSPECIFIED. ) 
 CURVE ( )  GEOMETRIC_REPRESENTATION_ITEM ( )  RATIONAL_B_SPLINE_CURVE ( ( 1.000000000000000000, 0.9935898903651310121, 0.9935898903651310121, 1.000000000000000000 ) ) 
 REPRESENTATION_ITEM ( '' )  );
#1131 = LINE ( 'NONE', #2815, #1471 ) ;
#1132 = EDGE_LOOP ( 'NONE', ( #2522, #2605, #919, #2612 ) ) ;
#1133 = CARTESIAN_POINT ( 'NONE',  ( -39.99999999999998579, 48.75222452043795585, 12.23760430703404012 ) ) ;
#1134 = ORIENTED_EDGE ( 'NONE', *, *, #902, .T. ) ;
#1135 = DIRECTION ( 'NONE',  ( -1.000000000000000000, 0.000000000000000000, 0.000000000000000000 ) ) ;
#1136 = LINE ( 'NONE', #1898, #1151 ) ;
#1137 = EDGE_CURVE ( 'NONE', #1063, #1432, #990, .T. ) ;
#1138 = LINE ( 'NONE', #2181, #1523 ) ;
#1139 = DIRECTION ( 'NONE',  ( -0.8660254037844380415, 0.000000000000000000, 0.5000000000000012212 ) ) ;
#1140 = LINE ( 'NONE', #1190, #713 ) ;
#1141 = ORIENTED_EDGE ( 'NONE', *, *, #2403, .F. ) ;
#1142 = ORIENTED_EDGE ( 'NONE', *, *, #1215, .T. ) ;
#1143 = ORIENTED_EDGE ( 'NONE', *, *, #2504, .F. ) ;
#1144 = CIRCLE ( 'NONE', #2161, 2.999999999999995559 ) ;
#1145 = CARTESIAN_POINT ( 'NONE',  ( -45.99999999999998579, -24.99999999999999289, 3.000000000000000000 ) ) ;
#1146 = VECTOR ( 'NONE', #1781, 1000.000000000000000 ) ;
#1147 = VECTOR ( 'NONE', #1168, 1000.000000000000000 ) ;
#1148 = DIRECTION ( 'NONE',  ( 0.000000000000000000, 0.000000000000000000, 1.000000000000000000 ) ) ;
#1149 = ORIENTED_EDGE ( 'NONE', *, *, #1767, .F. ) ;
#1150 = APPLICATION_PROTOCOL_DEFINITION ( 'international standard', 'config_control_design', 1994, #1765 ) ;
#1151 = VECTOR ( 'NONE', #104, 999.9999999999998863 ) ;
#1152 = EDGE_CURVE ( 'NONE', #3212, #2401, #949, .T. ) ;
#1153 = ORIENTED_EDGE ( 'NONE', *, *, #1772, .F. ) ;
#1154 = DIRECTION ( 'NONE',  ( 1.000000000000000000, 0.000000000000000000, 0.000000000000000000 ) ) ;
#1155 = CARTESIAN_POINT ( 'NONE',  ( 39.75304923404038249, 46.00000000000000000, 4.000000000000000000 ) ) ;
#1156 = EDGE_CURVE ( 'NONE', #3198, #2660, #957, .T. ) ;
#1157 = DIRECTION ( 'NONE',  ( -0.000000000000000000, -0.000000000000000000, -1.000000000000000000 ) ) ;
#1158 = DIRECTION ( 'NONE',  ( 0.000000000000000000, 0.5000000000000012212, 0.8660254037844380415 ) ) ;
#1159 = CARTESIAN_POINT ( 'NONE',  ( 46.36363636363635266, 40.68459021276399312, 12.67237748502030570 ) ) ;
#1160 = VERTEX_POINT ( 'NONE', #1761 ) ;
#1161 = ADVANCED_FACE ( 'NONE', ( #1806, #2510 ), #746, .F. ) ;
#1162 = ORIENTED_EDGE ( 'NONE', *, *, #855, .F. ) ;
#1163 = VERTEX_POINT ( 'NONE', #1740 ) ;
#1164 = ADVANCED_FACE ( 'NONE', ( #3315 ), #3282, .F. ) ;
#1165 = CARTESIAN_POINT ( 'NONE',  ( -46.96746920127893787, 40.02854450300314681, 11.67673421433716108 ) ) ;
#1166 = DIRECTION ( 'NONE',  ( 0.000000000000000000, 0.000000000000000000, -1.000000000000000000 ) ) ;
#1167 = ORIENTED_EDGE ( 'NONE', *, *, #2440, .F. ) ;
#1168 = DIRECTION ( 'NONE',  ( -0.000000000000000000, -0.000000000000000000, -1.000000000000000000 ) ) ;
#1169 = AXIS2_PLACEMENT_3D ( 'NONE', #3091, #2836, #2588 ) ;
#1170 = ORIENTED_EDGE ( 'NONE', *, *, #1762, .F. ) ;
#1171 = LINE ( 'NONE', #876, #2596 ) ;
#1172 = SPHERICAL_SURFACE ( 'NONE', #3135, 1.000000000000000000 ) ;
#1173 = CARTESIAN_POINT ( 'NONE',  ( 40.68459021276398602, 46.36363636363636687, 12.67237748502030925 ) ) ;
#1174 = FACE_OUTER_BOUND ( 'NONE', #955, .T. ) ;
#1175 = CARTESIAN_POINT ( 'NONE',  ( -46.98578970971346536, 39.92103330537754857, 11.61466259544712898 ) ) ;
#1176 = ORIENTED_EDGE ( 'NONE', *, *, #1263, .F. ) ;
#1177 = ORIENTED_EDGE ( 'NONE', *, *, #1345, .T. ) ;
#1178 = ORIENTED_EDGE ( 'NONE', *, *, #538, .T. ) ;
#1179 = CARTESIAN_POINT ( 'NONE',  ( 39.49999999999998579, -49.99999999999999289, 11.37157890324960263 ) ) ;
#1180 = ADVANCED_FACE ( 'NONE', ( #2787 ), #1539, .F. ) ;
#1181 = PLANE ( 'NONE',  #2863 ) ;
#1182 = CARTESIAN_POINT ( 'NONE',  ( 50.00000000000000000, 49.99999999999999289, 0.1999999999999779732 ) ) ;
#1183 = CARTESIAN_POINT ( 'NONE',  ( -46.58578643762689353, -25.00000000000000000, 3.000000000000000000 ) ) ;
#1184 = ORIENTED_EDGE ( 'NONE', *, *, #683, .F. ) ;
#1185 = DIRECTION ( 'NONE',  ( -0.000000000000000000, -0.000000000000000000, -1.000000000000000000 ) ) ;
#1186 = FACE_OUTER_BOUND ( 'NONE', #2217, .T. ) ;
#1187 = EDGE_CURVE ( 'NONE', #2408, #1962, #36, .T. ) ;
#1188 = CARTESIAN_POINT ( 'NONE',  ( 44.99999999999998579, -45.00000000000000000, 2.399999999999999467 ) ) ;
#1189 = CARTESIAN_POINT ( 'NONE',  ( 44.99999999999998579, -45.00000000000000000, 3.851859888774471706E-31 ) ) ;
#1190 = CARTESIAN_POINT ( 'NONE',  ( -47.99999999999997868, 45.00000000000000000, 0.000000000000000000 ) ) ;
#1191 = EDGE_LOOP ( 'NONE', ( #1184, #46, #1951, #1296 ) ) ;
#1192 = ORIENTED_EDGE ( 'NONE', *, *, #377, .T. ) ;
#1193 = ORIENTED_EDGE ( 'NONE', *, *, #2049, .T. ) ;
#1194 = LINE ( 'NONE', #3199, #2840 ) ;
#1195 = CIRCLE ( 'NONE', #2909, 0.9999999999999974465 ) ;
#1196 = CARTESIAN_POINT ( 'NONE',  ( -39.75304923404036828, 46.00000000000004263, 3.000000000000000000 ) ) ;
#1197 = AXIS2_PLACEMENT_3D ( 'NONE', #2048, #1847, #3334 ) ;
#1198 = LINE ( 'NONE', #2206, #2266 ) ;
#1199 = COORDINATED_UNIVERSAL_TIME_OFFSET ( 3, 0, .BEHIND. ) ;
#1200 = CIRCLE ( 'NONE', #2708, 1.700000000000000178 ) ;
#1201 = ORIENTED_EDGE ( 'NONE', *, *, #494, .T. ) ;
#1202 = CARTESIAN_POINT ( 'NONE',  ( 49.99999999999998579, 38.99999999999999289, 12.23760430703403657 ) ) ;
#1203 = DIRECTION ( 'NONE',  ( 0.000000000000000000, 0.000000000000000000, 1.000000000000000000 ) ) ;
#1204 = VECTOR ( 'NONE', #1016, 1000.000000000000000 ) ;
#1205 = DIRECTION ( 'NONE',  ( -0.000000000000000000, -0.000000000000000000, -1.000000000000000000 ) ) ;
#1206 = DIRECTION ( 'NONE',  ( 1.000000000000000000, 0.000000000000000000, 0.000000000000000000 ) ) ;
#1207 = DIRECTION ( 'NONE',  ( -0.5773502691896257311, -0.5773502691896257311, 0.5773502691896257311 ) ) ;
#1208 = EDGE_LOOP ( 'NONE', ( #2655, #513, #2348, #2790 ) ) ;
#1209 = ORIENTED_EDGE ( 'NONE', *, *, #1818, .T. ) ;
#1210 = EDGE_LOOP ( 'NONE', ( #2577, #702, #612, #2811, #1078, #2065 ) ) ;
#1211 = DIRECTION ( 'NONE',  ( 0.000000000000000000, 0.000000000000000000, -1.000000000000000000 ) ) ;
#1212 = DIRECTION ( 'NONE',  ( -1.000000000000000000, 0.000000000000000000, 0.000000000000000000 ) ) ;
#1213 = DIRECTION ( 'NONE',  ( -0.000000000000000000, -0.000000000000000000, -1.000000000000000000 ) ) ;
#1214 = ADVANCED_FACE ( 'NONE', ( #1227 ), #241, .F. ) ;
#1215 = EDGE_CURVE ( 'NONE', #1690, #3113, #3013, .T. ) ;
#1216 = ORIENTED_EDGE ( 'NONE', *, *, #1319, .F. ) ;
#1217 = CARTESIAN_POINT ( 'NONE',  ( -47.99999999999997158, -45.00000000000000000, 2.399999999999999467 ) ) ;
#1218 =( BOUNDED_CURVE ( )  B_SPLINE_CURVE ( 3, ( #285, #498, #758, #2865 ),
 .UNSPECIFIED., .F., .T. ) 
 B_SPLINE_CURVE_WITH_KNOTS ( ( 4, 4 ),
 ( 3.141592653589793116, 3.513761187550118681 ),
 .UNSPECIFIED. ) 
 CURVE ( )  GEOMETRIC_REPRESENTATION_ITEM ( )  RATIONAL_B_SPLINE_CURVE ( ( 1.000000000000000000, 0.9884908171532500454, 0.9884908171532500454, 1.000000000000000000 ) ) 
 REPRESENTATION_ITEM ( '' )  );
#1219 = AXIS2_PLACEMENT_3D ( 'NONE', #1940, #2912, #2896 ) ;
#1220 = FACE_BOUND ( 'NONE', #1555, .T. ) ;
#1221 = FACE_OUTER_BOUND ( 'NONE', #708, .T. ) ;
#1222 = CARTESIAN_POINT ( 'NONE',  ( -40.12111050360917375, -46.93444590256522986, 11.75104600164132229 ) ) ;
#1223 = CARTESIAN_POINT ( 'NONE',  ( -40.46060798583052787, 46.00000000000000000, 3.000000000000000000 ) ) ;
#1224 = ORIENTED_EDGE ( 'NONE', *, *, #2619, .F. ) ;
#1225 = ORIENTED_EDGE ( 'NONE', *, *, #1329, .T. ) ;
#1226 = EDGE_CURVE ( 'NONE', #2843, #1974, #622, .T. ) ;
#1227 = FACE_OUTER_BOUND ( 'NONE', #2391, .T. ) ;
#1228 = ADVANCED_FACE ( 'NONE', ( #1987 ), #703, .F. ) ;
#1229 = DIRECTION ( 'NONE',  ( -1.000000000000000000, -0.000000000000000000, -0.000000000000000000 ) ) ;
#1230 = DATE_AND_TIME ( #1506, #2685 ) ;
#1231 = ADVANCED_FACE ( 'NONE', ( #971 ), #3030, .T. ) ;
#1232 = ORIENTED_EDGE ( 'NONE', *, *, #1667, .T. ) ;
#1233 = B_SPLINE_CURVE_WITH_KNOTS ( 'NONE', 3,
 ( #301, #1830, #1332, #2354, #1577, #2102, #1317, #2598, #18, #2563 ),
 .UNSPECIFIED., .F., .F.,
 ( 4, 2, 2, 2, 4 ),
 ( 0.000000000000000000, 0.0004258025414542372135, 0.0008516050829084744270, 0.001277407624362711640, 0.001703210165816948854 ),
 .UNSPECIFIED. ) ;
#1234 = CARTESIAN_POINT ( 'NONE',  ( 24.99999999999998579, -45.99999999999998579, 3.000000000000000000 ) ) ;
#1235 = FACE_BOUND ( 'NONE', #1401, .T. ) ;
#1236 =( BOUNDED_CURVE ( )  B_SPLINE_CURVE ( 3, ( #1728, #2805, #1788, #489 ),
 .UNSPECIFIED., .F., .F. ) 
 B_SPLINE_CURVE_WITH_KNOTS ( ( 4, 4 ),
 ( 2.864023020558578381, 3.141592653589793116 ),
 .UNSPECIFIED. ) 
 CURVE ( )  GEOMETRIC_REPRESENTATION_ITEM ( )  RATIONAL_B_SPLINE_CURVE ( ( 1.000000000000000000, 0.9935898903651311231, 0.9935898903651311231, 1.000000000000000000 ) ) 
 REPRESENTATION_ITEM ( '' )  );
#1237 = VECTOR ( 'NONE', #1578, 999.9999999999998863 ) ;
#1238 = CARTESIAN_POINT ( 'NONE',  ( 24.99999999999998579, 46.00000000000000000, 3.000000000000000000 ) ) ;
#1239 = CARTESIAN_POINT ( 'NONE',  ( 39.64124986222863356, -47.96774499542041070, 11.45312954923030979 ) ) ;
#1240 = CARTESIAN_POINT ( 'NONE',  ( -40.69273347164280352, 46.34284403256818763, 12.67754914899665231 ) ) ;
#1241 = ORIENTED_EDGE ( 'NONE', *, *, #1893, .F. ) ;
#1242 = VERTEX_POINT ( 'NONE', #2361 ) ;
#1243 = DIRECTION ( 'NONE',  ( 1.000000000000000000, 0.000000000000000000, 0.000000000000000000 ) ) ;
#1244 = CC_DESIGN_PERSON_AND_ORGANIZATION_ASSIGNMENT ( #2500, #1764, ( #526 ) ) ;
#1245 = VERTEX_POINT ( 'NONE', #2884 ) ;
#1246 = DIRECTION ( 'NONE',  ( -1.000000000000000000, -1.249000902703299846E-13, -0.000000000000000000 ) ) ;
#1247 = AXIS2_PLACEMENT_3D ( 'NONE', #2852, #812, #2634 ) ;
#1248 = ADVANCED_FACE ( 'NONE', ( #2607 ), #2871, .F. ) ;
#1249 = VERTEX_POINT ( 'NONE', #42 ) ;
#1250 = DIRECTION ( 'NONE',  ( 1.000000000000000000, 0.000000000000000000, -0.000000000000000000 ) ) ;
#1251 = DIRECTION ( 'NONE',  ( 0.9315409787235990891, -0.3636363636363655338, -4.382965240478046606E-14 ) ) ;
#1252 = VECTOR ( 'NONE', #364, 1000.000000000000000 ) ;
#1253 = AXIS2_PLACEMENT_3D ( 'NONE', #2225, #3259, #1250 ) ;
#1254 = CYLINDRICAL_SURFACE ( 'NONE', #168, 1.000000000000000888 ) ;
#1255 = AXIS2_PLACEMENT_3D ( 'NONE', #1445, #2990, #629 ) ;
#1256 = LINE ( 'NONE', #966, #568 ) ;
#1257 = DIRECTION ( 'NONE',  ( 0.000000000000000000, 0.000000000000000000, 1.000000000000000000 ) ) ;
#1258 = EDGE_CURVE ( 'NONE', #1620, #3245, #780, .T. ) ;
#1259 = ORIENTED_EDGE ( 'NONE', *, *, #3137, .F. ) ;
#1260 = LINE ( 'NONE', #1004, #811 ) ;
#1261 = DIRECTION ( 'NONE',  ( -1.000000000000000000, 0.000000000000000000, 0.000000000000000000 ) ) ;
#1262 = ADVANCED_FACE ( 'NONE', ( #813 ), #1787, .F. ) ;
#1263 = EDGE_CURVE ( 'NONE', #2119, #2282, #3153, .T. ) ;
#1264 = ADVANCED_FACE ( 'NONE', ( #522 ), #1324, .F. ) ;
#1265 = ORIENTED_EDGE ( 'NONE', *, *, #1058, .F. ) ;
#1266 = LINE ( 'NONE', #510, #2701 ) ;
#1267 = ORIENTED_EDGE ( 'NONE', *, *, #1258, .F. ) ;
#1268 = CARTESIAN_POINT ( 'NONE',  ( 6.938893903907228378E-15, 47.00000000000000000, 9.500000000000000000 ) ) ;
#1269 = DIRECTION ( 'NONE',  ( -1.000000000000000000, 0.000000000000000000, 0.000000000000000000 ) ) ;
#1270 = AXIS2_PLACEMENT_3D ( 'NONE', #2551, #3042, #1000 ) ;
#1271 = DIRECTION ( 'NONE',  ( -1.000000000000000000, 0.000000000000000000, 0.000000000000000000 ) ) ;
#1272 = DIRECTION ( 'NONE',  ( 0.000000000000000000, 0.000000000000000000, -1.000000000000000000 ) ) ;
#1273 = CARTESIAN_POINT ( 'NONE',  ( -39.49999999999998579, 49.99999999999999289, 11.37157890324960086 ) ) ;
#1274 = ORIENTED_EDGE ( 'NONE', *, *, #2755, .F. ) ;
#1275 = AXIS2_PLACEMENT_3D ( 'NONE', #1552, #2572, #1211 ) ;
#1276 = DIRECTION ( 'NONE',  ( 0.000000000000000000, 0.000000000000000000, 1.000000000000000000 ) ) ;
#1277 = DIRECTION ( 'NONE',  ( -0.000000000000000000, -0.000000000000000000, -1.000000000000000000 ) ) ;
#1278 = FACE_OUTER_BOUND ( 'NONE', #1841, .T. ) ;
#1279 = VERTEX_POINT ( 'NONE', #1888 ) ;
#1280 = CARTESIAN_POINT ( 'NONE',  ( 44.99999999999998579, -45.00000000000000000, 3.851859888774471706E-31 ) ) ;
#1281 = EDGE_CURVE ( 'NONE', #300, #3011, #1382, .T. ) ;
#1282 = EDGE_LOOP ( 'NONE', ( #1985, #3060, #313 ) ) ;
#1283 = DIRECTION ( 'NONE',  ( -0.000000000000000000, -0.000000000000000000, -1.000000000000000000 ) ) ;
#1284 = DIRECTION ( 'NONE',  ( -1.000000000000000000, 0.000000000000000000, 0.000000000000000000 ) ) ;
#1285 = DIRECTION ( 'NONE',  ( -1.000000000000000000, 0.000000000000000000, 0.000000000000000000 ) ) ;
#1286 = CARTESIAN_POINT ( 'NONE',  ( -39.92103330537754147, 46.98578970971347957, 11.61466259544713253 ) ) ;
#1287 = EDGE_CURVE ( 'NONE', #1613, #2353, #830, .T. ) ;
#1288 = ORIENTED_EDGE ( 'NONE', *, *, #3040, .F. ) ;
#1289 = CARTESIAN_POINT ( 'NONE',  ( 39.99999999999998579, -49.99999999999998579, 19.00000000000000000 ) ) ;
#1290 = CARTESIAN_POINT ( 'NONE',  ( 49.99999999999997158, 39.49999999999999289, 11.37157890324959908 ) ) ;
#1291 = CARTESIAN_POINT ( 'NONE',  ( 46.22670176016715260, -40.73836990026430271, 12.08655209852352641 ) ) ;
#1292 = AXIS2_PLACEMENT_3D ( 'NONE', #2615, #248, #1284 ) ;
#1293 = ORIENTED_EDGE ( 'NONE', *, *, #2770, .T. ) ;
#1294 = CARTESIAN_POINT ( 'NONE',  ( 24.99999999999998579, 46.00000000000000000, 3.000000000000000000 ) ) ;
#1295 = ORIENTED_EDGE ( 'NONE', *, *, #2698, .T. ) ;
#1296 = ORIENTED_EDGE ( 'NONE', *, *, #2553, .T. ) ;
#1297 = FACE_OUTER_BOUND ( 'NONE', #3235, .T. ) ;
#1298 = LINE ( 'NONE', #1100, #1237 ) ;
#1299 = AXIS2_PLACEMENT_3D ( 'NONE', #195, #2307, #1839 ) ;
#1300 = DIRECTION ( 'NONE',  ( 0.8660254037844380415, 0.000000000000000000, 0.5000000000000012212 ) ) ;
#1301 = EDGE_LOOP ( 'NONE', ( #319, #1703, #1108 ) ) ;
#1302 = CARTESIAN_POINT ( 'NONE',  ( 49.99999999999998579, 49.99999999999999289, 4.000000000000000000 ) ) ;
#1303 = ADVANCED_FACE ( 'NONE', ( #253 ), #2308, .F. ) ;
#1304 = CARTESIAN_POINT ( 'NONE',  ( 40.46060798583052787, 47.00000000000000000, 4.000000000000000000 ) ) ;
#1305 = CIRCLE ( 'NONE', #1696, 32.50000000000000000 ) ;
#1306 = ORIENTED_EDGE ( 'NONE', *, *, #2203, .T. ) ;
#1307 = VECTOR ( 'NONE', #2478, 1000.000000000000000 ) ;
#1308 = AXIS2_PLACEMENT_3D ( 'NONE', #899, #1657, #685 ) ;
#1309 = CARTESIAN_POINT ( 'NONE',  ( -44.99999999999998579, 45.00000000000000000, 19.00000000000000000 ) ) ;
#1310 = CARTESIAN_POINT ( 'NONE',  ( 44.99999999999998579, -45.00000000000000000, 0.000000000000000000 ) ) ;
#1311 = CARTESIAN_POINT ( 'NONE',  ( -46.98578970971346536, -39.92103330537754857, 11.61466259544712898 ) ) ;
#1312 = AXIS2_PLACEMENT_3D ( 'NONE', #1031, #1582, #1083 ) ;
#1313 = ORIENTED_EDGE ( 'NONE', *, *, #2207, .T. ) ;
#1314 = CARTESIAN_POINT ( 'NONE',  ( 43.29999999999997584, 45.00000000000000000, 0.000000000000000000 ) ) ;
#1315 = ORIENTED_EDGE ( 'NONE', *, *, #3272, .T. ) ;
#1316 = ORIENTED_EDGE ( 'NONE', *, *, #1512, .F. ) ;
#1317 = CARTESIAN_POINT ( 'NONE',  ( 28.56228859400920328, -16.16360777385701297, 0.1815830831559710756 ) ) ;
#1318 = FACE_OUTER_BOUND ( 'NONE', #2578, .T. ) ;
#1319 = EDGE_CURVE ( 'NONE', #787, #2081, #2635, .T. ) ;
#1320 = CARTESIAN_POINT ( 'NONE',  ( -39.75304923404038249, 46.00000000000000000, 4.000000000000000000 ) ) ;
#1321 = CARTESIAN_POINT ( 'NONE',  ( -47.25564274131379250, 39.75963308668298879, 11.52147813573655988 ) ) ;
#1322 = DIRECTION ( 'NONE',  ( 0.000000000000000000, 0.000000000000000000, 1.000000000000000000 ) ) ;
#1323 = CARTESIAN_POINT ( 'NONE',  ( -49.99999999999997158, -39.49999999999999289, 11.37157890324959908 ) ) ;
#1324 = CYLINDRICAL_SURFACE ( 'NONE', #2564, 1.699999999999993072 ) ;
#1325 = DIRECTION ( 'NONE',  ( 1.000000000000000000, 0.000000000000000000, 0.000000000000000000 ) ) ;
#1326 = AXIS2_PLACEMENT_3D ( 'NONE', #237, #1206, #1272 ) ;
#1327 = ORIENTED_EDGE ( 'NONE', *, *, #2732, .F. ) ;
#1328 = LINE ( 'NONE', #1844, #69 ) ;
#1329 = EDGE_CURVE ( 'NONE', #1242, #48, #3158, .T. ) ;
#1330 = ORIENTED_EDGE ( 'NONE', *, *, #2555, .T. ) ;
#1331 = ORIENTED_EDGE ( 'NONE', *, *, #3094, .F. ) ;
#1332 = CARTESIAN_POINT ( 'NONE',  ( 28.20150711804444654, -16.92205729154043681, 0.1113557880063720945 ) ) ;
#1333 = CYLINDRICAL_SURFACE ( 'NONE', #1292, 1.699999999999993072 ) ;
#1334 = CARTESIAN_POINT ( 'NONE',  ( 6.938893903907228378E-15, 46.00000000000000000, 4.000000000000000000 ) ) ;
#1335 = CARTESIAN_POINT ( 'NONE',  ( -48.75222452043794874, -39.99999999999999289, 12.23760430703403657 ) ) ;
#1336 = ORIENTED_EDGE ( 'NONE', *, *, #2346, .F. ) ;
#1337 = FACE_OUTER_BOUND ( 'NONE', #3177, .T. ) ;
#1338 = CARTESIAN_POINT ( 'NONE',  ( 45.97712843582499431, 40.26200681880709453, 11.81152374521221127 ) ) ;
#1339 = APPROVAL ( #676, 'UNSPECIFIED' ) ;
#1340 = LINE ( 'NONE', #523, #1642 ) ;
#1341 = ORIENTED_EDGE ( 'NONE', *, *, #162, .T. ) ;
#1342 = ORIENTED_EDGE ( 'NONE', *, *, #2913, .T. ) ;
#1343 = PLANE ( 'NONE',  #3246 ) ;
#1344 = ORIENTED_EDGE ( 'NONE', *, *, #2785, .T. ) ;
#1345 = EDGE_CURVE ( 'NONE', #2017, #2188, #846, .T. ) ;
#1346 = ORIENTED_EDGE ( 'NONE', *, *, #2296, .F. ) ;
#1347 = CARTESIAN_POINT ( 'NONE',  ( 48.75222452043794874, -39.99999999999999289, 12.23760430703403657 ) ) ;
#1348 = DIRECTION ( 'NONE',  ( -0.7071067811865474617, 0.000000000000000000, -0.7071067811865474617 ) ) ;
#1349 = EDGE_CURVE ( 'NONE', #762, #2944, #1661, .T. ) ;
#1350 = ORIENTED_EDGE ( 'NONE', *, *, #1006, .F. ) ;
#1351 = CARTESIAN_POINT ( 'NONE',  ( 50.00000000000000000, -50.00000000000000000, 3.000000000000000000 ) ) ;
#1352 = DIRECTION ( 'NONE',  ( 0.000000000000000000, 0.000000000000000000, 1.000000000000000000 ) ) ;
#1353 = CIRCLE ( 'NONE', #2905, 1.750000000000001110 ) ;
#1354 = CARTESIAN_POINT ( 'NONE',  ( -49.99999999999998579, 49.99999999999999289, 19.00000000000000000 ) ) ;
#1355 = CIRCLE ( 'NONE', #923, 1.000000000000000888 ) ;
#1356 = CARTESIAN_POINT ( 'NONE',  ( -44.99999999999998579, 45.00000000000000000, 0.000000000000000000 ) ) ;
#1357 = ADVANCED_FACE ( 'NONE', ( #270 ), #1055, .F. ) ;
#1358 = CARTESIAN_POINT ( 'NONE',  ( -45.99999999999998579, 39.75304923404039670, -11.14213562373095634 ) ) ;
#1359 = EDGE_CURVE ( 'NONE', #365, #524, #1842, .T. ) ;
#1360 = ORIENTED_EDGE ( 'NONE', *, *, #1821, .F. ) ;
#1361 = AXIS2_PLACEMENT_3D ( 'NONE', #814, #2131, #2873 ) ;
#1362 = EDGE_CURVE ( 'NONE', #109, #1279, #298, .T. ) ;
#1363 = LINE ( 'NONE', #834, #1364 ) ;
#1364 = VECTOR ( 'NONE', #1878, 1000.000000000000000 ) ;
#1365 = CIRCLE ( 'NONE', #2810, 1.000000000000000888 ) ;
#1366 = ORIENTED_EDGE ( 'NONE', *, *, #800, .F. ) ;
#1367 = VECTOR ( 'NONE', #3067, 1000.000000000000000 ) ;
#1368 = ORIENTED_EDGE ( 'NONE', *, *, #1994, .T. ) ;
#1369 = DIRECTION ( 'NONE',  ( 1.000000000000000000, -1.444447458290425455E-27, -2.081668171172168513E-14 ) ) ;
#1370 = ORIENTED_EDGE ( 'NONE', *, *, #2286, .T. ) ;
#1371 = CARTESIAN_POINT ( 'NONE',  ( 49.99999999999998579, -49.99999999999999289, 19.00000000000000000 ) ) ;
#1372 = DIRECTION ( 'NONE',  ( 0.000000000000000000, 1.000000000000000000, -6.938893903907222067E-14 ) ) ;
#1373 = LINE ( 'NONE', #374, #2748 ) ;
#1374 = DIRECTION ( 'NONE',  ( 0.000000000000000000, 0.000000000000000000, 1.000000000000000000 ) ) ;
#1375 = CARTESIAN_POINT ( 'NONE',  ( 39.99999999999998579, 49.99999999999998579, 19.00000000000000000 ) ) ;
#1376 = EDGE_CURVE ( 'NONE', #2855, #95, #2920, .T. ) ;
#1377 = ORIENTED_EDGE ( 'NONE', *, *, #158, .F. ) ;
#1378 = ORIENTED_EDGE ( 'NONE', *, *, #2449, .T. ) ;
#1379 = ORIENTED_EDGE ( 'NONE', *, *, #1376, .F. ) ;
#1380 = DIRECTION ( 'NONE',  ( -1.000000000000000000, 0.000000000000000000, 0.000000000000000000 ) ) ;
#1381 = CONICAL_SURFACE ( 'NONE', #2394, 32.99999999999998579, 0.7853981633974482790 ) ;
#1382 = CIRCLE ( 'NONE', #354, 1.000000000000001554 ) ;
#1383 = ADVANCED_FACE ( 'NONE', ( #416 ), #2469, .T. ) ;
#1384 = CARTESIAN_POINT ( 'NONE',  ( 40.12111050360915954, 46.93444590256524407, 11.75104600164132052 ) ) ;
#1385 = ORIENTED_EDGE ( 'NONE', *, *, #902, .F. ) ;
#1386 = FACE_OUTER_BOUND ( 'NONE', #3044, .T. ) ;
#1387 = ORIENTED_EDGE ( 'NONE', *, *, #1359, .F. ) ;
#1388 = CARTESIAN_POINT ( 'NONE',  ( -46.99999999999998579, 40.46060798583053497, 4.000000000000000000 ) ) ;
#1389 = DIRECTION ( 'NONE',  ( 1.000000000000000000, 0.000000000000000000, 0.000000000000000000 ) ) ;
#1390 = APPLICATION_CONTEXT ( 'configuration controlled 3d designs of mechanical parts and assemblies' ) ;
#1391 = DIRECTION ( 'NONE',  ( -1.000000000000000000, 0.000000000000000000, 0.000000000000000000 ) ) ;
#1392 = DIRECTION ( 'NONE',  ( -1.000000000000000000, 0.000000000000000000, 0.000000000000000000 ) ) ;
#1393 = DIRECTION ( 'NONE',  ( 0.9315409787236150763, 0.3636363636363246221, 0.000000000000000000 ) ) ;
#1394 = ORIENTED_EDGE ( 'NONE', *, *, #1115, .T. ) ;
#1395 = EDGE_LOOP ( 'NONE', ( #2365, #187, #388, #1350, #2786, #2590 ) ) ;
#1396 = EDGE_LOOP ( 'NONE', ( #1306, #1933, #2856 ) ) ;
#1397 = CARTESIAN_POINT ( 'NONE',  ( 40.00000000002381739, -48.70955274338800933, 11.66025403786109393 ) ) ;
#1398 = ADVANCED_FACE ( 'NONE', ( #1174 ), #1381, .F. ) ;
#1399 = VECTOR ( 'NONE', #3086, 1000.000000000000000 ) ;
#1400 = CARTESIAN_POINT ( 'NONE',  ( 24.99999999999998224, -49.99999999999999289, 2.999999999999996447 ) ) ;
#1401 = EDGE_LOOP ( 'NONE', ( #3281, #903 ) ) ;
#1402 = DIRECTION ( 'NONE',  ( -0.000000000000000000, 1.000000000000000000, -0.000000000000000000 ) ) ;
#1403 = CARTESIAN_POINT ( 'NONE',  ( -45.99999999999998579, -24.99999999999999289, 3.000000000000000000 ) ) ;
#1404 = ORIENTED_EDGE ( 'NONE', *, *, #2322, .F. ) ;
#1405 = CARTESIAN_POINT ( 'NONE',  ( -49.99999999999998579, 39.99999999999999289, 11.66025403784441039 ) ) ;
#1406 = EDGE_CURVE ( 'NONE', #1998, #385, #1518, .T. ) ;
#1407 = CARTESIAN_POINT ( 'NONE',  ( 39.75304923404039670, -46.99999999999999289, 11.51767694664105868 ) ) ;
#1408 = EDGE_CURVE ( 'NONE', #95, #2279, #126, .T. ) ;
#1409 = CARTESIAN_POINT ( 'NONE',  ( -39.99999999999998579, -49.99999999999998579, 19.00000000000000000 ) ) ;
#1410 = CARTESIAN_POINT ( 'NONE',  ( 6.938893903907228378E-15, -6.938893903907228378E-15, 0.000000000000000000 ) ) ;
#1411 = CARTESIAN_POINT ( 'NONE',  ( 44.99999999999997868, 45.00000000000000000, 2.399999999999999467 ) ) ;
#1412 = AXIS2_PLACEMENT_3D ( 'NONE', #1706, #2128, #1391 ) ;
#1413 = EDGE_LOOP ( 'NONE', ( #180, #857, #3280, #294, #1387, #1902 ) ) ;
#1414 = ORIENTED_EDGE ( 'NONE', *, *, #2085, .T. ) ;
#1415 = AXIS2_PLACEMENT_3D ( 'NONE', #2582, #21, #872 ) ;
#1416 = AXIS2_PLACEMENT_3D ( 'NONE', #2950, #2392, #3206 ) ;
#1417 = AXIS2_PLACEMENT_3D ( 'NONE', #1320, #2150, #1014 ) ;
#1418 = AXIS2_PLACEMENT_3D ( 'NONE', #147, #3076, #3329 ) ;
#1419 = LINE ( 'NONE', #3270, #926 ) ;
#1420 = ORIENTED_EDGE ( 'NONE', *, *, #1046, .F. ) ;
#1421 = DIRECTION ( 'NONE',  ( 1.000000000000000000, 1.249000902703300098E-13, 0.000000000000000000 ) ) ;
#1422 = VECTOR ( 'NONE', #739, 1000.000000000000000 ) ;
#1423 = ORIENTED_EDGE ( 'NONE', *, *, #1187, .T. ) ;
#1424 = DIRECTION ( 'NONE',  ( -0.000000000000000000, -0.000000000000000000, 1.000000000000000000 ) ) ;
#1425 = DIRECTION ( 'NONE',  ( 1.000000000000000000, 0.000000000000000000, 0.000000000000000000 ) ) ;
#1426 = DIRECTION ( 'NONE',  ( -1.000000000000000000, 0.000000000000000000, 0.000000000000000000 ) ) ;
#1427 = ADVANCED_FACE ( 'NONE', ( #1944 ), #2973, .F. ) ;
#1428 = CARTESIAN_POINT ( 'NONE',  ( -49.99999999999998579, -50.00000000000000000, 0.1999999999999779732 ) ) ;
#1429 = CARTESIAN_POINT ( 'NONE',  ( -39.49999999999998579, -49.99999999999999289, 11.37157890324960086 ) ) ;
#1430 = VERTEX_POINT ( 'NONE', #2953 ) ;
#1431 = VERTEX_POINT ( 'NONE', #1672 ) ;
#1432 = VERTEX_POINT ( 'NONE', #2704 ) ;
#1433 = CARTESIAN_POINT ( 'NONE',  ( -39.80937756084139778, 47.00000000000000000, 11.55019812128262124 ) ) ;
#1434 = CARTESIAN_POINT ( 'NONE',  ( 46.99999999999998579, -39.75304923404039670, 9.500000000000000000 ) ) ;
#1435 = CARTESIAN_POINT ( 'NONE',  ( 48.70954640344172759, -40.00000000000000711, 11.66025403784917636 ) ) ;
#1436 = EDGE_CURVE ( 'NONE', #2282, #1098, #2459, .T. ) ;
#1437 =( LENGTH_UNIT ( ) NAMED_UNIT ( * ) SI_UNIT ( .MILLI., .METRE. ) );
#1438 =( BOUNDED_SURFACE ( )  B_SPLINE_SURFACE ( 3, 2, ( 
 ( #2875, #2118, #2080 ),
 ( #785, #1825, #819 ),
 ( #2611, #3162, #1627 ),
 ( #61, #580, #295 ) ),
 .UNSPECIFIED., .F., .F., .F. ) 
 B_SPLINE_SURFACE_WITH_KNOTS ( ( 4, 4 ),
 ( 3, 3 ),
 ( 3.141592653589793116, 3.515994198753881861 ),
 ( 0.000000000000000000, 1.000000000000000000 ),
 .UNSPECIFIED. ) 
 GEOMETRIC_REPRESENTATION_ITEM ( )  RATIONAL_B_SPLINE_SURFACE ( (
 ( 1.000000000000000000, 0.8660254037844391517, 1.000000000000000000),
 ( 1.000000000000000000, 0.8660296585603464159, 1.000000000000000000),
 ( 1.000000000000000000, 0.8626377241932513540, 1.000000000000000000),
 ( 1.000000000000000000, 0.8559682606317418063, 1.000000000000000000) ) ) 
 REPRESENTATION_ITEM ( '' )  SURFACE ( )  );
#1439 = TOROIDAL_SURFACE ( 'NONE', #1003, 11.00000000000000355, 1.000000000000000000 ) ;
#1440 = ORIENTED_EDGE ( 'NONE', *, *, #1961, .F. ) ;
#1441 = FACE_OUTER_BOUND ( 'NONE', #1132, .T. ) ;
#1442 = DIRECTION ( 'NONE',  ( 0.000000000000000000, 0.000000000000000000, 1.000000000000000000 ) ) ;
#1443 = CYLINDRICAL_SURFACE ( 'NONE', #3179, 1.000000000000000888 ) ;
#1444 = CARTESIAN_POINT ( 'NONE',  ( -0.2830493480369559167, 32.81747139956298298, 0.1815830831559551717 ) ) ;
#1445 = CARTESIAN_POINT ( 'NONE',  ( 44.99999999999998579, -45.00000000000000000, 2.399999999999999467 ) ) ;
#1446 = VERTEX_POINT ( 'NONE', #2396 ) ;
#1447 = ORIENTED_EDGE ( 'NONE', *, *, #527, .T. ) ;
#1448 = CC_DESIGN_PERSON_AND_ORGANIZATION_ASSIGNMENT ( #1882, #116, ( #1570 ) ) ;
#1449 = ORIENTED_EDGE ( 'NONE', *, *, #2978, .F. ) ;
#1450 = DIRECTION ( 'NONE',  ( 1.000000000000000000, 0.000000000000000000, 0.000000000000000000 ) ) ;
#1451 = CARTESIAN_POINT ( 'NONE',  ( 44.99999999999998579, -45.00000000000000000, 19.00000000000000000 ) ) ;
#1452 = CALENDAR_DATE ( 2026, 27, 7 ) ;
#1453 = AXIS2_PLACEMENT_3D ( 'NONE', #181, #2475, #1450 ) ;
#1454 = ADVANCED_FACE ( 'NONE', ( #92 ), #668, .T. ) ;
#1455 = ORIENTED_EDGE ( 'NONE', *, *, #860, .T. ) ;
#1456 = FACE_BOUND ( 'NONE', #230, .T. ) ;
#1457 =( BOUNDED_CURVE ( )  B_SPLINE_CURVE ( 3, ( #2220, #2690, #1973, #3232 ),
 .UNSPECIFIED., .F., .T. ) 
 B_SPLINE_CURVE_WITH_KNOTS ( ( 4, 4 ),
 ( 3.141592653589793116, 3.419162286621007851 ),
 .UNSPECIFIED. ) 
 CURVE ( )  GEOMETRIC_REPRESENTATION_ITEM ( )  RATIONAL_B_SPLINE_CURVE ( ( 1.000000000000000000, 0.9935898903651311231, 0.9935898903651311231, 1.000000000000000000 ) ) 
 REPRESENTATION_ITEM ( '' )  );
#1458 = VECTOR ( 'NONE', #3234, 1000.000000000000000 ) ;
#1459 = FACE_OUTER_BOUND ( 'NONE', #647, .T. ) ;
#1460 = DIRECTION ( 'NONE',  ( -1.000000000000000000, 0.000000000000000000, 0.000000000000000000 ) ) ;
#1461 = CARTESIAN_POINT ( 'NONE',  ( -39.92103330537754857, -46.98578970971346536, 11.61466259544713608 ) ) ;
#1462 = DIRECTION ( 'NONE',  ( -0.000000000000000000, -0.000000000000000000, -1.000000000000000000 ) ) ;
#1463 = ORIENTED_EDGE ( 'NONE', *, *, #1681, .T. ) ;
#1464 = VERTEX_POINT ( 'NONE', #1707 ) ;
#1465 = EDGE_CURVE ( 'NONE', #3019, #2323, #2722, .T. ) ;
#1466 = FACE_BOUND ( 'NONE', #432, .T. ) ;
#1467 = CARTESIAN_POINT ( 'NONE',  ( 46.36363636363635266, -40.68459021276399312, -11.14213562373095634 ) ) ;
#1468 = ADVANCED_FACE ( 'NONE', ( #1123 ), #2666, .F. ) ;
#1469 = CIRCLE ( 'NONE', #6, 2.999999999999995559 ) ;
#1470 = EDGE_CURVE ( 'NONE', #961, #660, #2164, .T. ) ;
#1471 = VECTOR ( 'NONE', #790, 1000.000000000000000 ) ;
#1472 = CARTESIAN_POINT ( 'NONE',  ( 47.99999999999997158, 45.00000000000000000, 0.000000000000000000 ) ) ;
#1473 = CIRCLE ( 'NONE', #12, 1.000000000000000888 ) ;
#1474 = CARTESIAN_POINT ( 'NONE',  ( -46.99999999999998579, 39.75304923404039670, 11.51767694664105335 ) ) ;
#1475 = COORDINATED_UNIVERSAL_TIME_OFFSET ( 3, 0, .BEHIND. ) ;
#1476 = TOROIDAL_SURFACE ( 'NONE', #3302, 11.00000000000000355, 1.000000000000000000 ) ;
#1477 = CIRCLE ( 'NONE', #2916, 2.999999999999995559 ) ;
#1478 = ORIENTED_EDGE ( 'NONE', *, *, #1643, .F. ) ;
#1479 = CARTESIAN_POINT ( 'NONE',  ( 25.71743893521428959, -46.99999999999998579, 3.414213562373095368 ) ) ;
#1480 = AXIS2_PLACEMENT_3D ( 'NONE', #547, #1128, #3145 ) ;
#1481 = DIRECTION ( 'NONE',  ( 0.000000000000000000, 0.000000000000000000, 1.000000000000000000 ) ) ;
#1482 = CIRCLE ( 'NONE', #2760, 1.750000000000001554 ) ;
#1483 =( BOUNDED_CURVE ( )  B_SPLINE_CURVE ( 3, ( #881, #2214, #2705, #1429 ),
 .UNSPECIFIED., .F., .F. ) 
 B_SPLINE_CURVE_WITH_KNOTS ( ( 4, 4 ),
 ( 2.864023020558578381, 3.141592653589793116 ),
 .UNSPECIFIED. ) 
 CURVE ( )  GEOMETRIC_REPRESENTATION_ITEM ( )  RATIONAL_B_SPLINE_CURVE ( ( 1.000000000000000000, 0.9935898903651311231, 0.9935898903651311231, 1.000000000000000000 ) ) 
 REPRESENTATION_ITEM ( '' )  );
#1484 = CARTESIAN_POINT ( 'NONE',  ( 26.73205080756886076, 46.99999999999999289, 4.000000000000000000 ) ) ;
#1485 = DIRECTION ( 'NONE',  ( -0.000000000000000000, 1.000000000000000000, 0.000000000000000000 ) ) ;
#1486 = CARTESIAN_POINT ( 'NONE',  ( 2.020667218593142123E-16, 34.54999999999999716, 0.000000000000000000 ) ) ;
#1487 = VERTEX_POINT ( 'NONE', #3324 ) ;
#1488 = FACE_OUTER_BOUND ( 'NONE', #3205, .T. ) ;
#1489 = DIRECTION ( 'NONE',  ( 0.000000000000000000, -0.000000000000000000, 1.000000000000000000 ) ) ;
#1490 = ADVANCED_FACE ( 'NONE', ( #446 ), #2750, .F. ) ;
#1491 = CARTESIAN_POINT ( 'NONE',  ( 39.99999999999998579, -49.99999999999999289, 12.23760430703404012 ) ) ;
#1492 = CARTESIAN_POINT ( 'NONE',  ( 45.97712843582499431, -40.26200681880709453, 11.81152374521221127 ) ) ;
#1493 = PERSON_AND_ORGANIZATION ( #336, #799 ) ;
#1494 = EDGE_CURVE ( 'NONE', #2442, #993, #1910, .T. ) ;
#1495 = ORIENTED_EDGE ( 'NONE', *, *, #877, .T. ) ;
#1496 = LINE ( 'NONE', #2502, #1146 ) ;
#1497 = CYLINDRICAL_SURFACE ( 'NONE', #2981, 1.700000000000000178 ) ;
#1498 = DIRECTION ( 'NONE',  ( 0.000000000000000000, 0.000000000000000000, 1.000000000000000000 ) ) ;
#1499 = DIRECTION ( 'NONE',  ( 0.000000000000000000, 0.000000000000000000, 1.000000000000000000 ) ) ;
#1500 = EDGE_LOOP ( 'NONE', ( #2481, #836 ) ) ;
#1501 = CARTESIAN_POINT ( 'NONE',  ( 41.99999999999997868, 45.00000000000000000, 2.399999999999999467 ) ) ;
#1502 = DIRECTION ( 'NONE',  ( 0.000000000000000000, 0.000000000000000000, 1.000000000000000000 ) ) ;
#1503 = EDGE_CURVE ( 'NONE', #2645, #991, #1256, .T. ) ;
#1504 = CARTESIAN_POINT ( 'NONE',  ( -46.80008662976745626, -40.35857943202694997, 12.00444058092217325 ) ) ;
#1505 = EDGE_CURVE ( 'NONE', #604, #2119, #741, .T. ) ;
#1506 = CALENDAR_DATE ( 2026, 27, 7 ) ;
#1507 = EDGE_CURVE ( 'NONE', #111, #2586, #1130, .T. ) ;
#1508 = ORIENTED_EDGE ( 'NONE', *, *, #666, .T. ) ;
#1509 = CARTESIAN_POINT ( 'NONE',  ( -46.99999999999998579, 26.73205080756886787, 3.999999999999999112 ) ) ;
#1510 = FACE_OUTER_BOUND ( 'NONE', #2385, .T. ) ;
#1511 = CARTESIAN_POINT ( 'NONE',  ( 45.99999999999998579, -39.75304923404039670, 4.000000000000000000 ) ) ;
#1512 = EDGE_CURVE ( 'NONE', #1487, #2028, #3208, .T. ) ;
#1513 = ORIENTED_EDGE ( 'NONE', *, *, #2603, .T. ) ;
#1514 = CARTESIAN_POINT ( 'NONE',  ( -40.35857107250195952, -46.80009278612325829, 12.00442985247855887 ) ) ;
#1515 = CARTESIAN_POINT ( 'NONE',  ( -40.68459021276398602, 46.36363636363636687, 12.67237748502030925 ) ) ;
#1516 = ADVANCED_FACE ( 'NONE', ( #3294 ), #1439, .F. ) ;
#1517 = ORIENTED_EDGE ( 'NONE', *, *, #1406, .F. ) ;
#1518 = B_SPLINE_CURVE_WITH_KNOTS ( 'NONE', 3,
 ( #915, #936, #3174, #2989, #862, #684, #2430, #1900 ),
 .UNSPECIFIED., .F., .F.,
 ( 4, 2, 2, 4 ),
 ( -6.396301417865844298E-06, 0.0007370320292918185233, 0.001108746194646660632, 0.001480460360001502849 ),
 .UNSPECIFIED. ) ;
#1519 = ORIENTED_EDGE ( 'NONE', *, *, #2785, .F. ) ;
#1520 = CARTESIAN_POINT ( 'NONE',  ( -44.99999999999997868, -45.00000000000000000, 2.399999999999999467 ) ) ;
#1521 = ORIENTED_EDGE ( 'NONE', *, *, #1263, .T. ) ;
#1522 = CARTESIAN_POINT ( 'NONE',  ( -49.99999999999998579, -50.00000000000000000, 0.1999999999999779732 ) ) ;
#1523 = VECTOR ( 'NONE', #1943, 1000.000000000000000 ) ;
#1524 = AXIS2_PLACEMENT_3D ( 'NONE', #908, #1369, #101 ) ;
#1525 = ORIENTED_EDGE ( 'NONE', *, *, #2698, .F. ) ;
#1526 = DIRECTION ( 'NONE',  ( 0.000000000000000000, 0.000000000000000000, 1.000000000000000000 ) ) ;
#1527 = CARTESIAN_POINT ( 'NONE',  ( 49.99999999999998579, -49.99999999999999289, 19.00000000000000000 ) ) ;
#1528 = VECTOR ( 'NONE', #215, 1000.000000000000000 ) ;
#1529 = AXIS2_PLACEMENT_3D ( 'NONE', #1411, #1462, #1932 ) ;
#1530 = CIRCLE ( 'NONE', #2111, 1.000000000000000888 ) ;
#1531 = DIRECTION ( 'NONE',  ( 0.000000000000000000, 0.000000000000000000, -1.000000000000000000 ) ) ;
#1532 = AXIS2_PLACEMENT_3D ( 'NONE', #1155, #151, #137 ) ;
#1533 = DIRECTION ( 'NONE',  ( -0.000000000000000000, -0.000000000000000000, -1.000000000000000000 ) ) ;
#1534 = FACE_OUTER_BOUND ( 'NONE', #2745, .T. ) ;
#1535 = ORIENTED_EDGE ( 'NONE', *, *, #831, .T. ) ;
#1536 = VECTOR ( 'NONE', #1813, 1000.000000000000000 ) ;
#1537 = EDGE_CURVE ( 'NONE', #370, #2924, #2617, .T. ) ;
#1538 = CARTESIAN_POINT ( 'NONE',  ( -47.99999999999997868, 45.00000000000000000, 2.399999999999999467 ) ) ;
#1539 = CYLINDRICAL_SURFACE ( 'NONE', #2398, 2.999999999999995559 ) ;
#1540 = CARTESIAN_POINT ( 'NONE',  ( -49.99999999999998579, -50.00000000000000000, 0.1999999999999779732 ) ) ;
#1541 = EDGE_CURVE ( 'NONE', #850, #1592, #2556, .T. ) ;
#1542 = ORIENTED_EDGE ( 'NONE', *, *, #182, .T. ) ;
#1543 = DIRECTION ( 'NONE',  ( 0.000000000000000000, -0.000000000000000000, 1.000000000000000000 ) ) ;
#1544 = FACE_OUTER_BOUND ( 'NONE', #1208, .T. ) ;
#1545 = AXIS2_PLACEMENT_3D ( 'NONE', #2087, #73, #52 ) ;
#1546 = DIRECTION ( 'NONE',  ( -0.000000000000000000, -0.000000000000000000, 1.000000000000000000 ) ) ;
#1547 = VERTEX_POINT ( 'NONE', #1756 ) ;
#1548 = LINE ( 'NONE', #320, #1876 ) ;
#1549 = CARTESIAN_POINT ( 'NONE',  ( -40.26200681880708743, 45.97712843582500852, 11.81152374521221482 ) ) ;
#1550 = AXIS2_PLACEMENT_3D ( 'NONE', #476, #765, #2820 ) ;
#1551 = LINE ( 'NONE', #1604, #3292 ) ;
#1552 = CARTESIAN_POINT ( 'NONE',  ( -38.99999999999998579, 49.99999999999999289, 12.23760430703404012 ) ) ;
#1553 = DIRECTION ( 'NONE',  ( 0.3636363636363223462, -0.9315409787236160755, -0.000000000000000000 ) ) ;
#1554 = ORIENTED_EDGE ( 'NONE', *, *, #968, .F. ) ;
#1555 = EDGE_LOOP ( 'NONE', ( #892, #1738 ) ) ;
#1556 = CARTESIAN_POINT ( 'NONE',  ( -46.93444432896263407, -40.12111501124756074, 11.75104958190289572 ) ) ;
#1557 = ORIENTED_EDGE ( 'NONE', *, *, #16, .T. ) ;
#1558 = ORIENTED_EDGE ( 'NONE', *, *, #940, .T. ) ;
#1559 = CARTESIAN_POINT ( 'NONE',  ( 39.99999999999998579, 49.99999999999999289, 19.00000000000000000 ) ) ;
#1560 = CARTESIAN_POINT ( 'NONE',  ( -45.99999999999998579, 24.99999999999999289, 3.000000000000000000 ) ) ;
#1561 = CARTESIAN_POINT ( 'NONE',  ( 40.54296139631865969, 46.63502710881218860, 12.27841566319448496 ) ) ;
#1562 = ORIENTED_EDGE ( 'NONE', *, *, #2257, .F. ) ;
#1563 = CARTESIAN_POINT ( 'NONE',  ( 46.99999999999998579, 24.99999999999999645, 4.000000000000000000 ) ) ;
#1564 = DIRECTION ( 'NONE',  ( -1.000000000000000000, 0.000000000000000000, 0.000000000000000000 ) ) ;
#1565 = EDGE_LOOP ( 'NONE', ( #349, #1370, #3266, #2224 ) ) ;
#1566 = AXIS2_PLACEMENT_3D ( 'NONE', #3133, #2301, #3101 ) ;
#1567 = CARTESIAN_POINT ( 'NONE',  ( 46.99999999999998579, -39.99999999999999289, 11.66025403784441039 ) ) ;
#1568 = CARTESIAN_POINT ( 'NONE',  ( 32.50000000000000711, -2.958791806678330146E-15, 3.000000000000000000 ) ) ;
#1569 = FACE_BOUND ( 'NONE', #512, .T. ) ;
#1570 = PRODUCT ( 'soporte_motor', 'soporte_motor', '', ( #351 ) ) ;
#1571 =( BOUNDED_CURVE ( )  B_SPLINE_CURVE ( 3, ( #130, #2672, #2418, #673 ),
 .UNSPECIFIED., .F., .T. ) 
 B_SPLINE_CURVE_WITH_KNOTS ( ( 4, 4 ),
 ( 3.141592653589793116, 3.419162286621007851 ),
 .UNSPECIFIED. ) 
 CURVE ( )  GEOMETRIC_REPRESENTATION_ITEM ( )  RATIONAL_B_SPLINE_CURVE ( ( 1.000000000000000000, 0.9935898903651311231, 0.9935898903651311231, 1.000000000000000000 ) ) 
 REPRESENTATION_ITEM ( '' )  );
#1572 = EDGE_LOOP ( 'NONE', ( #1727, #1315, #1918, #770, #2117, #2177 ) ) ;
#1573 = CARTESIAN_POINT ( 'NONE',  ( -44.99999999999997868, -45.00000000000000000, 2.399999999999999467 ) ) ;
#1574 = ADVANCED_FACE ( 'NONE', ( #2768 ), #2036, .F. ) ;
#1575 = EDGE_LOOP ( 'NONE', ( #2741, #824, #2306, #1267 ) ) ;
#1576 = EDGE_LOOP ( 'NONE', ( #2903, #2823, #2200, #969, #829, #2121 ) ) ;
#1577 = CARTESIAN_POINT ( 'NONE',  ( 28.33363511251237199, -16.52490896335582349, 0.1998922728146074190 ) ) ;
#1578 = DIRECTION ( 'NONE',  ( -0.8660254037844380415, 0.000000000000000000, 0.5000000000000012212 ) ) ;
#1579 = AXIS2_PLACEMENT_3D ( 'NONE', #1995, #484, #1531 ) ;
#1580 = FACE_OUTER_BOUND ( 'NONE', #2133, .T. ) ;
#1581 = DIRECTION ( 'NONE',  ( 1.444447458290425455E-27, 1.000000000000000000, -2.081668171172168513E-14 ) ) ;
#1582 = DIRECTION ( 'NONE',  ( -0.000000000000000000, -0.000000000000000000, -1.000000000000000000 ) ) ;
#1583 = CIRCLE ( 'NONE', #1854, 32.99999999999998579 ) ;
#1584 = ADVANCED_FACE ( 'NONE', ( #221, #985 ), #3262, .T. ) ;
#1585 = CIRCLE ( 'NONE', #2707, 10.00000000000000178 ) ;
#1586 = AXIS2_PLACEMENT_3D ( 'NONE', #1731, #1553, #2821 ) ;
#1587 = CARTESIAN_POINT ( 'NONE',  ( -47.50515990990542292, -40.23601823372698760, 12.38749601689035451 ) ) ;
#1588 = DIRECTION ( 'NONE',  ( -1.000000000000000000, 0.000000000000000000, 0.000000000000000000 ) ) ;
#1589 = EDGE_CURVE ( 'NONE', #2350, #1690, #3171, .T. ) ;
#1590 = DIRECTION ( 'NONE',  ( -0.000000000000000000, -0.000000000000000000, -1.000000000000000000 ) ) ;
#1591 = CIRCLE ( 'NONE', #988, 0.9999999999999974465 ) ;
#1592 = VERTEX_POINT ( 'NONE', #1461 ) ;
#1593 = EDGE_LOOP ( 'NONE', ( #3333, #3027, #1176, #177 ) ) ;
#1594 = CARTESIAN_POINT ( 'NONE',  ( 46.36363636363635266, 40.68459021276399312, 12.67237748502030570 ) ) ;
#1595 =( BOUNDED_CURVE ( )  B_SPLINE_CURVE ( 3, ( #2963, #890, #3204, #2928 ),
 .UNSPECIFIED., .F., .F. ) 
 B_SPLINE_CURVE_WITH_KNOTS ( ( 4, 4 ),
 ( 4.712388980384689674, 4.881173303103209626 ),
 .UNSPECIFIED. ) 
 CURVE ( )  GEOMETRIC_REPRESENTATION_ITEM ( )  RATIONAL_B_SPLINE_CURVE ( ( 1.000000000000000000, 0.9976273963495186914, 0.9976273963495186914, 1.000000000000000000 ) ) 
 REPRESENTATION_ITEM ( '' )  );
#1596 = ORIENTED_EDGE ( 'NONE', *, *, #883, .T. ) ;
#1597 = ORIENTED_EDGE ( 'NONE', *, *, #3277, .F. ) ;
#1598 = CARTESIAN_POINT ( 'NONE',  ( 46.69999999999997442, 45.00000000000000000, 19.00000000000000000 ) ) ;
#1599 = DIRECTION ( 'NONE',  ( 0.000000000000000000, 0.000000000000000000, 1.000000000000000000 ) ) ;
#1600 = CARTESIAN_POINT ( 'NONE',  ( 40.28719872831621274, 46.85049547955438953, 11.91563164880870751 ) ) ;
#1601 = CYLINDRICAL_SURFACE ( 'NONE', #2993, 1.000000000000000000 ) ;
#1602 = CARTESIAN_POINT ( 'NONE',  ( -31.67117770075224215, -17.27500000000016556, 0.000000000000000000 ) ) ;
#1603 = EDGE_LOOP ( 'NONE', ( #293, #2335, #2662, #722 ) ) ;
#1604 = CARTESIAN_POINT ( 'NONE',  ( -40.68459021276399312, -46.36363636363635266, -11.14213562373095634 ) ) ;
#1605 = DIRECTION ( 'NONE',  ( 0.000000000000000000, -0.000000000000000000, -1.000000000000000000 ) ) ;
#1606 = DIRECTION ( 'NONE',  ( -0.000000000000000000, -0.000000000000000000, -1.000000000000000000 ) ) ;
#1607 = CIRCLE ( 'NONE', #679, 1.700000000000000178 ) ;
#1608 = VERTEX_POINT ( 'NONE', #2487 ) ;
#1609 = ADVANCED_FACE ( 'NONE', ( #3070 ), #2372, .F. ) ;
#1610 = DIRECTION ( 'NONE',  ( -0.000000000000000000, -0.000000000000000000, -1.000000000000000000 ) ) ;
#1611 = EDGE_CURVE ( 'NONE', #623, #511, #1607, .T. ) ;
#1612 = VERTEX_POINT ( 'NONE', #22 ) ;
#1613 = VERTEX_POINT ( 'NONE', #3104 ) ;
#1614 = DIRECTION ( 'NONE',  ( -0.3636363636363655338, -0.9315409787235990891, 4.635288655165583675E-14 ) ) ;
#1615 = DIRECTION ( 'NONE',  ( -0.000000000000000000, -0.000000000000000000, -1.000000000000000000 ) ) ;
#1616 = EDGE_CURVE ( 'NONE', #2687, #1446, #887, .T. ) ;
#1617 = ADVANCED_FACE ( 'NONE', ( #2602 ), #518, .F. ) ;
#1618 = CARTESIAN_POINT ( 'NONE',  ( 38.99999999999998579, -49.99999999999999289, 12.23760430703404012 ) ) ;
#1619 = CYLINDRICAL_SURFACE ( 'NONE', #124, 1.700000000000000178 ) ;
#1620 = VERTEX_POINT ( 'NONE', #2341 ) ;
#1621 = EDGE_CURVE ( 'NONE', #918, #1057, #775, .T. ) ;
#1622 = DIRECTION ( 'NONE',  ( 1.249000902703301108E-13, 0.000000000000000000, -1.000000000000000000 ) ) ;
#1623 = DIRECTION ( 'NONE',  ( 1.000000000000000000, 0.000000000000000000, 0.000000000000000000 ) ) ;
#1624 = EDGE_CURVE ( 'NONE', #660, #2279, #1548, .T. ) ;
#1625 = DIRECTION ( 'NONE',  ( -1.000000000000000000, 0.000000000000000000, 0.000000000000000000 ) ) ;
#1626 = ORIENTED_EDGE ( 'NONE', *, *, #3216, .F. ) ;
#1627 = CARTESIAN_POINT ( 'NONE',  ( -39.75963308667332541, -47.25564274131973264, 11.52147813573098745 ) ) ;
#1628 = ORIENTED_EDGE ( 'NONE', *, *, #1058, .T. ) ;
#1629 = ORIENTED_EDGE ( 'NONE', *, *, #2286, .F. ) ;
#1630 = CARTESIAN_POINT ( 'NONE',  ( -39.92103330537754857, -46.98578970971346536, 11.61466259544713608 ) ) ;
#1631 = CARTESIAN_POINT ( 'NONE',  ( -43.29999999999999005, 45.00000000000000000, 19.00000000000000000 ) ) ;
#1632 = ORIENTED_EDGE ( 'NONE', *, *, #158, .T. ) ;
#1633 = CARTESIAN_POINT ( 'NONE',  ( 45.99999999999998579, -39.75304923404039670, 4.000000000000000000 ) ) ;
#1634 = DIRECTION ( 'NONE',  ( 0.000000000000000000, 0.000000000000000000, 1.000000000000000000 ) ) ;
#1635 = VECTOR ( 'NONE', #1930, 1000.000000000000000 ) ;
#1636 = CARTESIAN_POINT ( 'NONE',  ( -31.67117770075224215, -17.27500000000016556, 3.000000000000000000 ) ) ;
#1637 = CIRCLE ( 'NONE', #171, 0.9999999999999974465 ) ;
#1638 = CARTESIAN_POINT ( 'NONE',  ( -49.99999999999998579, -50.00000000000000000, 3.000000000000000000 ) ) ;
#1639 = CARTESIAN_POINT ( 'NONE',  ( -46.69999999999997442, -45.00000000000000000, 0.000000000000000000 ) ) ;
#1640 = ORIENTED_EDGE ( 'NONE', *, *, #2526, .T. ) ;
#1641 = CIRCLE ( 'NONE', #172, 1.750000000000001554 ) ;
#1642 = VECTOR ( 'NONE', #78, 1000.000000000000000 ) ;
#1643 = EDGE_CURVE ( 'NONE', #3320, #961, #2357, .T. ) ;
#1644 = ORIENTED_EDGE ( 'NONE', *, *, #2223, .T. ) ;
#1645 = B_SPLINE_CURVE_WITH_KNOTS ( 'NONE', 3,
 ( #1757, #251, #2751, #760, #2037, #2289, #2507, #1515 ),
 .UNSPECIFIED., .F., .F.,
 ( 4, 2, 2, 4 ),
 ( 0.000000000000000000, 0.0003696422918524700299, 0.0007392845837049400598, 0.001478569167409886625 ),
 .UNSPECIFIED. ) ;
#1646 = ORIENTED_EDGE ( 'NONE', *, *, #1589, .T. ) ;
#1647 = CYLINDRICAL_SURFACE ( 'NONE', #2544, 1.700000000000000178 ) ;
#1648 = AXIS2_PLACEMENT_3D ( 'NONE', #1705, #2719, #357 ) ;
#1649 = EDGE_LOOP ( 'NONE', ( #3062, #3181, #2134, #3264, #1901, #157 ) ) ;
#1650 = CARTESIAN_POINT ( 'NONE',  ( 49.99999999999998579, -39.99999999999999289, 12.23760430703403301 ) ) ;
#1651 =( NAMED_UNIT ( * ) PLANE_ANGLE_UNIT ( ) SI_UNIT ( $, .RADIAN. ) );
#1652 = ORIENTED_EDGE ( 'NONE', *, *, #380, .T. ) ;
#1653 = DIRECTION ( 'NONE',  ( 0.000000000000000000, -1.000000000000000000, 0.000000000000000000 ) ) ;
#1654 = CARTESIAN_POINT ( 'NONE',  ( -49.99999999999998579, -50.00000000000000000, 3.000000000000000000 ) ) ;
#1655 = ADVANCED_FACE ( 'NONE', ( #304 ), #2056, .F. ) ;
#1656 = DIRECTION ( 'NONE',  ( -0.000000000000000000, -0.7071067811865475727, -0.7071067811865475727 ) ) ;
#1657 = DIRECTION ( 'NONE',  ( 0.000000000000000000, 0.000000000000000000, 1.000000000000000000 ) ) ;
#1658 = ORIENTED_EDGE ( 'NONE', *, *, #3117, .T. ) ;
#1659 = ORIENTED_EDGE ( 'NONE', *, *, #2296, .T. ) ;
#1660 = CARTESIAN_POINT ( 'NONE',  ( -39.86550542045172563, 46.99525197138112986, 11.58260355613767878 ) ) ;
#1661 = CIRCLE ( 'NONE', #1169, 1.000000000000000888 ) ;
#1662 = AXIS2_PLACEMENT_3D ( 'NONE', #3328, #1277, #452 ) ;
#1663 = CARTESIAN_POINT ( 'NONE',  ( 39.75304923404038249, 47.00000000000000000, 11.92618618245457007 ) ) ;
#1664 = ORIENTED_EDGE ( 'NONE', *, *, #3032, .F. ) ;
#1665 = DIRECTION ( 'NONE',  ( -0.000000000000000000, -0.000000000000000000, -1.000000000000000000 ) ) ;
#1666 = DIRECTION ( 'NONE',  ( 1.000000000000000000, 0.000000000000000000, 0.000000000000000000 ) ) ;
#1667 = EDGE_CURVE ( 'NONE', #2717, #475, #1873, .T. ) ;
#1668 = ORIENTED_EDGE ( 'NONE', *, *, #3032, .T. ) ;
#1669 = CARTESIAN_POINT ( 'NONE',  ( -49.99999999999998579, -39.99999999999999289, 11.66025403784441039 ) ) ;
#1670 = DIRECTION ( 'NONE',  ( -0.9315409787236150763, -0.3636363636363246221, -0.000000000000000000 ) ) ;
#1671 = DIRECTION ( 'NONE',  ( 0.000000000000000000, 0.000000000000000000, 1.000000000000000000 ) ) ;
#1672 = CARTESIAN_POINT ( 'NONE',  ( -28.17117770075223859, -17.27500000000016556, 0.000000000000000000 ) ) ;
#1673 = CARTESIAN_POINT ( 'NONE',  ( 45.99999999999998579, 40.46060798583053497, 3.000000000000000000 ) ) ;
#1674 = ORIENTED_EDGE ( 'NONE', *, *, #3005, .F. ) ;
#1675 = ORIENTED_EDGE ( 'NONE', *, *, #2343, .T. ) ;
#1676 = EDGE_LOOP ( 'NONE', ( #1827, #2202, #448, #1241 ) ) ;
#1677 = CARTESIAN_POINT ( 'NONE',  ( -46.50406553475315263, 40.62977227742919695, 12.47569436880374738 ) ) ;
#1678 = DIRECTION ( 'NONE',  ( -1.000000000000000000, 0.000000000000000000, 0.000000000000000000 ) ) ;
#1679 = EDGE_LOOP ( 'NONE', ( #1794, #1069, #1368, #3012, #2275, #1192, #355, #907, #1177, #797, #2474, #1542, #159, #81, #1934, #2828, #617, #1709, #3125, #193, #1062, #578, #1513, #900 ) ) ;
#1680 = CARTESIAN_POINT ( 'NONE',  ( -32.49999999999999289, -6.938893903907228378E-15, 3.000000000000000000 ) ) ;
#1681 = EDGE_CURVE ( 'NONE', #96, #111, #2127, .T. ) ;
#1682 = CARTESIAN_POINT ( 'NONE',  ( -28.18044540349412230, -17.05324342290629147, 0.06160925045441394826 ) ) ;
#1683 = ORIENTED_EDGE ( 'NONE', *, *, #1319, .T. ) ;
#1684 = CARTESIAN_POINT ( 'NONE',  ( -39.92103330537754147, 46.98578970971347957, 11.61466259544713253 ) ) ;
#1685 = DIRECTION ( 'NONE',  ( 1.000000000000000000, 0.000000000000000000, 0.000000000000000000 ) ) ;
#1686 = DIRECTION ( 'NONE',  ( 1.000000000000000000, 0.000000000000000000, 0.000000000000000000 ) ) ;
#1687 = DIRECTION ( 'NONE',  ( -0.000000000000000000, -0.000000000000000000, -1.000000000000000000 ) ) ;
#1688 = DIRECTION ( 'NONE',  ( -0.000000000000000000, -0.000000000000000000, -1.000000000000000000 ) ) ;
#1689 = AXIS2_PLACEMENT_3D ( 'NONE', #1760, #2720, #394 ) ;
#1690 = VERTEX_POINT ( 'NONE', #791 ) ;
#1691 = ORIENTED_EDGE ( 'NONE', *, *, #1072, .T. ) ;
#1692 = AXIS2_PLACEMENT_3D ( 'NONE', #2614, #788, #805 ) ;
#1693 = ADVANCED_FACE ( 'NONE', ( #559 ), #1601, .F. ) ;
#1694 = ORIENTED_EDGE ( 'NONE', *, *, #2404, .F. ) ;
#1695 = CARTESIAN_POINT ( 'NONE',  ( 39.75963308667332541, -47.25564274131973264, 11.52147813573098745 ) ) ;
#1696 = AXIS2_PLACEMENT_3D ( 'NONE', #247, #1283, #2300 ) ;
#1697 = AXIS2_PLACEMENT_3D ( 'NONE', #937, #2937, #2682 ) ;
#1698 = DIRECTION ( 'NONE',  ( 1.000000000000000000, 0.000000000000000000, 0.000000000000000000 ) ) ;
#1699 = ORIENTED_EDGE ( 'NONE', *, *, #2800, .F. ) ;
#1700 = DIRECTION ( 'NONE',  ( 0.000000000000000000, 0.000000000000000000, 1.000000000000000000 ) ) ;
#1701 = AXIS2_PLACEMENT_3D ( 'NONE', #2305, #1634, #53 ) ;
#1702 = ORIENTED_EDGE ( 'NONE', *, *, #1156, .T. ) ;
#1703 = ORIENTED_EDGE ( 'NONE', *, *, #721, .T. ) ;
#1704 = DIRECTION ( 'NONE',  ( 0.000000000000000000, 1.000000000000000000, 0.000000000000000000 ) ) ;
#1705 = CARTESIAN_POINT ( 'NONE',  ( 44.99999999999998579, -45.00000000000000000, 0.000000000000000000 ) ) ;
#1706 = CARTESIAN_POINT ( 'NONE',  ( -49.99999999999998579, -49.99999999999999289, 3.000000000000000000 ) ) ;
#1707 = CARTESIAN_POINT ( 'NONE',  ( 49.99999999999999289, 24.99999999999995737, 2.999999999999990230 ) ) ;
#1708 = CARTESIAN_POINT ( 'NONE',  ( 39.92103330537754857, -46.98578970971346536, 11.61466259544713608 ) ) ;
#1709 = ORIENTED_EDGE ( 'NONE', *, *, #1893, .T. ) ;
#1710 = EDGE_LOOP ( 'NONE', ( #2146, #2433, #2624, #1167 ) ) ;
#1711 = EDGE_LOOP ( 'NONE', ( #1116, #3316, #1162, #2517 ) ) ;
#1712 = CARTESIAN_POINT ( 'NONE',  ( 41.99999999999997868, 45.00000000000000000, 3.851859888774471706E-31 ) ) ;
#1713 = AXIS2_PLACEMENT_3D ( 'NONE', #1310, #2329, #2077 ) ;
#1714 = DIRECTION ( 'NONE',  ( 0.000000000000000000, 0.000000000000000000, 1.000000000000000000 ) ) ;
#1715 = CARTESIAN_POINT ( 'NONE',  ( -40.23085367474143226, -47.52599035509488345, 12.38421608141496755 ) ) ;
#1716 = DATE_AND_TIME ( #2514, #747 ) ;
#1717 = VECTOR ( 'NONE', #3301, 1000.000000000000000 ) ;
#1718 = ORIENTED_EDGE ( 'NONE', *, *, #412, .T. ) ;
#1719 = CARTESIAN_POINT ( 'NONE',  ( 50.00000000000000000, -50.00000000000000000, 0.1999999999999779732 ) ) ;
#1720 = CARTESIAN_POINT ( 'NONE',  ( -24.99999999999998579, 46.99999999999999289, 3.000000000000000000 ) ) ;
#1721 = EDGE_CURVE ( 'NONE', #2924, #1612, #201, .T. ) ;
#1722 = EDGE_CURVE ( 'NONE', #1968, #3113, #1082, .T. ) ;
#1723 = CARTESIAN_POINT ( 'NONE',  ( 44.99999999999998579, -45.00000000000000000, 0.000000000000000000 ) ) ;
#1724 = CARTESIAN_POINT ( 'NONE',  ( 46.98578970971346536, 39.92103330537754857, 11.61466259544712898 ) ) ;
#1725 = CARTESIAN_POINT ( 'NONE',  ( -24.99999999999998579, -46.99999999999999289, 3.000000000000000000 ) ) ;
#1726 = EDGE_LOOP ( 'NONE', ( #2042, #146, #3163, #2753, #1232, #2137, #593, #841, #1042, #1344, #1521, #2985, #456, #2153 ) ) ;
#1727 = ORIENTED_EDGE ( 'NONE', *, *, #2457, .F. ) ;
#1728 = CARTESIAN_POINT ( 'NONE',  ( 46.98578970971346536, -39.92103330537754857, 11.61466259544712898 ) ) ;
#1729 = DIRECTION ( 'NONE',  ( 0.8660254037844380415, 0.000000000000000000, 0.5000000000000012212 ) ) ;
#1730 = LINE ( 'NONE', #1663, #1252 ) ;
#1731 = CARTESIAN_POINT ( 'NONE',  ( -39.75304923404037538, -46.00000000000002842, 4.000000000000000000 ) ) ;
#1732 = VERTEX_POINT ( 'NONE', #265 ) ;
#1733 = CARTESIAN_POINT ( 'NONE',  ( 46.99999999999998579, 39.75304923404039670, 4.000000000000000000 ) ) ;
#1734 = LINE ( 'NONE', #2747, #1804 ) ;
#1735 = EDGE_CURVE ( 'NONE', #300, #273, #835, .T. ) ;
#1736 = DIRECTION ( 'NONE',  ( 0.000000000000000000, -0.000000000000000000, -1.000000000000000000 ) ) ;
#1737 = CARTESIAN_POINT ( 'NONE',  ( -32.99999999999997868, -6.938893903907228378E-15, 0.000000000000000000 ) ) ;
#1738 = ORIENTED_EDGE ( 'NONE', *, *, #1742, .F. ) ;
#1739 = DIRECTION ( 'NONE',  ( 1.000000000000000000, 0.000000000000000000, 0.000000000000000000 ) ) ;
#1740 = CARTESIAN_POINT ( 'NONE',  ( -26.73205080756886076, -46.99999999999999289, 4.000000000000000000 ) ) ;
#1741 = AXIS2_PLACEMENT_3D ( 'NONE', #1899, #1671, #2665 ) ;
#1742 = EDGE_CURVE ( 'NONE', #2446, #2710, #947, .T. ) ;
#1743 = CIRCLE ( 'NONE', #3297, 32.50000000000000000 ) ;
#1744 = CARTESIAN_POINT ( 'NONE',  ( 39.75304923404026169, -45.99999999999998579, 4.000000000000000000 ) ) ;
#1745 = CIRCLE ( 'NONE', #274, 1.000000000000000888 ) ;
#1746 = LINE ( 'NONE', #1989, #2809 ) ;
#1747 = DATE_AND_TIME ( #1452, #1838 ) ;
#1748 = VECTOR ( 'NONE', #245, 1000.000000000000000 ) ;
#1749 = AXIS2_PLACEMENT_3D ( 'NONE', #94, #1056, #1124 ) ;
#1750 = ORIENTED_EDGE ( 'NONE', *, *, #1886, .T. ) ;
#1751 = CARTESIAN_POINT ( 'NONE',  ( -49.99999999999998579, 24.99999999999996092, 2.999999999999980016 ) ) ;
#1752 = PLANE ( 'NONE',  #2866 ) ;
#1753 = AXIS2_PLACEMENT_3D ( 'NONE', #391, #1425, #2448 ) ;
#1754 = B_SPLINE_CURVE_WITH_KNOTS ( 'NONE', 3,
 ( #2925, #1851, #1561, #2405, #1600, #1384, #2832, #3102 ),
 .UNSPECIFIED., .F., .F.,
 ( 4, 2, 2, 4 ),
 ( -6.396301417869712698E-06, 0.0007370320292918300159, 0.001108746194646677979, 0.001480460360001525835 ),
 .UNSPECIFIED. ) ;
#1755 = CYLINDRICAL_SURFACE ( 'NONE', #978, 2.999999999999995559 ) ;
#1756 = CARTESIAN_POINT ( 'NONE',  ( -39.99999999999998579, -49.99999999999999289, 19.00000000000000000 ) ) ;
#1757 = CARTESIAN_POINT ( 'NONE',  ( -39.92103330537754147, 46.98578970971347957, 11.61466259544713253 ) ) ;
#1758 = ORIENTED_EDGE ( 'NONE', *, *, #3200, .F. ) ;
#1759 = ADVANCED_FACE ( 'NONE', ( #1884 ), #1120, .F. ) ;
#1760 = CARTESIAN_POINT ( 'NONE',  ( -44.99999999999997868, -45.00000000000000000, 2.399999999999999467 ) ) ;
#1761 = CARTESIAN_POINT ( 'NONE',  ( 24.99999999999998224, 49.99999999999999289, 2.999999999999998224 ) ) ;
#1762 = EDGE_CURVE ( 'NONE', #3019, #1487, #2157, .T. ) ;
#1763 = SPHERICAL_SURFACE ( 'NONE', #2914, 1.000000000000000000 ) ;
#1764 = PERSON_AND_ORGANIZATION_ROLE ( 'classification_officer' ) ;
#1765 = APPLICATION_CONTEXT ( 'configuration controlled 3d designs of mechanical parts and assemblies' ) ;
#1766 = EDGE_CURVE ( 'NONE', #2311, #2188, #2678, .T. ) ;
#1767 = EDGE_CURVE ( 'NONE', #1245, #918, #33, .T. ) ;
#1768 = ORIENTED_EDGE ( 'NONE', *, *, #2946, .T. ) ;
#1769 = DIRECTION ( 'NONE',  ( 0.000000000000000000, 1.000000000000000000, 0.000000000000000000 ) ) ;
#1770 = VECTOR ( 'NONE', #1588, 1000.000000000000000 ) ;
#1771 = LINE ( 'NONE', #2034, #1422 ) ;
#1772 = EDGE_CURVE ( 'NONE', #2570, #1732, #1111, .T. ) ;
#1773 = DIRECTION ( 'NONE',  ( -1.000000000000000000, 0.000000000000000000, 0.000000000000000000 ) ) ;
#1774 = CARTESIAN_POINT ( 'NONE',  ( -47.99999999999997158, -45.00000000000000000, 3.851859888774471706E-31 ) ) ;
#1775 = ORIENTED_EDGE ( 'NONE', *, *, #1287, .F. ) ;
#1776 = VERTEX_POINT ( 'NONE', #2447 ) ;
#1777 = DIRECTION ( 'NONE',  ( 0.000000000000000000, 0.000000000000000000, -1.000000000000000000 ) ) ;
#1778 = VERTEX_POINT ( 'NONE', #3188 ) ;
#1779 = LINE ( 'NONE', #1294, #816 ) ;
#1780 = ORIENTED_EDGE ( 'NONE', *, *, #1156, .F. ) ;
#1781 = DIRECTION ( 'NONE',  ( 0.000000000000000000, -1.000000000000000000, -0.000000000000000000 ) ) ;
#1782 = DIRECTION ( 'NONE',  ( 0.000000000000000000, 0.000000000000000000, 1.000000000000000000 ) ) ;
#1783 = ADVANCED_FACE ( 'NONE', ( #893 ), #2141, .F. ) ;
#1784 = VECTOR ( 'NONE', #318, 1000.000000000000000 ) ;
#1785 = DIRECTION ( 'NONE',  ( -1.000000000000000000, 0.000000000000000000, 0.000000000000000000 ) ) ;
#1786 = VERTEX_POINT ( 'NONE', #587 ) ;
#1787 =( BOUNDED_SURFACE ( )  B_SPLINE_SURFACE ( 3, 2, ( 
 ( #1874, #3107, #1338 ),
 ( #1071, #56, #2092 ),
 ( #1820, #1840, #3123 ),
 ( #291, #1087, #1290 ) ),
 .UNSPECIFIED., .F., .F., .T. ) 
 B_SPLINE_SURFACE_WITH_KNOTS ( ( 4, 4 ),
 ( 3, 3 ),
 ( 2.767191108425705259, 3.141592653589793116 ),
 ( 0.000000000000000000, 1.000000000000000000 ),
 .UNSPECIFIED. ) 
 GEOMETRIC_REPRESENTATION_ITEM ( )  RATIONAL_B_SPLINE_SURFACE ( (
 ( 1.000000000000000000, 0.8559682606317423614, 1.000000000000000000),
 ( 1.000000000000000000, 0.8559682606317423614, 1.000000000000000000),
 ( 1.000000000000000000, 0.8660254037844389297, 1.000000000000000000),
 ( 1.000000000000000000, 0.8660254037844389297, 1.000000000000000000) ) ) 
 REPRESENTATION_ITEM ( '' )  SURFACE ( )  );
#1788 = CARTESIAN_POINT ( 'NONE',  ( 48.97896378213694391, -39.50000000000000000, 11.37157890324959730 ) ) ;
#1789 = CARTESIAN_POINT ( 'NONE',  ( -45.99999999999998579, -40.46060798583053497, 3.000000000000000000 ) ) ;
#1790 = EDGE_CURVE ( 'NONE', #370, #2017, #371, .T. ) ;
#1791 = DIRECTION ( 'NONE',  ( -0.000000000000000000, 0.8660254037844379305, -0.5000000000000011102 ) ) ;
#1792 = CIRCLE ( 'NONE', #1025, 1.750000000000001110 ) ;
#1793 = CIRCLE ( 'NONE', #2807, 1.699999999999993072 ) ;
#1794 = ORIENTED_EDGE ( 'NONE', *, *, #755, .T. ) ;
#1795 = CYLINDRICAL_SURFACE ( 'NONE', #1197, 1.750000000000001554 ) ;
#1796 = CARTESIAN_POINT ( 'NONE',  ( 47.99999999999997158, 45.00000000000000000, 2.399999999999999467 ) ) ;
#1797 = AXIS2_PLACEMENT_3D ( 'NONE', #1486, #715, #486 ) ;
#1798 = AXIS2_PLACEMENT_3D ( 'NONE', #1093, #2332, #98 ) ;
#1799 = DIRECTION ( 'NONE',  ( -0.000000000000000000, 1.000000000000000000, 0.000000000000000000 ) ) ;
#1800 = AXIS2_PLACEMENT_3D ( 'NONE', #2088, #305, #809 ) ;
#1801 = DIRECTION ( 'NONE',  ( -0.5773502691896257311, 0.5773502691896257311, 0.5773502691896257311 ) ) ;
#1802 = CARTESIAN_POINT ( 'NONE',  ( -39.64124986222864067, 47.96774499542043202, 11.45312954923030624 ) ) ;
#1803 = ORIENTED_EDGE ( 'NONE', *, *, #1512, .T. ) ;
#1804 = VECTOR ( 'NONE', #189, 1000.000000000000000 ) ;
#1805 = DIRECTION ( 'NONE',  ( 1.000000000000000000, 0.000000000000000000, 0.000000000000000000 ) ) ;
#1806 = FACE_BOUND ( 'NONE', #1500, .T. ) ;
#1807 = CARTESIAN_POINT ( 'NONE',  ( 49.99999999999997158, -39.49999999999999289, 11.37157890324959908 ) ) ;
#1808 =( BOUNDED_CURVE ( )  B_SPLINE_CURVE ( 3, ( #839, #2892, #584, #1630 ),
 .UNSPECIFIED., .F., .T. ) 
 B_SPLINE_CURVE_WITH_KNOTS ( ( 4, 4 ),
 ( 4.712388980384689674, 4.881173303103209626 ),
 .UNSPECIFIED. ) 
 CURVE ( )  GEOMETRIC_REPRESENTATION_ITEM ( )  RATIONAL_B_SPLINE_CURVE ( ( 1.000000000000000000, 0.9976273963495186914, 0.9976273963495186914, 1.000000000000000000 ) ) 
 REPRESENTATION_ITEM ( '' )  );
#1809 = VERTEX_POINT ( 'NONE', #661 ) ;
#1810 = CARTESIAN_POINT ( 'NONE',  ( -46.69999999999997442, -45.00000000000000000, 19.00000000000000000 ) ) ;
#1811 = VERTEX_POINT ( 'NONE', #911 ) ;
#1812 = PLANE ( 'NONE',  #3128 ) ;
#1813 = DIRECTION ( 'NONE',  ( 0.000000000000000000, 0.000000000000000000, 1.000000000000000000 ) ) ;
#1814 = AXIS2_PLACEMENT_3D ( 'NONE', #541, #2901, #1106 ) ;
#1815 = DIRECTION ( 'NONE',  ( 0.5000000000000012212, 0.000000000000000000, -0.8660254037844380415 ) ) ;
#1816 = DIRECTION ( 'NONE',  ( 0.000000000000000000, 0.000000000000000000, 1.000000000000000000 ) ) ;
#1817 = LINE ( 'NONE', #3156, #1861 ) ;
#1818 = EDGE_CURVE ( 'NONE', #1160, #1446, #136, .T. ) ;
#1819 = DIRECTION ( 'NONE',  ( 0.000000000000000000, 0.000000000000000000, 1.000000000000000000 ) ) ;
#1820 = CARTESIAN_POINT ( 'NONE',  ( 48.75123481346395238, 39.99999999999999289, 12.23760430703284463 ) ) ;
#1821 = EDGE_CURVE ( 'NONE', #1432, #3198, #2644, .T. ) ;
#1822 = DIRECTION ( 'NONE',  ( 1.000000000000000000, 6.938893903907227392E-16, 0.000000000000000000 ) ) ;
#1823 = VERTEX_POINT ( 'NONE', #640 ) ;
#1824 = ORIENTED_EDGE ( 'NONE', *, *, #1362, .F. ) ;
#1825 = CARTESIAN_POINT ( 'NONE',  ( -40.00000000002381739, -48.70955274338800933, 11.66025403786109393 ) ) ;
#1826 =( BOUNDED_CURVE ( )  B_SPLINE_CURVE ( 3, ( #1008, #3318, #479, #2031 ),
 .UNSPECIFIED., .F., .T. ) 
 B_SPLINE_CURVE_WITH_KNOTS ( ( 4, 4 ),
 ( 4.712388980384690562, 4.881173303103203409 ),
 .UNSPECIFIED. ) 
 CURVE ( )  GEOMETRIC_REPRESENTATION_ITEM ( )  RATIONAL_B_SPLINE_CURVE ( ( 1.000000000000000000, 0.9976273963495188024, 0.9976273963495188024, 1.000000000000000000 ) ) 
 REPRESENTATION_ITEM ( '' )  );
#1827 = ORIENTED_EDGE ( 'NONE', *, *, #2089, .T. ) ;
#1828 = ORIENTED_EDGE ( 'NONE', *, *, #752, .F. ) ;
#1829 = EDGE_CURVE ( 'NONE', #2843, #2855, #1171, .T. ) ;
#1830 = CARTESIAN_POINT ( 'NONE',  ( 28.18044130135005432, -17.05332115347702171, 0.06157227910207082461 ) ) ;
#1831 = CARTESIAN_POINT ( 'NONE',  ( -24.99999999999998224, 46.58578643762690064, 3.000000000000000000 ) ) ;
#1832 = ADVANCED_FACE ( 'NONE', ( #1912 ), #1897, .F. ) ;
#1833 = CARTESIAN_POINT ( 'NONE',  ( -24.99999999999998579, 0.000000000000000000, 3.000000000000000000 ) ) ;
#1834 = CARTESIAN_POINT ( 'NONE',  ( -39.75304923404038959, -45.99999999999998579, 4.000000000000000000 ) ) ;
#1835 = CARTESIAN_POINT ( 'NONE',  ( -43.29999999999997584, -45.00000000000000000, 0.000000000000000000 ) ) ;
#1836 = EDGE_LOOP ( 'NONE', ( #3161, #1517, #939, #408 ) ) ;
#1837 = EDGE_CURVE ( 'NONE', #701, #1776, #1355, .T. ) ;
#1838 = LOCAL_TIME ( 21, 21, 32.00000000000000000, #2222 ) ;
#1839 = DIRECTION ( 'NONE',  ( 0.000000000000000000, 0.000000000000000000, -1.000000000000000000 ) ) ;
#1840 = CARTESIAN_POINT ( 'NONE',  ( 48.70954640344172759, 40.00000000000000711, 11.66025403784917636 ) ) ;
#1841 = EDGE_LOOP ( 'NONE', ( #1750, #1041, #2957, #3049 ) ) ;
#1842 = B_SPLINE_CURVE_WITH_KNOTS ( 'NONE', 3,
 ( #2936, #1931, #153, #1915, #3225, #628, #1444, #2681, #2182, #139 ),
 .UNSPECIFIED., .F., .F.,
 ( 4, 2, 2, 2, 4 ),
 ( 0.000000000000000000, 0.0004258025414542132526, 0.0008516050829084265052, 0.001277407624362639866, 0.001703210165816853444 ),
 .UNSPECIFIED. ) ;
#1843 = ORIENTED_EDGE ( 'NONE', *, *, #1905, .F. ) ;
#1844 = CARTESIAN_POINT ( 'NONE',  ( 39.75304923404038959, -46.99999999999998579, 9.500000000000000000 ) ) ;
#1845 = VERTEX_POINT ( 'NONE', #1684 ) ;
#1846 = ORIENTED_EDGE ( 'NONE', *, *, #1541, .T. ) ;
#1847 = DIRECTION ( 'NONE',  ( -0.000000000000000000, -0.000000000000000000, -1.000000000000000000 ) ) ;
#1848 = FACE_OUTER_BOUND ( 'NONE', #1603, .T. ) ;
#1849 = AXIS2_PLACEMENT_3D ( 'NONE', #2429, #2468, #1426 ) ;
#1850 = CC_DESIGN_PERSON_AND_ORGANIZATION_ASSIGNMENT ( #3286, #723, ( #2581 ) ) ;
#1851 = CARTESIAN_POINT ( 'NONE',  ( 40.62977227744601549, 46.50406553471001558, 12.47569436876824867 ) ) ;
#1852 = CARTESIAN_POINT ( 'NONE',  ( -46.22670176016715260, 40.73836990026430271, 12.08655209852352641 ) ) ;
#1853 = CARTESIAN_POINT ( 'NONE',  ( 45.99999999999998579, 24.99999999999999289, 3.000000000000000000 ) ) ;
#1854 = AXIS2_PLACEMENT_3D ( 'NONE', #2518, #2269, #3038 ) ;
#1855 = ORIENTED_EDGE ( 'NONE', *, *, #2053, .T. ) ;
#1856 = EDGE_CURVE ( 'NONE', #1249, #762, #3221, .T. ) ;
#1857 = VECTOR ( 'NONE', #406, 1000.000000000000114 ) ;
#1858 = CARTESIAN_POINT ( 'NONE',  ( -49.99999999999997158, -39.99999999999999289, 12.23760430703403657 ) ) ;
#1859 = DIRECTION ( 'NONE',  ( 0.9315409787236160755, 0.3636363636363224017, 0.000000000000000000 ) ) ;
#1860 = LINE ( 'NONE', #2589, #2648 ) ;
#1861 = VECTOR ( 'NONE', #2378, 1000.000000000000000 ) ;
#1862 = ORIENTED_EDGE ( 'NONE', *, *, #2476, .T. ) ;
#1863 = CARTESIAN_POINT ( 'NONE',  ( -44.99999999999998579, 45.00000000000000000, 2.399999999999999467 ) ) ;
#1864 = EDGE_CURVE ( 'NONE', #2686, #1823, #2264, .T. ) ;
#1865 = ORIENTED_EDGE ( 'NONE', *, *, #2322, .T. ) ;
#1866 = ORIENTED_EDGE ( 'NONE', *, *, #206, .F. ) ;
#1867 = CYLINDRICAL_SURFACE ( 'NONE', #871, 2.999999999999995559 ) ;
#1868 = CARTESIAN_POINT ( 'NONE',  ( 39.99999999999998579, 48.75123481346437870, 12.23760430703642399 ) ) ;
#1869 = ADVANCED_FACE ( 'NONE', ( #1441 ), #2465, .F. ) ;
#1870 = EDGE_CURVE ( 'NONE', #3196, #1249, #757, .T. ) ;
#1871 = CARTESIAN_POINT ( 'NONE',  ( -47.52599035509487635, 40.23085367474142515, 12.38421608141496222 ) ) ;
#1872 = DIRECTION ( 'NONE',  ( 1.000000000000000000, 0.000000000000000000, 0.000000000000000000 ) ) ;
#1873 = CIRCLE ( 'NONE', #1545, 32.99999999999998579 ) ;
#1874 = CARTESIAN_POINT ( 'NONE',  ( 46.34284403256817342, 40.69273347164281063, 12.67754914899664875 ) ) ;
#1875 = CARTESIAN_POINT ( 'NONE',  ( 39.75304923404038959, 46.00000000000000000, 4.000000000000000000 ) ) ;
#1876 = VECTOR ( 'NONE', #1801, 999.9999999999998863 ) ;
#1877 = ORIENTED_EDGE ( 'NONE', *, *, #186, .T. ) ;
#1878 = DIRECTION ( 'NONE',  ( 0.000000000000000000, 0.000000000000000000, -1.000000000000000000 ) ) ;
#1879 = VERTEX_POINT ( 'NONE', #3236 ) ;
#1880 = EDGE_LOOP ( 'NONE', ( #2327, #2657, #1327, #1907 ) ) ;
#1881 = CARTESIAN_POINT ( 'NONE',  ( -46.36363636363635266, -40.68459021276399312, 4.000000000000000000 ) ) ;
#1882 = PERSON_AND_ORGANIZATION ( #336, #799 ) ;
#1883 = ORIENTED_EDGE ( 'NONE', *, *, #755, .F. ) ;
#1884 = FACE_OUTER_BOUND ( 'NONE', #2554, .T. ) ;
#1885 = CARTESIAN_POINT ( 'NONE',  ( 44.99999999999997868, 45.00000000000000000, 0.000000000000000000 ) ) ;
#1886 = EDGE_CURVE ( 'NONE', #2613, #1613, #3299, .T. ) ;
#1887 = DIRECTION ( 'NONE',  ( -0.000000000000000000, -0.000000000000000000, -1.000000000000000000 ) ) ;
#1888 = CARTESIAN_POINT ( 'NONE',  ( 41.99999999999998579, -45.00000000000000000, 3.851859888774471706E-31 ) ) ;
#1889 = CARTESIAN_POINT ( 'NONE',  ( -43.29999999999998295, 45.00000000000000000, 2.399999999999999467 ) ) ;
#1890 = ORIENTED_EDGE ( 'NONE', *, *, #2191, .F. ) ;
#1891 = CARTESIAN_POINT ( 'NONE',  ( 39.99999999999998579, 49.99999999999999289, -11.14213562373095634 ) ) ;
#1892 = AXIS2_PLACEMENT_3D ( 'NONE', #335, #368, #2908 ) ;
#1893 = EDGE_CURVE ( 'NONE', #991, #1879, #2969, .T. ) ;
#1894 = ORIENTED_EDGE ( 'NONE', *, *, #303, .T. ) ;
#1895 = DIRECTION ( 'NONE',  ( -0.000000000000000000, -0.000000000000000000, -1.000000000000000000 ) ) ;
#1896 = ORIENTED_EDGE ( 'NONE', *, *, #2267, .F. ) ;
#1897 = PLANE ( 'NONE',  #817 ) ;
#1898 = CARTESIAN_POINT ( 'NONE',  ( 16.66666666666666430, -16.66666666666667851, -33.13333333333334707 ) ) ;
#1899 = CARTESIAN_POINT ( 'NONE',  ( 46.69999999999998153, -45.00000000000000000, 2.399999999999999467 ) ) ;
#1900 = CARTESIAN_POINT ( 'NONE',  ( 46.98578970971346536, -39.92103330537754857, 11.61466259544712898 ) ) ;
#1901 = ORIENTED_EDGE ( 'NONE', *, *, #226, .T. ) ;
#1902 = ORIENTED_EDGE ( 'NONE', *, *, #1942, .F. ) ;
#1903 = DIRECTION ( 'NONE',  ( 0.000000000000000000, 0.000000000000000000, -1.000000000000000000 ) ) ;
#1904 = VECTOR ( 'NONE', #2326, 1000.000000000000000 ) ;
#1905 = EDGE_CURVE ( 'NONE', #1430, #579, #218, .T. ) ;
#1906 = DIRECTION ( 'NONE',  ( 0.3636363636363655338, 0.9315409787235990891, 4.635288655165583675E-14 ) ) ;
#1907 = ORIENTED_EDGE ( 'NONE', *, *, #2759, .F. ) ;
#1908 = CARTESIAN_POINT ( 'NONE',  ( 46.36363636363635266, -40.68459021276399312, 12.67237748502030570 ) ) ;
#1909 = CARTESIAN_POINT ( 'NONE',  ( 0.000000000000000000, 0.000000000000000000, 0.000000000000000000 ) ) ;
#1910 =( BOUNDED_CURVE ( )  B_SPLINE_CURVE ( 3, ( #2255, #2506, #2532, #2801 ),
 .UNSPECIFIED., .F., .T. ) 
 B_SPLINE_CURVE_WITH_KNOTS ( ( 4, 4 ),
 ( 0.000000000000000000, 1.570796326794893449 ),
 .UNSPECIFIED. ) 
 CURVE ( )  GEOMETRIC_REPRESENTATION_ITEM ( )  RATIONAL_B_SPLINE_CURVE ( ( 1.000000000000000000, 0.8047378541243658256, 0.8047378541243658256, 1.000000000000000000 ) ) 
 REPRESENTATION_ITEM ( '' )  );
#1911 = ORIENTED_EDGE ( 'NONE', *, *, #3051, .F. ) ;
#1912 = FACE_OUTER_BOUND ( 'NONE', #1210, .T. ) ;
#1913 = DIRECTION ( 'NONE',  ( 1.000000000000000000, 1.444447458290425455E-27, 2.081668171172168513E-14 ) ) ;
#1914 = CARTESIAN_POINT ( 'NONE',  ( 46.36363636363635266, 40.68459021276399312, 4.000000000000000000 ) ) ;
#1915 = CARTESIAN_POINT ( 'NONE',  ( 0.2841696213691342621, 32.81763655811592173, 0.1814090334440109642 ) ) ;
#1916 = LINE ( 'NONE', #2739, #984 ) ;
#1917 = EDGE_LOOP ( 'NONE', ( #1447, #586, #214, #2906 ) ) ;
#1918 = ORIENTED_EDGE ( 'NONE', *, *, #3079, .T. ) ;
#1919 = EDGE_CURVE ( 'NONE', #48, #2645, #998, .T. ) ;
#1920 = DIRECTION ( 'NONE',  ( -1.000000000000000000, 0.000000000000000000, 0.000000000000000000 ) ) ;
#1921 = VECTOR ( 'NONE', #795, 1000.000000000000000 ) ;
#1922 = LINE ( 'NONE', #1434, #121 ) ;
#1923 = ORIENTED_EDGE ( 'NONE', *, *, #666, .F. ) ;
#1924 = FACE_OUTER_BOUND ( 'NONE', #1413, .T. ) ;
#1925 = CARTESIAN_POINT ( 'NONE',  ( 46.69999999999997442, -45.00000000000000000, 0.000000000000000000 ) ) ;
#1926 = VERTEX_POINT ( 'NONE', #188 ) ;
#1927 = DIRECTION ( 'NONE',  ( 0.000000000000000000, 0.000000000000000000, 1.000000000000000000 ) ) ;
#1928 = CARTESIAN_POINT ( 'NONE',  ( 40.02854710662516879, -46.96746875760721451, 11.67673571753904760 ) ) ;
#1929 = ADVANCED_FACE ( 'NONE', ( #1456, #2764 ), #3309, .T. ) ;
#1930 = DIRECTION ( 'NONE',  ( -1.000000000000000000, -6.938893903907227392E-16, 0.000000000000000000 ) ) ;
#1931 = CARTESIAN_POINT ( 'NONE',  ( 0.6783886871304064536, 32.93163863356385690, 0.06157227910206486410 ) ) ;
#1932 = DIRECTION ( 'NONE',  ( -1.000000000000000000, 0.000000000000000000, 0.000000000000000000 ) ) ;
#1933 = ORIENTED_EDGE ( 'NONE', *, *, #2160, .T. ) ;
#1934 = ORIENTED_EDGE ( 'NONE', *, *, #2338, .T. ) ;
#1935 = ORIENTED_EDGE ( 'NONE', *, *, #1103, .T. ) ;
#1936 = FACE_OUTER_BOUND ( 'NONE', #1572, .T. ) ;
#1937 = CARTESIAN_POINT ( 'NONE',  ( -40.23085367474141805, 47.52599035509489056, 12.38421608141496577 ) ) ;
#1938 = CARTESIAN_POINT ( 'NONE',  ( -28.96752361366437967, -15.80767458204387133, 0.000000000000000000 ) ) ;
#1939 = ORIENTED_EDGE ( 'NONE', *, *, #2343, .F. ) ;
#1940 = CARTESIAN_POINT ( 'NONE',  ( -44.99999999999998579, 45.00000000000000000, 0.000000000000000000 ) ) ;
#1941 = DIRECTION ( 'NONE',  ( 0.000000000000000000, -0.000000000000000000, -1.000000000000000000 ) ) ;
#1942 = EDGE_CURVE ( 'NONE', #2406, #365, #1583, .T. ) ;
#1943 = DIRECTION ( 'NONE',  ( 0.000000000000000000, 1.000000000000000000, 0.000000000000000000 ) ) ;
#1944 = FACE_OUTER_BOUND ( 'NONE', #173, .T. ) ;
#1945 = CARTESIAN_POINT ( 'NONE',  ( 49.99999999999998579, -39.99999999999999289, 19.00000000000000000 ) ) ;
#1946 = CLOSED_SHELL ( 'NONE', ( #1357, #1783, #2075, #3140, #550, #1264, #2669, #928, #1398, #2120, #2349, #1574, #1869, #31, #3108, #1617, #3018, #2099, #643, #663, #1490, #2693, #2019, #1929, #1948, #3045, #1427, #1468, #2093, #2673, #2689, #2893, #1081, #1516, #1164, #1609, #2154, #2454, #2543, #621, #1383, #123, #1231, #337, #954, #2964, #1214, #1655, #403, #997, #82, #134, #2858, #1584, #2046, #1832, #1228, #503, #1248, #1009, #276, #51, #3305, #692, #459, #2314, #744, #2872, #161, #3068, #501, #976, #2766, #1129, #3254, #1693, #327, #2414, #1303, #1010, #1262, #2948, #283, #1454, #2004, #705, #60, #2204, #909, #1161, #1180, #3257, #3170, #1759, #2794, #2416, #450, #2923, #299, #436 ) ) ;
#1947 = VERTEX_POINT ( 'NONE', #2482 ) ;
#1948 = ADVANCED_FACE ( 'NONE', ( #2986 ), #1992, .T. ) ;
#1949 = ORIENTED_EDGE ( 'NONE', *, *, #1837, .T. ) ;
#1950 = AXIS2_PLACEMENT_3D ( 'NONE', #441, #979, #2735 ) ;
#1951 = ORIENTED_EDGE ( 'NONE', *, *, #2364, .T. ) ;
#1952 = CARTESIAN_POINT ( 'NONE',  ( -1.750000000000000888, 34.54999999999999716, 0.000000000000000000 ) ) ;
#1953 = CIRCLE ( 'NONE', #2377, 1.000000000000000888 ) ;
#1954 = VECTOR ( 'NONE', #2954, 999.9999999999998863 ) ;
#1955 = VECTOR ( 'NONE', #895, 1000.000000000000000 ) ;
#1956 = DIRECTION ( 'NONE',  ( 0.000000000000000000, 1.000000000000000000, 0.000000000000000000 ) ) ;
#1957 = CARTESIAN_POINT ( 'NONE',  ( -49.99999999999998579, 49.99999999999999289, 0.1999999999999779732 ) ) ;
#1958 = EDGE_CURVE ( 'NONE', #2888, #1487, #169, .T. ) ;
#1959 = DATE_TIME_ROLE ( 'creation_date' ) ;
#1960 = EDGE_CURVE ( 'NONE', #2911, #2740, #946, .T. ) ;
#1961 = EDGE_CURVE ( 'NONE', #2888, #2199, #1745, .T. ) ;
#1962 = VERTEX_POINT ( 'NONE', #3054 ) ;
#1963 = CARTESIAN_POINT ( 'NONE',  ( -49.99999999999998579, -49.99999999999999289, 19.00000000000000000 ) ) ;
#1964 = CARTESIAN_POINT ( 'NONE',  ( -49.99999999999998579, 39.99999999999999289, 12.23760430703403301 ) ) ;
#1965 = CARTESIAN_POINT ( 'NONE',  ( 25.71743893521428959, 46.99999999999998579, 3.414213562373095368 ) ) ;
#1966 = CARTESIAN_POINT ( 'NONE',  ( -49.99999999999998579, -39.99999999999999289, 11.66025403784441039 ) ) ;
#1967 = CARTESIAN_POINT ( 'NONE',  ( -49.99999999999998579, -50.00000000000000000, 0.1999999999999779732 ) ) ;
#1968 = VERTEX_POINT ( 'NONE', #1733 ) ;
#1969 = VERTEX_POINT ( 'NONE', #2746 ) ;
#1970 = ORIENTED_EDGE ( 'NONE', *, *, #648, .F. ) ;
#1971 = DIRECTION ( 'NONE',  ( -0.000000000000000000, -0.000000000000000000, -1.000000000000000000 ) ) ;
#1972 = AXIS2_PLACEMENT_3D ( 'NONE', #898, #609, #3210 ) ;
#1973 = CARTESIAN_POINT ( 'NONE',  ( -47.96774499542041070, -39.64124986222864067, 11.45312954923030269 ) ) ;
#1974 = VERTEX_POINT ( 'NONE', #737 ) ;
#1975 = CARTESIAN_POINT ( 'NONE',  ( -49.99999999999998579, 39.99999999999999289, -11.14213562373095634 ) ) ;
#1976 = PERSON_AND_ORGANIZATION_ROLE ( 'creator' ) ;
#1977 = CIRCLE ( 'NONE', #1662, 2.999999999999995559 ) ;
#1978 = EDGE_LOOP ( 'NONE', ( #1440, #2557, #2534, #1265 ) ) ;
#1979 = DIRECTION ( 'NONE',  ( 0.000000000000000000, 0.000000000000000000, -1.000000000000000000 ) ) ;
#1980 = CARTESIAN_POINT ( 'NONE',  ( 49.99999999999998579, 49.99999999999999289, 19.00000000000000000 ) ) ;
#1981 = DIRECTION ( 'NONE',  ( -1.000000000000000000, 0.000000000000000000, 0.000000000000000000 ) ) ;
#1982 = EDGE_CURVE ( 'NONE', #3230, #3196, #1496, .T. ) ;
#1983 = CARTESIAN_POINT ( 'NONE',  ( 2.020667218593142123E-16, 34.54999999999999716, 3.000000000000000000 ) ) ;
#1984 = CARTESIAN_POINT ( 'NONE',  ( -40.68459021276398602, 46.36363636363636687, 12.67237748502030925 ) ) ;
#1985 = ORIENTED_EDGE ( 'NONE', *, *, #2440, .T. ) ;
#1986 = DIRECTION ( 'NONE',  ( 0.000000000000000000, -0.000000000000000000, 1.000000000000000000 ) ) ;
#1987 = FACE_OUTER_BOUND ( 'NONE', #1282, .T. ) ;
#1988 = CARTESIAN_POINT ( 'NONE',  ( 46.99999999999998579, -39.75304923404039670, 4.000000000000000000 ) ) ;
#1989 = CARTESIAN_POINT ( 'NONE',  ( -49.99999999999998579, -50.00000000000000000, 3.000000000000000000 ) ) ;
#1990 = APPROVAL_ROLE ( '' ) ;
#1991 = ORIENTED_EDGE ( 'NONE', *, *, #2038, .T. ) ;
#1992 = CYLINDRICAL_SURFACE ( 'NONE', #2163, 10.00000000000000178 ) ;
#1993 = CARTESIAN_POINT ( 'NONE',  ( 40.54297146959191878, -46.63501543682534844, 12.27843401742254592 ) ) ;
#1994 = EDGE_CURVE ( 'NONE', #1160, #2911, #203, .T. ) ;
#1995 = CARTESIAN_POINT ( 'NONE',  ( -45.99999999999998579, -3.469446951953614189E-15, 4.000000000000000000 ) ) ;
#1996 = DIRECTION ( 'NONE',  ( -0.000000000000000000, -0.000000000000000000, -1.000000000000000000 ) ) ;
#1997 = CARTESIAN_POINT ( 'NONE',  ( -39.49999999999998579, 49.99999999999999289, 11.37157890324960263 ) ) ;
#1998 = VERTEX_POINT ( 'NONE', #3274 ) ;
#1999 = VERTEX_POINT ( 'NONE', #1217 ) ;
#2000 = DIRECTION ( 'NONE',  ( -0.000000000000000000, -0.000000000000000000, -1.000000000000000000 ) ) ;
#2001 = AXIS2_PLACEMENT_3D ( 'NONE', #779, #1819, #2835 ) ;
#2002 = VECTOR ( 'NONE', #1498, 1000.000000000000000 ) ;
#2003 = CARTESIAN_POINT ( 'NONE',  ( -28.17117770075223859, -17.27500000000016556, 3.000000000000000000 ) ) ;
#2004 = ADVANCED_FACE ( 'NONE', ( #930 ), #2239, .T. ) ;
#2005 = VECTOR ( 'NONE', #2210, 1000.000000000000000 ) ;
#2006 = CIRCLE ( 'NONE', #548, 1.750000000000001554 ) ;
#2007 = VECTOR ( 'NONE', #1590, 1000.000000000000000 ) ;
#2008 = ORIENTED_EDGE ( 'NONE', *, *, #3137, .T. ) ;
#2009 = LINE ( 'NONE', #3116, #1536 ) ;
#2010 = AXIS2_PLACEMENT_3D ( 'NONE', #2503, #470, #1782 ) ;
#2011 = CARTESIAN_POINT ( 'NONE',  ( 45.99999999999998579, -3.469446951953614189E-15, 4.000000000000000000 ) ) ;
#2012 = DIRECTION ( 'NONE',  ( 1.000000000000000000, -0.000000000000000000, -0.000000000000000000 ) ) ;
#2013 = PLANE ( 'NONE',  #2918 ) ;
#2014 = ORIENTED_EDGE ( 'NONE', *, *, #2069, .F. ) ;
#2015 = EDGE_LOOP ( 'NONE', ( #987, #938, #783, #2318 ) ) ;
#2016 = CARTESIAN_POINT ( 'NONE',  ( -43.29999999999997584, -45.00000000000000000, 2.399999999999999467 ) ) ;
#2017 = VERTEX_POINT ( 'NONE', #1751 ) ;
#2018 = DIRECTION ( 'NONE',  ( 1.249000902703300098E-13, -1.000000000000000000, 0.000000000000000000 ) ) ;
#2019 = ADVANCED_FACE ( 'NONE', ( #1297 ), #1795, .F. ) ;
#2020 = VERTEX_POINT ( 'NONE', #2862 ) ;
#2021 = DIRECTION ( 'NONE',  ( 0.000000000000000000, 0.000000000000000000, 1.000000000000000000 ) ) ;
#2022 = VECTOR ( 'NONE', #2451, 1000.000000000000000 ) ;
#2023 = CARTESIAN_POINT ( 'NONE',  ( -49.99999999999998579, 39.99999999999999289, 11.66025403784441039 ) ) ;
#2024 = CARTESIAN_POINT ( 'NONE',  ( 6.938893903907228378E-15, -6.938893903907228378E-15, 0.4999999999999865663 ) ) ;
#2025 = LINE ( 'NONE', #192, #552 ) ;
#2026 = EDGE_CURVE ( 'NONE', #3298, #1620, #1793, .T. ) ;
#2027 = ORIENTED_EDGE ( 'NONE', *, *, #581, .T. ) ;
#2028 = VERTEX_POINT ( 'NONE', #1559 ) ;
#2029 = DIRECTION ( 'NONE',  ( 0.000000000000000000, -1.000000000000000000, -0.000000000000000000 ) ) ;
#2030 = ORIENTED_EDGE ( 'NONE', *, *, #2721, .F. ) ;
#2031 = CARTESIAN_POINT ( 'NONE',  ( 46.98578970971346536, -39.92103330537754857, 11.61466259544712898 ) ) ;
#2032 = VERTEX_POINT ( 'NONE', #554 ) ;
#2033 = DIRECTION ( 'NONE',  ( 0.000000000000000000, 0.000000000000000000, 1.000000000000000000 ) ) ;
#2034 = CARTESIAN_POINT ( 'NONE',  ( -31.67117770075224215, -17.27500000000016556, 3.000000000000000000 ) ) ;
#2035 = CARTESIAN_POINT ( 'NONE',  ( -49.99999999999998579, -39.99999999999999289, 19.00000000000000000 ) ) ;
#2036 = CYLINDRICAL_SURFACE ( 'NONE', #413, 1.750000000000001110 ) ;
#2037 = CARTESIAN_POINT ( 'NONE',  ( -40.35857943202693576, 46.80008662976745626, 12.00444058092216792 ) ) ;
#2038 = EDGE_CURVE ( 'NONE', #2363, #2525, #2467, .T. ) ;
#2039 = DIRECTION ( 'NONE',  ( 1.000000000000000000, 1.444447458290425455E-27, -2.081668171172168513E-14 ) ) ;
#2040 = DIRECTION ( 'NONE',  ( -1.000000000000000000, 0.000000000000000000, 0.000000000000000000 ) ) ;
#2041 = DIRECTION ( 'NONE',  ( 0.000000000000000000, 0.000000000000000000, 1.000000000000000000 ) ) ;
#2042 = ORIENTED_EDGE ( 'NONE', *, *, #2484, .T. ) ;
#2043 = AXIS2_PLACEMENT_3D ( 'NONE', #956, #1986, #1739 ) ;
#2044 = CARTESIAN_POINT ( 'NONE',  ( -40.68459021276399312, -46.36363636363635266, 12.67237748502031458 ) ) ;
#2045 = CIRCLE ( 'NONE', #3028, 1.700000000000000178 ) ;
#2046 = ADVANCED_FACE ( 'NONE', ( #2336 ), #49, .T. ) ;
#2047 = ORIENTED_EDGE ( 'NONE', *, *, #2639, .F. ) ;
#2048 = CARTESIAN_POINT ( 'NONE',  ( 29.92117770075225636, -17.27500000000016556, 3.000000000000000000 ) ) ;
#2049 = EDGE_CURVE ( 'NONE', #2063, #1809, #2045, .T. ) ;
#2050 = CARTESIAN_POINT ( 'NONE',  ( 50.00000000000000000, -50.00000000000000000, 3.000000000000000000 ) ) ;
#2051 = CIRCLE ( 'NONE', #1417, 1.000000000000000888 ) ;
#2052 = CIRCLE ( 'NONE', #599, 11.00000000000000355 ) ;
#2053 = EDGE_CURVE ( 'NONE', #1446, #2886, #387, .T. ) ;
#2054 = CARTESIAN_POINT ( 'NONE',  ( 46.00000000000002842, 39.75304923404038249, 3.000000000000000000 ) ) ;
#2055 = CIRCLE ( 'NONE', #393, 1.700000000000000178 ) ;
#2056 = SPHERICAL_SURFACE ( 'NONE', #243, 1.000000000000000000 ) ;
#2057 = CARTESIAN_POINT ( 'NONE',  ( 40.68459021276399312, -46.36363636363635266, 12.67237748502031458 ) ) ;
#2058 = VERTEX_POINT ( 'NONE', #261 ) ;
#2059 = FACE_OUTER_BOUND ( 'NONE', #316, .T. ) ;
#2060 = DIRECTION ( 'NONE',  ( -0.000000000000000000, -1.000000000000000000, -0.000000000000000000 ) ) ;
#2061 = DIRECTION ( 'NONE',  ( -1.000000000000000000, 0.000000000000000000, 0.000000000000000000 ) ) ;
#2062 = ORIENTED_EDGE ( 'NONE', *, *, #1359, .T. ) ;
#2063 = VERTEX_POINT ( 'NONE', #1598 ) ;
#2064 = CARTESIAN_POINT ( 'NONE',  ( -46.36363636363635266, -40.68459021276399312, 12.67237748502030570 ) ) ;
#2065 = ORIENTED_EDGE ( 'NONE', *, *, #63, .F. ) ;
#2066 = VERTEX_POINT ( 'NONE', #496 ) ;
#2067 = CARTESIAN_POINT ( 'NONE',  ( -46.98578970971346536, 39.92103330537754857, 11.61466259544712898 ) ) ;
#2068 = CARTESIAN_POINT ( 'NONE',  ( 40.69273347164280352, 46.34284403256818763, 12.67754914899665231 ) ) ;
#2069 = EDGE_CURVE ( 'NONE', #3176, #1098, #1233, .T. ) ;
#2070 = VECTOR ( 'NONE', #2376, 1000.000000000000000 ) ;
#2071 = DIRECTION ( 'NONE',  ( 0.9315409787235990891, -0.3636363636363655338, 0.000000000000000000 ) ) ;
#2072 = FACE_OUTER_BOUND ( 'NONE', #15, .T. ) ;
#2073 = ORIENTED_EDGE ( 'NONE', *, *, #877, .F. ) ;
#2074 = AXIS2_PLACEMENT_3D ( 'NONE', #2757, #196, #2248 ) ;
#2075 = ADVANCED_FACE ( 'NONE', ( #3115 ), #1867, .F. ) ;
#2076 = FACE_OUTER_BOUND ( 'NONE', #2627, .T. ) ;
#2077 = DIRECTION ( 'NONE',  ( -1.000000000000000000, 0.000000000000000000, 0.000000000000000000 ) ) ;
#2078 = DIRECTION ( 'NONE',  ( 0.000000000000000000, 0.000000000000000000, -1.000000000000000000 ) ) ;
#2079 = ORIENTED_EDGE ( 'NONE', *, *, #57, .T. ) ;
#2080 = CARTESIAN_POINT ( 'NONE',  ( -39.49999999999998579, -49.99999999999999289, 11.37157890324960263 ) ) ;
#2081 = VERTEX_POINT ( 'NONE', #1048 ) ;
#2082 = ORIENTED_EDGE ( 'NONE', *, *, #257, .T. ) ;
#2083 = DIRECTION ( 'NONE',  ( 0.000000000000000000, 0.000000000000000000, 1.000000000000000000 ) ) ;
#2084 = CARTESIAN_POINT ( 'NONE',  ( -46.69999999999997442, -45.00000000000000000, 2.399999999999999467 ) ) ;
#2085 = EDGE_CURVE ( 'NONE', #2353, #2406, #35, .T. ) ;
#2086 = CARTESIAN_POINT ( 'NONE',  ( -28.96752361366437967, -15.80767458204387133, 0.000000000000000000 ) ) ;
#2087 = CARTESIAN_POINT ( 'NONE',  ( 6.938893903907228378E-15, -6.938893903907228378E-15, 0.000000000000000000 ) ) ;
#2088 = CARTESIAN_POINT ( 'NONE',  ( -49.99999999999998579, -49.99999999999999289, 19.00000000000000000 ) ) ;
#2089 = EDGE_CURVE ( 'NONE', #991, #528, #1637, .T. ) ;
#2090 = ORIENTED_EDGE ( 'NONE', *, *, #1226, .T. ) ;
#2091 = CARTESIAN_POINT ( 'NONE',  ( -45.97712843582499431, -40.26200681880709453, 11.81152374521221127 ) ) ;
#2092 = CARTESIAN_POINT ( 'NONE',  ( 47.25564274131379250, 39.75963308668298879, 11.52147813573655988 ) ) ;
#2093 = ADVANCED_FACE ( 'NONE', ( #570 ), #2629, .F. ) ;
#2094 = CARTESIAN_POINT ( 'NONE',  ( -46.99525197138110855, -39.86550542045173273, 11.58260355613767700 ) ) ;
#2095 = ORIENTED_EDGE ( 'NONE', *, *, #3287, .T. ) ;
#2096 = ORIENTED_EDGE ( 'NONE', *, *, #2898, .T. ) ;
#2097 = CARTESIAN_POINT ( 'NONE',  ( 48.75222452043794874, 39.99999999999999289, 12.23760430703403657 ) ) ;
#2098 = EDGE_CURVE ( 'NONE', #2353, #569, #1305, .T. ) ;
#2099 = ADVANCED_FACE ( 'NONE', ( #771 ), #1812, .F. ) ;
#2100 = EDGE_LOOP ( 'NONE', ( #2047, #2772, #1896, #2399 ) ) ;
#2101 = EDGE_LOOP ( 'NONE', ( #2231, #2595, #267, #3149 ) ) ;
#2102 = CARTESIAN_POINT ( 'NONE',  ( 28.47638537654668767, -16.27725094705837350, 0.2001067915474766534 ) ) ;
#2103 = CARTESIAN_POINT ( 'NONE',  ( 28.17360956963955232, -17.18277404313734635, 0.000000000000000000 ) ) ;
#2104 = CIRCLE ( 'NONE', #329, 1.000000000000000000 ) ;
#2105 = AXIS2_PLACEMENT_3D ( 'NONE', #356, #624, #3168 ) ;
#2106 = CARTESIAN_POINT ( 'NONE',  ( -49.99999999999997158, 39.99999999999999289, 12.23760430703403657 ) ) ;
#2107 = AXIS2_PLACEMENT_3D ( 'NONE', #1280, #2297, #3331 ) ;
#2108 = DIRECTION ( 'NONE',  ( 1.000000000000000000, 0.000000000000000000, 0.000000000000000000 ) ) ;
#2109 = AXIS2_PLACEMENT_3D ( 'NONE', #637, #133, #350 ) ;
#2110 = EDGE_LOOP ( 'NONE', ( #2890, #1193, #502, #1644 ) ) ;
#2111 = AXIS2_PLACEMENT_3D ( 'NONE', #525, #80, #330 ) ;
#2112 = VECTOR ( 'NONE', #1207, 999.9999999999998863 ) ;
#2113 = PLANE ( 'NONE',  #3073 ) ;
#2114 = DIRECTION ( 'NONE',  ( -0.000000000000000000, -0.000000000000000000, -1.000000000000000000 ) ) ;
#2115 = CARTESIAN_POINT ( 'NONE',  ( -46.99999999999998579, -39.80937756084140489, 11.55019812128261592 ) ) ;
#2116 = CIRCLE ( 'NONE', #2712, 1.750000000000001554 ) ;
#2117 = ORIENTED_EDGE ( 'NONE', *, *, #3326, .T. ) ;
#2118 = CARTESIAN_POINT ( 'NONE',  ( -39.99999999999997868, -49.99999999999999289, 11.66025403784441394 ) ) ;
#2119 = VERTEX_POINT ( 'NONE', #2369 ) ;
#2120 = ADVANCED_FACE ( 'NONE', ( #2389 ), #334, .F. ) ;
#2121 = ORIENTED_EDGE ( 'NONE', *, *, #730, .T. ) ;
#2122 = LINE ( 'NONE', #1680, #1147 ) ;
#2123 = CARTESIAN_POINT ( 'NONE',  ( -46.69999999999998153, 45.00000000000000000, 2.399999999999999467 ) ) ;
#2124 = ORIENTED_EDGE ( 'NONE', *, *, #2160, .F. ) ;
#2125 = CARTESIAN_POINT ( 'NONE',  ( -47.50515990990542292, 40.23601823372698760, 12.38749601689035451 ) ) ;
#2126 = CARTESIAN_POINT ( 'NONE',  ( 29.92117770075225636, -17.27500000000016556, 0.000000000000000000 ) ) ;
#2127 = CIRCLE ( 'NONE', #410, 1.000000000000000888 ) ;
#2128 = DIRECTION ( 'NONE',  ( 0.000000000000000000, 0.000000000000000000, -1.000000000000000000 ) ) ;
#2129 = CARTESIAN_POINT ( 'NONE',  ( 29.92117770075225636, -17.27500000000016556, 0.000000000000000000 ) ) ;
#2130 = EDGE_CURVE ( 'NONE', #528, #2822, #67, .T. ) ;
#2131 = DIRECTION ( 'NONE',  ( 0.000000000000000000, 0.000000000000000000, 1.000000000000000000 ) ) ;
#2132 = AXIS2_PLACEMENT_3D ( 'NONE', #2345, #563, #1605 ) ;
#2133 = EDGE_LOOP ( 'NONE', ( #1970, #1628, #1646, #1142, #1293, #264 ) ) ;
#2134 = ORIENTED_EDGE ( 'NONE', *, *, #186, .F. ) ;
#2135 = DIRECTION ( 'NONE',  ( -0.000000000000000000, -0.000000000000000000, -1.000000000000000000 ) ) ;
#2136 = ORIENTED_EDGE ( 'NONE', *, *, #2049, .F. ) ;
#2137 = ORIENTED_EDGE ( 'NONE', *, *, #659, .T. ) ;
#2138 = LINE ( 'NONE', #3165, #2910 ) ;
#2139 = CARTESIAN_POINT ( 'NONE',  ( -28.27923924597221372, -16.65386362570629331, 0.1815830831559707426 ) ) ;
#2140 = ORIENTED_EDGE ( 'NONE', *, *, #2559, .T. ) ;
#2141 = CYLINDRICAL_SURFACE ( 'NONE', #2105, 1.699999999999993072 ) ;
#2142 = CARTESIAN_POINT ( 'NONE',  ( -46.36363636363635266, 40.68459021276399312, 4.000000000000000000 ) ) ;
#2143 = CARTESIAN_POINT ( 'NONE',  ( 44.99999999999998579, -45.00000000000000000, 2.399999999999999467 ) ) ;
#2144 = DIRECTION ( 'NONE',  ( -0.000000000000000000, -0.000000000000000000, -1.000000000000000000 ) ) ;
#2145 = DIRECTION ( 'NONE',  ( -0.000000000000000000, -0.000000000000000000, 1.000000000000000000 ) ) ;
#2146 = ORIENTED_EDGE ( 'NONE', *, *, #1494, .F. ) ;
#2147 = ORIENTED_EDGE ( 'NONE', *, *, #3040, .T. ) ;
#2148 = CARTESIAN_POINT ( 'NONE',  ( 40.26200681880710164, -45.97712843582497300, 11.81152374521222015 ) ) ;
#2149 = CC_DESIGN_SECURITY_CLASSIFICATION ( #526, ( #2581 ) ) ;
#2150 = DIRECTION ( 'NONE',  ( 0.000000000000000000, -0.000000000000000000, 1.000000000000000000 ) ) ;
#2151 = ORIENTED_EDGE ( 'NONE', *, *, #975, .F. ) ;
#2152 = CARTESIAN_POINT ( 'NONE',  ( 1.750000000000001332, 34.54999999999999716, 3.000000000000000000 ) ) ;
#2153 = ORIENTED_EDGE ( 'NONE', *, *, #1942, .T. ) ;
#2154 = ADVANCED_FACE ( 'NONE', ( #1386 ), #84, .F. ) ;
#2155 = ORIENTED_EDGE ( 'NONE', *, *, #793, .F. ) ;
#2156 = VECTOR ( 'NONE', #2934, 1000.000000000000000 ) ;
#2157 = LINE ( 'NONE', #339, #3097 ) ;
#2158 =( BOUNDED_CURVE ( )  B_SPLINE_CURVE ( 3, ( #776, #588, #1335, #23 ),
 .UNSPECIFIED., .F., .F. ) 
 B_SPLINE_CURVE_WITH_KNOTS ( ( 4, 4 ),
 ( 2.769424119629467107, 3.141592653589793116 ),
 .UNSPECIFIED. ) 
 CURVE ( )  GEOMETRIC_REPRESENTATION_ITEM ( )  RATIONAL_B_SPLINE_CURVE ( ( 1.000000000000000000, 0.9884908171532500454, 0.9884908171532500454, 1.000000000000000000 ) ) 
 REPRESENTATION_ITEM ( '' )  );
#2159 = CARTESIAN_POINT ( 'NONE',  ( 45.99999999999998579, 39.75304923404039670, 4.000000000000000000 ) ) ;
#2160 = EDGE_CURVE ( 'NONE', #561, #1968, #2373, .T. ) ;
#2161 = AXIS2_PLACEMENT_3D ( 'NONE', #1188, #2737, #2212 ) ;
#2162 = DIRECTION ( 'NONE',  ( 0.000000000000000000, 0.000000000000000000, 1.000000000000000000 ) ) ;
#2163 = AXIS2_PLACEMENT_3D ( 'NONE', #725, #2779, #481 ) ;
#2164 = LINE ( 'NONE', #3194, #732 ) ;
#2165 = CARTESIAN_POINT ( 'NONE',  ( -43.29999999999997584, -45.00000000000000000, 19.00000000000000000 ) ) ;
#2166 = ORIENTED_EDGE ( 'NONE', *, *, #1376, .T. ) ;
#2167 = VECTOR ( 'NONE', #396, 1000.000000000000000 ) ;
#2168 = ORIENTED_EDGE ( 'NONE', *, *, #1829, .T. ) ;
#2169 = VERTEX_POINT ( 'NONE', #1881 ) ;
#2170 = CARTESIAN_POINT ( 'NONE',  ( -46.36363636363635266, 40.68459021276399312, 12.67237748502030570 ) ) ;
#2171 = EDGE_CURVE ( 'NONE', #2058, #2726, #3078, .T. ) ;
#2172 = FACE_OUTER_BOUND ( 'NONE', #2929, .T. ) ;
#2173 = EDGE_LOOP ( 'NONE', ( #2860, #1629 ) ) ;
#2174 = DIRECTION ( 'NONE',  ( -0.9315409787235990891, 0.3636363636363655338, -4.382965240478046606E-14 ) ) ;
#2175 = EDGE_CURVE ( 'NONE', #2675, #2843, #2956, .T. ) ;
#2176 = CARTESIAN_POINT ( 'NONE',  ( -28.85882998848048686, -15.87831748008716026, 0.06157227910207072052 ) ) ;
#2177 = ORIENTED_EDGE ( 'NONE', *, *, #2798, .F. ) ;
#2178 = DIRECTION ( 'NONE',  ( 0.8660254037844380415, 0.000000000000000000, 0.5000000000000012212 ) ) ;
#2179 = EDGE_CURVE ( 'NONE', #724, #2645, #2422, .T. ) ;
#2180 = CARTESIAN_POINT ( 'NONE',  ( 49.99999999999998579, -49.99999999999999289, 19.00000000000000000 ) ) ;
#2181 = CARTESIAN_POINT ( 'NONE',  ( 50.00000000000000000, -50.00000000000000000, 3.000000000000000000 ) ) ;
#2182 = CARTESIAN_POINT ( 'NONE',  ( -0.6783193194094586653, 32.93160332083947850, 0.06160925045441355274 ) ) ;
#2183 = CARTESIAN_POINT ( 'NONE',  ( 47.99999999999997158, 45.00000000000000000, 3.851859888774471706E-31 ) ) ;
#2184 = ORIENTED_EDGE ( 'NONE', *, *, #1137, .F. ) ;
#2185 = ORIENTED_EDGE ( 'NONE', *, *, #3223, .T. ) ;
#2186 = AXIS2_PLACEMENT_3D ( 'NONE', #1966, #1158, #3243 ) ;
#2187 = PLANE ( 'NONE',  #390 ) ;
#2188 = VERTEX_POINT ( 'NONE', #2676 ) ;
#2189 = DIRECTION ( 'NONE',  ( -0.000000000000000000, -0.000000000000000000, -1.000000000000000000 ) ) ;
#2190 = CARTESIAN_POINT ( 'NONE',  ( 49.80000000000002558, -49.80000000000002558, 0.000000000000000000 ) ) ;
#2191 = EDGE_CURVE ( 'NONE', #3196, #2017, #2138, .T. ) ;
#2192 = ORIENTED_EDGE ( 'NONE', *, *, #2171, .F. ) ;
#2193 = CARTESIAN_POINT ( 'NONE',  ( 49.99999999999998579, -39.99999999999999289, 11.66025403784441039 ) ) ;
#2194 = EDGE_CURVE ( 'NONE', #1823, #1998, #1110, .T. ) ;
#2195 = LINE ( 'NONE', #373, #178 ) ;
#2196 = DIRECTION ( 'NONE',  ( -0.8660254037844380415, 0.000000000000000000, 0.5000000000000012212 ) ) ;
#2197 = CARTESIAN_POINT ( 'NONE',  ( -49.99999999999998579, 49.99999999999999289, 3.000000000000000000 ) ) ;
#2198 = CARTESIAN_POINT ( 'NONE',  ( 16.66666666666667140, 16.66666666666666430, -33.13333333333335418 ) ) ;
#2199 = VERTEX_POINT ( 'NONE', #2945 ) ;
#2200 = ORIENTED_EDGE ( 'NONE', *, *, #1818, .F. ) ;
#2201 = EDGE_CURVE ( 'NONE', #273, #1968, #1473, .T. ) ;
#2202 = ORIENTED_EDGE ( 'NONE', *, *, #630, .F. ) ;
#2203 = EDGE_CURVE ( 'NONE', #273, #561, #443, .T. ) ;
#2204 = ADVANCED_FACE ( 'NONE', ( #1924 ), #332, .F. ) ;
#2205 = DIRECTION ( 'NONE',  ( -0.000000000000000000, -0.000000000000000000, 1.000000000000000000 ) ) ;
#2206 = CARTESIAN_POINT ( 'NONE',  ( 41.99999999999997868, 45.00000000000000000, 0.000000000000000000 ) ) ;
#2207 = EDGE_CURVE ( 'NONE', #2613, #569, #2122, .T. ) ;
#2208 = CARTESIAN_POINT ( 'NONE',  ( -28.75568505779174089, -15.96219294346426132, 0.1113557880063743150 ) ) ;
#2209 = ORIENTED_EDGE ( 'NONE', *, *, #520, .T. ) ;
#2210 = DIRECTION ( 'NONE',  ( -1.000000000000000000, -0.000000000000000000, -0.000000000000000000 ) ) ;
#2211 = LINE ( 'NONE', #878, #1955 ) ;
#2212 = DIRECTION ( 'NONE',  ( -1.000000000000000000, 0.000000000000000000, 0.000000000000000000 ) ) ;
#2213 = DIRECTION ( 'NONE',  ( -1.000000000000000000, 0.000000000000000000, 0.000000000000000000 ) ) ;
#2214 = CARTESIAN_POINT ( 'NONE',  ( -39.64124986222863356, -47.96774499542041781, 11.45312954923030979 ) ) ;
#2215 = AXIS2_PLACEMENT_3D ( 'NONE', #1511, #2505, #3311 ) ;
#2216 = ORIENTED_EDGE ( 'NONE', *, *, #3296, .F. ) ;
#2217 = EDGE_LOOP ( 'NONE', ( #322, #2276, #3273, #1379, #2523, #2090, #553, #331, #1209, #1855, #1134, #1862 ) ) ;
#2218 = CARTESIAN_POINT ( 'NONE',  ( -39.92103330537754147, 46.98578970971347957, 11.61466259544713253 ) ) ;
#2219 = CIRCLE ( 'NONE', #1798, 32.99999999999998579 ) ;
#2220 = CARTESIAN_POINT ( 'NONE',  ( -49.99999999999998579, -39.49999999999999289, 11.37157890324959730 ) ) ;
#2221 = LINE ( 'NONE', #1975, #927 ) ;
#2222 = COORDINATED_UNIVERSAL_TIME_OFFSET ( 3, 0, .BEHIND. ) ;
#2223 = EDGE_CURVE ( 'NONE', #511, #623, #1200, .T. ) ;
#2224 = ORIENTED_EDGE ( 'NONE', *, *, #1152, .T. ) ;
#2225 = CARTESIAN_POINT ( 'NONE',  ( -49.99999999999998579, 49.99999999999999289, 19.00000000000000000 ) ) ;
#2226 = DIRECTION ( 'NONE',  ( -1.000000000000000000, 0.000000000000000000, -0.000000000000000000 ) ) ;
#2227 = FACE_OUTER_BOUND ( 'NONE', #743, .T. ) ;
#2228 = CARTESIAN_POINT ( 'NONE',  ( -40.54296139631865969, -46.63502710881218150, 12.27841566319448674 ) ) ;
#2229 = CYLINDRICAL_SURFACE ( 'NONE', #3242, 2.999999999999995559 ) ;
#2230 = ORIENTED_EDGE ( 'NONE', *, *, #2818, .T. ) ;
#2231 = ORIENTED_EDGE ( 'NONE', *, *, #209, .F. ) ;
#2232 = PLANE ( 'NONE',  #166 ) ;
#2233 = DIRECTION ( 'NONE',  ( 0.000000000000000000, 1.000000000000000000, 0.000000000000000000 ) ) ;
#2234 = FACE_BOUND ( 'NONE', #2173, .T. ) ;
#2235 = CARTESIAN_POINT ( 'NONE',  ( -39.99999999999997868, -48.75222452043796295, 12.23760430703404012 ) ) ;
#2236 = APPROVAL_ROLE ( '' ) ;
#2237 = CIRCLE ( 'NONE', #2515, 1.700000000000000178 ) ;
#2238 = EDGE_LOOP ( 'NONE', ( #910, #3229, #2352, #2062, #2763, #583 ) ) ;
#2239 = PLANE ( 'NONE',  #546 ) ;
#2240 = LINE ( 'NONE', #753, #934 ) ;
#2241 = CYLINDRICAL_SURFACE ( 'NONE', #1579, 1.000000000000000000 ) ;
#2242 = ORIENTED_EDGE ( 'NONE', *, *, #1281, .F. ) ;
#2243 = CARTESIAN_POINT ( 'NONE',  ( -45.97712843582499431, 40.26200681880709453, 11.81152374521221127 ) ) ;
#2244 = CARTESIAN_POINT ( 'NONE',  ( -39.50000000001173817, 48.62638319938790943, 11.37157890325638832 ) ) ;
#2245 = ORIENTED_EDGE ( 'NONE', *, *, #199, .T. ) ;
#2246 = EDGE_CURVE ( 'NONE', #3037, #1592, #1808, .T. ) ;
#2247 = ORIENTED_EDGE ( 'NONE', *, *, #1742, .T. ) ;
#2248 = DIRECTION ( 'NONE',  ( 0.000000000000000000, 0.000000000000000000, -1.000000000000000000 ) ) ;
#2249 = APPROVAL_ROLE ( '' ) ;
#2250 = APPROVAL_PERSON_ORGANIZATION ( #1493, #1339, #2249 ) ;
#2251 = ORIENTED_EDGE ( 'NONE', *, *, #996, .F. ) ;
#2252 = CARTESIAN_POINT ( 'NONE',  ( -45.99999999999998579, 24.99999999999999289, 3.000000000000000000 ) ) ;
#2253 = CARTESIAN_POINT ( 'NONE',  ( 44.99999999999997868, 45.00000000000000000, 0.000000000000000000 ) ) ;
#2254 = CARTESIAN_POINT ( 'NONE',  ( -49.99999999999998579, 39.49999999999999289, 11.37157890324959730 ) ) ;
#2255 = CARTESIAN_POINT ( 'NONE',  ( 45.99999999999998579, -24.99999999999999289, 3.000000000000000000 ) ) ;
#2256 = CARTESIAN_POINT ( 'NONE',  ( 39.92103330537754147, 46.98578970971347957, 11.61466259544713253 ) ) ;
#2257 = EDGE_CURVE ( 'NONE', #2363, #1249, #3150, .T. ) ;
#2258 = ORIENTED_EDGE ( 'NONE', *, *, #2374, .F. ) ;
#2259 = EDGE_LOOP ( 'NONE', ( #865, #2251 ) ) ;
#2260 = PLANE ( 'NONE',  #197 ) ;
#2261 = ORIENTED_EDGE ( 'NONE', *, *, #3052, .T. ) ;
#2262 = ORIENTED_EDGE ( 'NONE', *, *, #2175, .T. ) ;
#2263 = DIRECTION ( 'NONE',  ( 0.000000000000000000, 0.000000000000000000, 1.000000000000000000 ) ) ;
#2264 = CIRCLE ( 'NONE', #2703, 1.000000000000000888 ) ;
#2265 = VECTOR ( 'NONE', #2539, 1000.000000000000000 ) ;
#2266 = VECTOR ( 'NONE', #3253, 1000.000000000000000 ) ;
#2267 = EDGE_CURVE ( 'NONE', #929, #850, #2490, .T. ) ;
#2268 = ORIENTED_EDGE ( 'NONE', *, *, #2267, .T. ) ;
#2269 = DIRECTION ( 'NONE',  ( -0.000000000000000000, -0.000000000000000000, 1.000000000000000000 ) ) ;
#2270 = CARTESIAN_POINT ( 'NONE',  ( 40.28720628722638963, -46.85049095398668584, 11.91564002599568006 ) ) ;
#2271 = AXIS2_PLACEMENT_3D ( 'NONE', #2604, #287, #1872 ) ;
#2272 = CARTESIAN_POINT ( 'NONE',  ( 46.36363636363635266, 40.68459021276399312, 12.67237748502030570 ) ) ;
#2273 = CARTESIAN_POINT ( 'NONE',  ( 39.92103330537754857, -46.98578970971346536, 11.61466259544713608 ) ) ;
#2274 = CARTESIAN_POINT ( 'NONE',  ( -39.75304923404038249, 46.00000000000000000, -11.14213562373095634 ) ) ;
#2275 = ORIENTED_EDGE ( 'NONE', *, *, #2755, .T. ) ;
#2276 = ORIENTED_EDGE ( 'NONE', *, *, #2298, .T. ) ;
#2277 = DIRECTION ( 'NONE',  ( 1.000000000000000000, 0.000000000000000000, -0.000000000000000000 ) ) ;
#2278 = CC_DESIGN_PERSON_AND_ORGANIZATION_ASSIGNMENT ( #455, #2777, ( #2581 ) ) ;
#2279 = VERTEX_POINT ( 'NONE', #1957 ) ;
#2280 = DIRECTION ( 'NONE',  ( 0.000000000000000000, -1.000000000000000000, 0.000000000000000000 ) ) ;
#2281 = VECTOR ( 'NONE', #2584, 1000.000000000000000 ) ;
#2282 = VERTEX_POINT ( 'NONE', #675 ) ;
#2283 = CARTESIAN_POINT ( 'NONE',  ( -44.99999999999998579, 45.00000000000000000, 19.00000000000000000 ) ) ;
#2284 = TOROIDAL_SURFACE ( 'NONE', #2668, 11.00000000000000355, 1.000000000000000000 ) ;
#2285 = FACE_BOUND ( 'NONE', #2922, .T. ) ;
#2286 = EDGE_CURVE ( 'NONE', #2574, #851, #488, .T. ) ;
#2287 = CARTESIAN_POINT ( 'NONE',  ( -39.75304923404038249, 47.00000000000000000, 9.500000000000000000 ) ) ;
#2288 = CARTESIAN_POINT ( 'NONE',  ( -40.28719872831621984, -46.85049547955437532, 11.91563164880870751 ) ) ;
#2289 = CARTESIAN_POINT ( 'NONE',  ( -40.54297146959191167, 46.63501543682534844, 12.27843401742252816 ) ) ;
#2290 = ORIENTED_EDGE ( 'NONE', *, *, #2626, .F. ) ;
#2291 = EDGE_LOOP ( 'NONE', ( #2384, #1824 ) ) ;
#2292 = DIRECTION ( 'NONE',  ( 0.000000000000000000, 1.000000000000000000, 0.000000000000000000 ) ) ;
#2293 = CYLINDRICAL_SURFACE ( 'NONE', #3191, 32.50000000000000000 ) ;
#2294 = EDGE_CURVE ( 'NONE', #2924, #129, #2221, .T. ) ;
#2295 = ORIENTED_EDGE ( 'NONE', *, *, #311, .T. ) ;
#2296 = EDGE_CURVE ( 'NONE', #2726, #3037, #2573, .T. ) ;
#2297 = DIRECTION ( 'NONE',  ( -0.000000000000000000, -0.000000000000000000, -1.000000000000000000 ) ) ;
#2298 = EDGE_CURVE ( 'NONE', #2323, #2279, #454, .T. ) ;
#2299 = EDGE_LOOP ( 'NONE', ( #2079, #2955, #731 ) ) ;
#2300 = DIRECTION ( 'NONE',  ( -1.000000000000000000, 0.000000000000000000, 0.000000000000000000 ) ) ;
#2301 = DIRECTION ( 'NONE',  ( 0.000000000000000000, 0.000000000000000000, 1.000000000000000000 ) ) ;
#2302 = CARTESIAN_POINT ( 'NONE',  ( -44.99999999999997868, -45.00000000000000000, 2.399999999999999467 ) ) ;
#2303 = ORIENTED_EDGE ( 'NONE', *, *, #1721, .T. ) ;
#2304 = DIRECTION ( 'NONE',  ( -0.000000000000000000, -0.000000000000000000, -1.000000000000000000 ) ) ;
#2305 = CARTESIAN_POINT ( 'NONE',  ( -45.99999999999998579, -39.75304923404039670, -11.14213562373095634 ) ) ;
#2306 = ORIENTED_EDGE ( 'NONE', *, *, #3022, .T. ) ;
#2307 = DIRECTION ( 'NONE',  ( 1.000000000000000000, 0.000000000000000000, 0.000000000000000000 ) ) ;
#2308 = CYLINDRICAL_SURFACE ( 'NONE', #1814, 1.000000000000000000 ) ;
#2309 = DIRECTION ( 'NONE',  ( 0.000000000000000000, -1.000000000000000000, 1.249000902703300856E-13 ) ) ;
#2310 = ORIENTED_EDGE ( 'NONE', *, *, #404, .T. ) ;
#2311 = VERTEX_POINT ( 'NONE', #506 ) ;
#2312 = AXIS2_PLACEMENT_3D ( 'NONE', #2571, #521, #3122 ) ;
#2313 = LINE ( 'NONE', #1021, #3240 ) ;
#2314 = ADVANCED_FACE ( 'NONE', ( #3271 ), #1089, .F. ) ;
#2315 = AXIS2_PLACEMENT_3D ( 'NONE', #3087, #616, #2659 ) ;
#2316 = ORIENTED_EDGE ( 'NONE', *, *, #211, .T. ) ;
#2317 = VECTOR ( 'NONE', #843, 1000.000000000000114 ) ;
#2318 = ORIENTED_EDGE ( 'NONE', *, *, #2364, .F. ) ;
#2319 = CARTESIAN_POINT ( 'NONE',  ( -46.99525197138110855, 39.86550542045173273, 11.58260355613767700 ) ) ;
#2320 = PLANE ( 'NONE',  #3251 ) ;
#2321 = CIRCLE ( 'NONE', #1361, 1.750000000000001110 ) ;
#2322 = EDGE_CURVE ( 'NONE', #2876, #2408, #3092, .T. ) ;
#2323 = VERTEX_POINT ( 'NONE', #1182 ) ;
#2324 = VECTOR ( 'NONE', #2897, 1000.000000000000000 ) ;
#2325 = CARTESIAN_POINT ( 'NONE',  ( 44.99999999999997868, 45.00000000000000000, 2.399999999999999467 ) ) ;
#2326 = DIRECTION ( 'NONE',  ( -0.000000000000000000, -0.000000000000000000, -1.000000000000000000 ) ) ;
#2327 = ORIENTED_EDGE ( 'NONE', *, *, #1226, .F. ) ;
#2328 = CARTESIAN_POINT ( 'NONE',  ( 26.73205080756886076, 46.99999999999999289, 4.000000000000000000 ) ) ;
#2329 = DIRECTION ( 'NONE',  ( -0.000000000000000000, -0.000000000000000000, -1.000000000000000000 ) ) ;
#2330 = DIRECTION ( 'NONE',  ( -1.000000000000000000, 0.000000000000000000, 7.632783294297944905E-14 ) ) ;
#2331 = ORIENTED_EDGE ( 'NONE', *, *, #1505, .T. ) ;
#2332 = DIRECTION ( 'NONE',  ( -0.000000000000000000, -0.000000000000000000, 1.000000000000000000 ) ) ;
#2333 = ORIENTED_EDGE ( 'NONE', *, *, #823, .T. ) ;
#2334 = EDGE_CURVE ( 'NONE', #762, #3230, #3031, .T. ) ;
#2335 = ORIENTED_EDGE ( 'NONE', *, *, #538, .F. ) ;
#2336 = FACE_OUTER_BOUND ( 'NONE', #110, .T. ) ;
#2337 = CARTESIAN_POINT ( 'NONE',  ( -46.00000000000002842, 39.75304923404038249, 3.000000000000000000 ) ) ;
#2338 = EDGE_CURVE ( 'NONE', #2388, #724, #1746, .T. ) ;
#2339 = VECTOR ( 'NONE', #2412, 1000.000000000000000 ) ;
#2340 = PLANE ( 'NONE',  #1415 ) ;
#2341 = CARTESIAN_POINT ( 'NONE',  ( -46.69999999999997442, 45.00000000000000000, 19.00000000000000000 ) ) ;
#2342 = CYLINDRICAL_SURFACE ( 'NONE', #822, 1.000000000000000000 ) ;
#2343 = EDGE_CURVE ( 'NONE', #2058, #901, #2542, .T. ) ;
#2344 = CARTESIAN_POINT ( 'NONE',  ( -46.34284403256817342, -40.69273347164281063, 12.67754914899664875 ) ) ;
#2345 = CARTESIAN_POINT ( 'NONE',  ( 6.938893903907228378E-15, -46.99999999999998579, 9.500000000000000000 ) ) ;
#2346 = EDGE_CURVE ( 'NONE', #3227, #2675, #781, .T. ) ;
#2347 = LINE ( 'NONE', #1375, #3082 ) ;
#2348 = ORIENTED_EDGE ( 'NONE', *, *, #1258, .T. ) ;
#2349 = ADVANCED_FACE ( 'NONE', ( #1278 ), #2293, .F. ) ;
#2350 = VERTEX_POINT ( 'NONE', #3016 ) ;
#2351 = LINE ( 'NONE', #1891, #931 ) ;
#2352 = ORIENTED_EDGE ( 'NONE', *, *, #2484, .F. ) ;
#2353 = VERTEX_POINT ( 'NONE', #2715 ) ;
#2354 = CARTESIAN_POINT ( 'NONE',  ( 28.27882214080862155, -16.65491639014760494, 0.1814090334440230379 ) ) ;
#2355 = CARTESIAN_POINT ( 'NONE',  ( -24.99999999999998579, 46.00000000000000000, 3.000000000000000000 ) ) ;
#2356 = ORIENTED_EDGE ( 'NONE', *, *, #1766, .T. ) ;
#2357 = LINE ( 'NONE', #1067, #2070 ) ;
#2358 = CYLINDRICAL_SURFACE ( 'NONE', #1701, 1.000000000000000888 ) ;
#2359 = EDGE_LOOP ( 'NONE', ( #2691, #1259, #17, #2939, #1691 ) ) ;
#2360 = CARTESIAN_POINT ( 'NONE',  ( 47.99999999999997868, -45.00000000000000000, 3.851859888774471706E-31 ) ) ;
#2361 = CARTESIAN_POINT ( 'NONE',  ( 39.75304923404038959, -46.99999999999998579, 4.000000000000000000 ) ) ;
#2362 = CARTESIAN_POINT ( 'NONE',  ( 46.93444432896263407, 40.12111501124756074, 11.75104958190289572 ) ) ;
#2363 = VERTEX_POINT ( 'NONE', #1474 ) ;
#2364 = EDGE_CURVE ( 'NONE', #11, #1084, #1198, .T. ) ;
#2365 = ORIENTED_EDGE ( 'NONE', *, *, #206, .T. ) ;
#2366 = DIRECTION ( 'NONE',  ( -0.000000000000000000, -0.000000000000000000, -1.000000000000000000 ) ) ;
#2367 = ORIENTED_EDGE ( 'NONE', *, *, #2246, .F. ) ;
#2368 = ORIENTED_EDGE ( 'NONE', *, *, #545, .F. ) ;
#2369 = CARTESIAN_POINT ( 'NONE',  ( 28.17117770075225280, -17.27500000000016556, 0.000000000000000000 ) ) ;
#2370 = DIRECTION ( 'NONE',  ( 1.000000000000000000, 0.000000000000000000, -0.000000000000000000 ) ) ;
#2371 = CIRCLE ( 'NONE', #2043, 1.000000000000000888 ) ;
#2372 =( BOUNDED_SURFACE ( )  B_SPLINE_SURFACE ( 3, 2, ( 
 ( #2243, #1852, #250 ),
 ( #1321, #534, #2125 ),
 ( #1030, #3, #2849 ),
 ( #2632, #2881, #2106 ) ),
 .UNSPECIFIED., .F., .F., .T. ) 
 B_SPLINE_SURFACE_WITH_KNOTS ( ( 4, 4 ),
 ( 3, 3 ),
 ( 2.767191108425705259, 3.141592653589793116 ),
 ( 0.000000000000000000, 1.000000000000000000 ),
 .UNSPECIFIED. ) 
 GEOMETRIC_REPRESENTATION_ITEM ( )  RATIONAL_B_SPLINE_SURFACE ( (
 ( 1.000000000000000000, 0.8559682606317423614, 1.000000000000000000),
 ( 1.000000000000000000, 0.8559682606317423614, 1.000000000000000000),
 ( 1.000000000000000000, 0.8660254037844389297, 1.000000000000000000),
 ( 1.000000000000000000, 0.8660254037844389297, 1.000000000000000000) ) ) 
 REPRESENTATION_ITEM ( '' )  SURFACE ( )  );
#2373 = CIRCLE ( 'NONE', #761, 1.000000000000000888 ) ;
#2374 = EDGE_CURVE ( 'NONE', #561, #3011, #2052, .T. ) ;
#2375 = ORIENTED_EDGE ( 'NONE', *, *, #1958, .F. ) ;
#2376 = DIRECTION ( 'NONE',  ( -1.000000000000000000, 0.000000000000000000, 0.000000000000000000 ) ) ;
#2377 = AXIS2_PLACEMENT_3D ( 'NONE', #1744, #1246, #2018 ) ;
#2378 = DIRECTION ( 'NONE',  ( 1.000000000000000000, -0.000000000000000000, -0.000000000000000000 ) ) ;
#2379 = CIRCLE ( 'NONE', #1255, 1.700000000000000178 ) ;
#2380 = DIRECTION ( 'NONE',  ( 0.000000000000000000, 0.000000000000000000, 1.000000000000000000 ) ) ;
#2381 = DIRECTION ( 'NONE',  ( 0.000000000000000000, 0.000000000000000000, 1.000000000000000000 ) ) ;
#2382 = CARTESIAN_POINT ( 'NONE',  ( 45.99999999999998579, -24.99999999999999289, 3.000000000000000000 ) ) ;
#2383 = VECTOR ( 'NONE', #1615, 1000.000000000000000 ) ;
#2384 = ORIENTED_EDGE ( 'NONE', *, *, #823, .F. ) ;
#2385 = EDGE_LOOP ( 'NONE', ( #2825, #3160, #88, #838 ) ) ;
#2386 = DIRECTION ( 'NONE',  ( 1.000000000000000000, 0.000000000000000000, 0.000000000000000000 ) ) ;
#2387 = ORIENTED_EDGE ( 'NONE', *, *, #3148, .T. ) ;
#2388 = VERTEX_POINT ( 'NONE', #1107 ) ;
#2389 = FACE_OUTER_BOUND ( 'NONE', #1593, .T. ) ;
#2390 = CARTESIAN_POINT ( 'NONE',  ( -28.56299176217776647, -16.16272016796863298, 0.1814090334440253138 ) ) ;
#2391 = EDGE_LOOP ( 'NONE', ( #2367, #1346, #2192, #821, #1846 ) ) ;
#2392 = DIRECTION ( 'NONE',  ( -1.249000902703299846E-13, 1.000000000000000000, 0.000000000000000000 ) ) ;
#2393 = DIRECTION ( 'NONE',  ( 1.000000000000000000, 0.000000000000000000, 0.000000000000000000 ) ) ;
#2394 = AXIS2_PLACEMENT_3D ( 'NONE', #1410, #1687, #375 ) ;
#2395 = LINE ( 'NONE', #3157, #921 ) ;
#2396 = CARTESIAN_POINT ( 'NONE',  ( 39.49999999999998579, 49.99999999999999289, 11.37157890324960086 ) ) ;
#2397 = CARTESIAN_POINT ( 'NONE',  ( 32.99999999999999289, -2.897559466720964150E-15, 0.000000000000000000 ) ) ;
#2398 = AXIS2_PLACEMENT_3D ( 'NONE', #2806, #490, #1005 ) ;
#2399 = ORIENTED_EDGE ( 'NONE', *, *, #3048, .F. ) ;
#2400 = VERTEX_POINT ( 'NONE', #27 ) ;
#2401 = VERTEX_POINT ( 'NONE', #1088 ) ;
#2402 = CARTESIAN_POINT ( 'NONE',  ( -44.99999999999997868, -45.00000000000000000, 0.000000000000000000 ) ) ;
#2403 = EDGE_CURVE ( 'NONE', #1608, #2020, #634, .T. ) ;
#2404 = EDGE_CURVE ( 'NONE', #2020, #2660, #1860, .T. ) ;
#2405 = CARTESIAN_POINT ( 'NONE',  ( 40.35857107250196663, 46.80009278612326540, 12.00442985247855354 ) ) ;
#2406 = VERTEX_POINT ( 'NONE', #2397 ) ;
#2407 = DIRECTION ( 'NONE',  ( 0.000000000000000000, 0.000000000000000000, 1.000000000000000000 ) ) ;
#2408 = VERTEX_POINT ( 'NONE', #3143 ) ;
#2409 = CARTESIAN_POINT ( 'NONE',  ( 49.99999999999998579, -38.99999999999999289, 12.23760430703403657 ) ) ;
#2410 = DIRECTION ( 'NONE',  ( 0.000000000000000000, 0.000000000000000000, 1.000000000000000000 ) ) ;
#2411 = DIRECTION ( 'NONE',  ( -0.000000000000000000, -0.000000000000000000, -1.000000000000000000 ) ) ;
#2412 = DIRECTION ( 'NONE',  ( -1.000000000000000000, 6.938893903907227392E-16, 0.000000000000000000 ) ) ;
#2413 = CARTESIAN_POINT ( 'NONE',  ( -24.99999999999998579, 47.00000000000000000, 4.000000000000000000 ) ) ;
#2414 = ADVANCED_FACE ( 'NONE', ( #832 ), #2854, .F. ) ;
#2415 = ORIENTED_EDGE ( 'NONE', *, *, #308, .T. ) ;
#2416 = ADVANCED_FACE ( 'NONE', ( #1569, #2885 ), #542, .F. ) ;
#2417 = ORIENTED_EDGE ( 'NONE', *, *, #2298, .F. ) ;
#2418 = CARTESIAN_POINT ( 'NONE',  ( 47.96774499542041070, 39.64124986222864067, 11.45312954923030269 ) ) ;
#2419 = EDGE_CURVE ( 'NONE', #1098, #2406, #2972, .T. ) ;
#2420 = LINE ( 'NONE', #113, #3189 ) ;
#2421 = ORIENTED_EDGE ( 'NONE', *, *, #47, .T. ) ;
#2422 = LINE ( 'NONE', #1117, #1032 ) ;
#2423 = CARTESIAN_POINT ( 'NONE',  ( -28.47780851374730560, -16.27519330731688285, 0.1998922728146076688 ) ) ;
#2424 = ORIENTED_EDGE ( 'NONE', *, *, #2842, .T. ) ;
#2425 = CIRCLE ( 'NONE', #1247, 1.000000000000000888 ) ;
#2426 = CARTESIAN_POINT ( 'NONE',  ( 24.99999999999998579, 49.99999999999999289, 3.000000000000000000 ) ) ;
#2427 = CARTESIAN_POINT ( 'NONE',  ( -24.99999999999998579, 49.99999999999999289, 2.999999999999998224 ) ) ;
#2428 = AXIS2_PLACEMENT_3D ( 'NONE', #2302, #3180, #1271 ) ;
#2429 = CARTESIAN_POINT ( 'NONE',  ( -44.99999999999998579, 45.00000000000000000, 3.851859888774471706E-31 ) ) ;
#2430 = CARTESIAN_POINT ( 'NONE',  ( 46.96746920127893787, -40.02854450300314681, 11.67673421433716108 ) ) ;
#2431 = LINE ( 'NONE', #1673, #2435 ) ;
#2432 = CC_DESIGN_PERSON_AND_ORGANIZATION_ASSIGNMENT ( #693, #1976, ( #596 ) ) ;
#2433 = ORIENTED_EDGE ( 'NONE', *, *, #856, .F. ) ;
#2434 = AXIS2_PLACEMENT_3D ( 'NONE', #423, #1956, #922 ) ;
#2435 = VECTOR ( 'NONE', #154, 1000.000000000000000 ) ;
#2436 = ORIENTED_EDGE ( 'NONE', *, *, #2818, .F. ) ;
#2437 = EDGE_LOOP ( 'NONE', ( #2804, #1336, #3139, #2949, #1420 ) ) ;
#2438 = CARTESIAN_POINT ( 'NONE',  ( -46.85049547955437532, 40.28719872831621984, 11.91563164880870218 ) ) ;
#2439 = CIRCLE ( 'NONE', #3034, 32.99999999999998579 ) ;
#2440 = EDGE_CURVE ( 'NONE', #993, #701, #1340, .T. ) ;
#2441 = LINE ( 'NONE', #1472, #1307 ) ;
#2442 = VERTEX_POINT ( 'NONE', #2382 ) ;
#2443 = DIRECTION ( 'NONE',  ( 1.249000902703299846E-13, -1.000000000000000000, 0.000000000000000000 ) ) ;
#2444 = DIRECTION ( 'NONE',  ( 0.000000000000000000, -1.000000000000000000, 0.000000000000000000 ) ) ;
#2445 = EDGE_CURVE ( 'NONE', #851, #3212, #577, .T. ) ;
#2446 = VERTEX_POINT ( 'NONE', #2653 ) ;
#2447 = CARTESIAN_POINT ( 'NONE',  ( 46.36363636363635266, -40.68459021276399312, 4.000000000000000000 ) ) ;
#2448 = DIRECTION ( 'NONE',  ( 0.000000000000000000, 0.000000000000000000, -1.000000000000000000 ) ) ;
#2449 = EDGE_CURVE ( 'NONE', #2020, #3198, #43, .T. ) ;
#2450 = DIRECTION ( 'NONE',  ( -1.000000000000000000, 0.000000000000000000, 0.000000000000000000 ) ) ;
#2451 = DIRECTION ( 'NONE',  ( -0.000000000000000000, -0.000000000000000000, -1.000000000000000000 ) ) ;
#2452 = FACE_OUTER_BOUND ( 'NONE', #2592, .T. ) ;
#2453 = ORIENTED_EDGE ( 'NONE', *, *, #1870, .T. ) ;
#2454 = ADVANCED_FACE ( 'NONE', ( #58 ), #325, .F. ) ;
#2455 = ORIENTED_EDGE ( 'NONE', *, *, #3256, .F. ) ;
#2456 = EDGE_LOOP ( 'NONE', ( #1053, #818, #686, #1125 ) ) ;
#2457 = EDGE_CURVE ( 'NONE', #745, #1431, #3175, .T. ) ;
#2458 = DIRECTION ( 'NONE',  ( -1.588892204119468144E-27, 1.000000000000000000, 2.081668171172168513E-14 ) ) ;
#2459 = CIRCLE ( 'NONE', #352, 1.750000000000001554 ) ;
#2460 = CARTESIAN_POINT ( 'NONE',  ( -29.92117770075224215, -17.27500000000016556, 3.000000000000000000 ) ) ;
#2461 = ORIENTED_EDGE ( 'NONE', *, *, #1919, .F. ) ;
#2462 = CARTESIAN_POINT ( 'NONE',  ( 49.99999999999999289, -40.00000000000000711, 11.66025403784441217 ) ) ;
#2463 = PERSON_AND_ORGANIZATION ( #336, #799 ) ;
#2464 = ORIENTED_EDGE ( 'NONE', *, *, #1215, .F. ) ;
#2465 = CYLINDRICAL_SURFACE ( 'NONE', #598, 1.750000000000001554 ) ;
#2466 = LINE ( 'NONE', #2987, #2649 ) ;
#2467 =( BOUNDED_CURVE ( )  B_SPLINE_CURVE ( 3, ( #2812, #1064, #2319, #2067 ),
 .UNSPECIFIED., .F., .T. ) 
 B_SPLINE_CURVE_WITH_KNOTS ( ( 4, 4 ),
 ( 4.712388980384690562, 4.881173303103203409 ),
 .UNSPECIFIED. ) 
 CURVE ( )  GEOMETRIC_REPRESENTATION_ITEM ( )  RATIONAL_B_SPLINE_CURVE ( ( 1.000000000000000000, 0.9976273963495188024, 0.9976273963495188024, 1.000000000000000000 ) ) 
 REPRESENTATION_ITEM ( '' )  );
#2468 = DIRECTION ( 'NONE',  ( -0.000000000000000000, -0.000000000000000000, -1.000000000000000000 ) ) ;
#2469 = PLANE ( 'NONE',  #2186 ) ;
#2470 = LINE ( 'NONE', #1725, #2864 ) ;
#2471 = ORIENTED_EDGE ( 'NONE', *, *, #2346, .T. ) ;
#2472 = ORIENTED_EDGE ( 'NONE', *, *, #610, .T. ) ;
#2473 = ADVANCED_BREP_SHAPE_REPRESENTATION ( 'soporte_motor', ( #605, #3228 ), #854 ) ;
#2474 = ORIENTED_EDGE ( 'NONE', *, *, #1137, .T. ) ;
#2475 = DIRECTION ( 'NONE',  ( 0.000000000000000000, 0.000000000000000000, 1.000000000000000000 ) ) ;
#2476 = EDGE_CURVE ( 'NONE', #2028, #3019, #2347, .T. ) ;
#2477 = DESIGN_CONTEXT ( 'detailed design', #1765, 'design' ) ;
#2478 = DIRECTION ( 'NONE',  ( -0.000000000000000000, -0.000000000000000000, -1.000000000000000000 ) ) ;
#2479 = DIRECTION ( 'NONE',  ( 0.000000000000000000, 0.000000000000000000, 1.000000000000000000 ) ) ;
#2480 = APPROVAL_DATE_TIME ( #1716, #1339 ) ;
#2481 = ORIENTED_EDGE ( 'NONE', *, *, #1152, .F. ) ;
#2482 = CARTESIAN_POINT ( 'NONE',  ( 49.99999999999998579, -24.99999999999999289, 2.999999999999999112 ) ) ;
#2483 = CARTESIAN_POINT ( 'NONE',  ( -39.49999999999998579, -49.99999999999999289, 11.37157890324960086 ) ) ;
#2484 = EDGE_CURVE ( 'NONE', #365, #1811, #2321, .T. ) ;
#2485 = VECTOR ( 'NONE', #1036, 1000.000000000000000 ) ;
#2486 = CYLINDRICAL_SURFACE ( 'NONE', #3184, 2.999999999999995559 ) ;
#2487 = CARTESIAN_POINT ( 'NONE',  ( -46.98578970971346536, -39.92103330537754857, 11.61466259544712898 ) ) ;
#2488 = LINE ( 'NONE', #1967, #2112 ) ;
#2489 = EDGE_LOOP ( 'NONE', ( #1991, #420, #2597, #1890, #2453, #1562 ) ) ;
#2490 =( BOUNDED_CURVE ( )  B_SPLINE_CURVE ( 3, ( #706, #2235, #1715, #2761 ),
 .UNSPECIFIED., .F., .T. ) 
 B_SPLINE_CURVE_WITH_KNOTS ( ( 4, 4 ),
 ( 3.141592653589793116, 3.513761187550120013 ),
 .UNSPECIFIED. ) 
 CURVE ( )  GEOMETRIC_REPRESENTATION_ITEM ( )  RATIONAL_B_SPLINE_CURVE ( ( 1.000000000000000000, 0.9884908171532498233, 0.9884908171532498233, 1.000000000000000000 ) ) 
 REPRESENTATION_ITEM ( '' )  );
#2491 = EDGE_LOOP ( 'NONE', ( #1554, #1865, #1423, #2290 ) ) ;
#2492 = AXIS2_PLACEMENT_3D ( 'NONE', #2927, #2407, #618 ) ;
#2493 = DIRECTION ( 'NONE',  ( -1.000000000000000000, 0.000000000000000000, -0.000000000000000000 ) ) ;
#2494 = CARTESIAN_POINT ( 'NONE',  ( 40.25567202918553278, -47.41285790904453279, 11.80786635271618934 ) ) ;
#2495 = AXIS2_PLACEMENT_3D ( 'NONE', #2460, #183, #1678 ) ;
#2496 = AXIS2_PLACEMENT_3D ( 'NONE', #3124, #2145, #591 ) ;
#2497 = VERTEX_POINT ( 'NONE', #1889 ) ;
#2498 = VECTOR ( 'NONE', #3169, 999.9999999999998863 ) ;
#2499 = CARTESIAN_POINT ( 'NONE',  ( -39.75304923404038959, -46.99999999999998579, 11.92618618245457007 ) ) ;
#2500 = PERSON_AND_ORGANIZATION ( #336, #799 ) ;
#2501 = ORIENTED_EDGE ( 'NONE', *, *, #62, .F. ) ;
#2502 = CARTESIAN_POINT ( 'NONE',  ( -45.99999999999998579, 24.99999999999999645, 3.000000000000000000 ) ) ;
#2503 = CARTESIAN_POINT ( 'NONE',  ( -38.99999999999998579, -49.99999999999999289, 12.23760430703404012 ) ) ;
#2504 = EDGE_CURVE ( 'NONE', #2631, #1084, #1477, .T. ) ;
#2505 = DIRECTION ( 'NONE',  ( -0.000000000000000000, 1.000000000000000000, 1.249000902703300856E-13 ) ) ;
#2506 = CARTESIAN_POINT ( 'NONE',  ( 46.58578643762689353, -25.00000000000000000, 3.000000000000000000 ) ) ;
#2507 = CARTESIAN_POINT ( 'NONE',  ( -40.63007782358397435, 46.50328280565199179, 12.47679064804655091 ) ) ;
#2508 = ORIENTED_EDGE ( 'NONE', *, *, #182, .F. ) ;
#2509 = CYLINDRICAL_SURFACE ( 'NONE', #1299, 1.000000000000000000 ) ;
#2510 = FACE_OUTER_BOUND ( 'NONE', #1090, .T. ) ;
#2511 = AXIS2_PLACEMENT_3D ( 'NONE', #1351, #2816, #572 ) ;
#2512 = CARTESIAN_POINT ( 'NONE',  ( -46.96746875760722162, -40.02854710662516169, 11.67673571753903516 ) ) ;
#2513 = CARTESIAN_POINT ( 'NONE',  ( 47.42210010360328454, -40.25191098335434958, 11.80569491189514686 ) ) ;
#2514 = CALENDAR_DATE ( 2026, 27, 7 ) ;
#2515 = AXIS2_PLACEMENT_3D ( 'NONE', #920, #615, #363 ) ;
#2516 = EDGE_CURVE ( 'NONE', #2350, #379, #2831, .T. ) ;
#2517 = ORIENTED_EDGE ( 'NONE', *, *, #610, .F. ) ;
#2518 = CARTESIAN_POINT ( 'NONE',  ( 6.938893903907228378E-15, -6.938893903907228378E-15, 0.000000000000000000 ) ) ;
#2519 = CARTESIAN_POINT ( 'NONE',  ( 40.12111501124756785, -46.93444432896262697, 11.75104958190290638 ) ) ;
#2520 = CARTESIAN_POINT ( 'NONE',  ( 2.020667218593142123E-16, 34.54999999999999716, 3.000000000000000000 ) ) ;
#2521 = DIRECTION ( 'NONE',  ( -1.000000000000000000, -0.000000000000000000, -0.000000000000000000 ) ) ;
#2522 = ORIENTED_EDGE ( 'NONE', *, *, #3094, .T. ) ;
#2523 = ORIENTED_EDGE ( 'NONE', *, *, #1829, .F. ) ;
#2524 = CARTESIAN_POINT ( 'NONE',  ( 31.67117770075225636, -17.27500000000016556, 3.000000000000000000 ) ) ;
#2525 = VERTEX_POINT ( 'NONE', #1175 ) ;
#2526 = EDGE_CURVE ( 'NONE', #3121, #11, #14, .T. ) ;
#2527 = CARTESIAN_POINT ( 'NONE',  ( 45.99999999999998579, -24.99999999999999645, 3.000000000000000000 ) ) ;
#2528 = ORIENTED_EDGE ( 'NONE', *, *, #2069, .T. ) ;
#2529 = CARTESIAN_POINT ( 'NONE',  ( 49.99999999999998579, 39.99999999999999289, -11.14213562373095634 ) ) ;
#2530 = DIRECTION ( 'NONE',  ( 0.000000000000000000, 0.000000000000000000, -1.000000000000000000 ) ) ;
#2531 = CARTESIAN_POINT ( 'NONE',  ( -49.99999999999998579, 49.99999999999999289, 3.000000000000000000 ) ) ;
#2532 = CARTESIAN_POINT ( 'NONE',  ( 46.99999999999999289, -25.71743893521430024, 3.414213562373093147 ) ) ;
#2533 = FACE_OUTER_BOUND ( 'NONE', #2437, .T. ) ;
#2534 = ORIENTED_EDGE ( 'NONE', *, *, #2516, .F. ) ;
#2535 = FACE_BOUND ( 'NONE', #2259, .T. ) ;
#2536 = DIRECTION ( 'NONE',  ( -0.000000000000000000, -0.000000000000000000, -1.000000000000000000 ) ) ;
#2537 = CIRCLE ( 'NONE', #1689, 1.700000000000000178 ) ;
#2538 = AXIS2_PLACEMENT_3D ( 'NONE', #386, #1665, #3182 ) ;
#2539 = DIRECTION ( 'NONE',  ( 0.000000000000000000, -1.000000000000000000, 0.000000000000000000 ) ) ;
#2540 = EDGE_CURVE ( 'NONE', #3046, #2817, #2379, .T. ) ;
#2541 = CIRCLE ( 'NONE', #1091, 1.699999999999993072 ) ;
#2542 = CIRCLE ( 'NONE', #1586, 1.000000000000001554 ) ;
#2543 = ADVANCED_FACE ( 'NONE', ( #2667 ), #2921, .T. ) ;
#2544 = AXIS2_PLACEMENT_3D ( 'NONE', #2402, #1610, #1380 ) ;
#2545 = CIRCLE ( 'NONE', #1532, 1.000000000000000000 ) ;
#2546 = ORIENTED_EDGE ( 'NONE', *, *, #1349, .F. ) ;
#2547 = CARTESIAN_POINT ( 'NONE',  ( -24.99999999999998579, 0.000000000000000000, 3.000000000000000000 ) ) ;
#2548 = CARTESIAN_POINT ( 'NONE',  ( 41.99999999999998579, -45.00000000000000000, 2.399999999999999467 ) ) ;
#2549 = CIRCLE ( 'NONE', #3192, 1.000000000000001554 ) ;
#2550 = DIRECTION ( 'NONE',  ( -0.000000000000000000, -0.000000000000000000, -1.000000000000000000 ) ) ;
#2551 = CARTESIAN_POINT ( 'NONE',  ( 49.99999999999998579, -49.99999999999999289, 19.00000000000000000 ) ) ;
#2552 = CARTESIAN_POINT ( 'NONE',  ( 6.938893903907228378E-15, -6.938893903907228378E-15, 3.000000000000000000 ) ) ;
#2553 = EDGE_CURVE ( 'NONE', #1084, #2631, #549, .T. ) ;
#2554 = EDGE_LOOP ( 'NONE', ( #1404, #2436, #66, #1341 ) ) ;
#2555 = EDGE_CURVE ( 'NONE', #3230, #2944, #2758, .T. ) ;
#2556 = B_SPLINE_CURVE_WITH_KNOTS ( 'NONE', 3,
 ( #714, #472, #2228, #1514, #2288, #1222, #1015, #431 ),
 .UNSPECIFIED., .F., .F.,
 ( 4, 2, 2, 4 ),
 ( -6.396301417867015745E-06, 0.0007370320292918196075, 0.001108746194646662801, 0.001480460360001506102 ),
 .UNSPECIFIED. ) ;
#2557 = ORIENTED_EDGE ( 'NONE', *, *, #883, .F. ) ;
#2558 = CARTESIAN_POINT ( 'NONE',  ( -44.99999999999998579, 45.00000000000000000, 3.851859888774471706E-31 ) ) ;
#2559 = EDGE_CURVE ( 'NONE', #842, #2784, #3244, .T. ) ;
#2560 = CARTESIAN_POINT ( 'NONE',  ( 24.99999999999998579, 46.00000000000000000, 3.000000000000000000 ) ) ;
#2561 = AXIS2_PLACEMENT_3D ( 'NONE', #3155, #1927, #2697 ) ;
#2562 = ORIENTED_EDGE ( 'NONE', *, *, #1503, .F. ) ;
#2563 = CARTESIAN_POINT ( 'NONE',  ( 28.96752361366439033, -15.80767458204387133, 0.000000000000000000 ) ) ;
#2564 = AXIS2_PLACEMENT_3D ( 'NONE', #1356, #2114, #3142 ) ;
#2565 = LINE ( 'NONE', #282, #1399 ) ;
#2566 = DIRECTION ( 'NONE',  ( -1.000000000000000000, -2.081668171172168119E-15, 0.000000000000000000 ) ) ;
#2567 = EDGE_LOOP ( 'NONE', ( #297, #3164, #1949, #480, #155 ) ) ;
#2568 = CARTESIAN_POINT ( 'NONE',  ( -46.36363636363635266, 40.68459021276399312, 12.67237748502030570 ) ) ;
#2569 = CYLINDRICAL_SURFACE ( 'NONE', #665, 32.50000000000000000 ) ;
#2570 = VERTEX_POINT ( 'NONE', #1945 ) ;
#2571 = CARTESIAN_POINT ( 'NONE',  ( -49.99999999999998579, 49.99999999999999289, 0.1999999999999779732 ) ) ;
#2572 = DIRECTION ( 'NONE',  ( 0.000000000000000000, -1.000000000000000000, 0.000000000000000000 ) ) ;
#2573 = LINE ( 'NONE', #2499, #1092 ) ;
#2574 = VERTEX_POINT ( 'NONE', #2165 ) ;
#2575 = CARTESIAN_POINT ( 'NONE',  ( 39.86550542045173273, -46.99525197138111565, 11.58260355613768233 ) ) ;
#2576 = EDGE_CURVE ( 'NONE', #2323, #1969, #669, .T. ) ;
#2577 = ORIENTED_EDGE ( 'NONE', *, *, #749, .T. ) ;
#2578 = EDGE_LOOP ( 'NONE', ( #2230, #567 ) ) ;
#2579 = DIRECTION ( 'NONE',  ( -0.000000000000000000, -0.000000000000000000, -1.000000000000000000 ) ) ;
#2580 = DIRECTION ( 'NONE',  ( 0.000000000000000000, 0.000000000000000000, 1.000000000000000000 ) ) ;
#2581 = PRODUCT_DEFINITION_FORMATION_WITH_SPECIFIED_SOURCE ( 'ANY', '', #1570, .NOT_KNOWN. ) ;
#2582 = CARTESIAN_POINT ( 'NONE',  ( 49.99999999999998579, 39.99999999999999289, 11.66025403784441039 ) ) ;
#2583 = ORIENTED_EDGE ( 'NONE', *, *, #1958, .T. ) ;
#2584 = DIRECTION ( 'NONE',  ( 0.000000000000000000, -1.000000000000000000, 0.000000000000000000 ) ) ;
#2585 = DIRECTION ( 'NONE',  ( -0.000000000000000000, -0.000000000000000000, -1.000000000000000000 ) ) ;
#2586 = VERTEX_POINT ( 'NONE', #1708 ) ;
#2587 = DIRECTION ( 'NONE',  ( -0.000000000000000000, 0.8660254037844379305, -0.5000000000000011102 ) ) ;
#2588 = DIRECTION ( 'NONE',  ( 1.000000000000000000, 0.000000000000000000, 0.000000000000000000 ) ) ;
#2589 = CARTESIAN_POINT ( 'NONE',  ( -46.99999999999998579, -39.99999999999999289, 11.66025403784441039 ) ) ;
#2590 = ORIENTED_EDGE ( 'NONE', *, *, #2179, .F. ) ;
#2591 = EDGE_CURVE ( 'NONE', #1163, #3037, #2470, .T. ) ;
#2592 = EDGE_LOOP ( 'NONE', ( #54, #716, #2247, #2368 ) ) ;
#2593 = AXIS2_PLACEMENT_3D ( 'NONE', #1309, #2883, #1805 ) ;
#2594 = CARTESIAN_POINT ( 'NONE',  ( 47.52599035509487635, 40.23085367474142515, 12.38421608141496399 ) ) ;
#2595 = ORIENTED_EDGE ( 'NONE', *, *, #3216, .T. ) ;
#2596 = VECTOR ( 'NONE', #2967, 1000.000000000000000 ) ;
#2597 = ORIENTED_EDGE ( 'NONE', *, *, #1790, .T. ) ;
#2598 = CARTESIAN_POINT ( 'NONE',  ( 28.75451176563202793, -15.96325959863014177, 0.1118631292929104237 ) ) ;
#2599 = CARTESIAN_POINT ( 'NONE',  ( -43.29999999999998295, 45.00000000000000000, 2.399999999999999467 ) ) ;
#2600 = DIRECTION ( 'NONE',  ( -0.000000000000000000, 0.000000000000000000, -1.000000000000000000 ) ) ;
#2601 = CIRCLE ( 'NONE', #667, 1.750000000000001554 ) ;
#2602 = FACE_OUTER_BOUND ( 'NONE', #1075, .T. ) ;
#2603 = EDGE_CURVE ( 'NONE', #3202, #561, #2431, .T. ) ;
#2604 = CARTESIAN_POINT ( 'NONE',  ( -44.99999999999997868, -45.00000000000000000, 19.00000000000000000 ) ) ;
#2605 = ORIENTED_EDGE ( 'NONE', *, *, #2457, .T. ) ;
#2606 = DIRECTION ( 'NONE',  ( 1.000000000000000000, 0.000000000000000000, 1.249000902703300856E-13 ) ) ;
#2607 = FACE_OUTER_BOUND ( 'NONE', #1017, .T. ) ;
#2608 = DIRECTION ( 'NONE',  ( 0.000000000000000000, 0.8660254037844379305, -0.5000000000000011102 ) ) ;
#2609 = EDGE_LOOP ( 'NONE', ( #1632, #508, #2620 ) ) ;
#2610 = VERTEX_POINT ( 'NONE', #646 ) ;
#2611 = CARTESIAN_POINT ( 'NONE',  ( -40.23601823372717234, -47.50515990990491844, 12.38749601688644120 ) ) ;
#2612 = ORIENTED_EDGE ( 'NONE', *, *, #3079, .F. ) ;
#2613 = VERTEX_POINT ( 'NONE', #108 ) ;
#2614 = CARTESIAN_POINT ( 'NONE',  ( 49.99999999999998579, -49.99999999999999289, -11.14213562373095634 ) ) ;
#2615 = CARTESIAN_POINT ( 'NONE',  ( -44.99999999999998579, 45.00000000000000000, 0.000000000000000000 ) ) ;
#2616 =( BOUNDED_SURFACE ( )  B_SPLINE_SURFACE ( 3, 2, ( 
 ( #302, #571, #1049 ),
 ( #1868, #806, #37 ),
 ( #555, #772, #3335 ),
 ( #2068, #3151, #2813 ) ),
 .UNSPECIFIED., .F., .F., .F. ) 
 B_SPLINE_SURFACE_WITH_KNOTS ( ( 4, 4 ),
 ( 3, 3 ),
 ( 3.141592653589793116, 3.515994198753880529 ),
 ( 0.000000000000000000, 1.000000000000000000 ),
 .UNSPECIFIED. ) 
 GEOMETRIC_REPRESENTATION_ITEM ( )  RATIONAL_B_SPLINE_SURFACE ( (
 ( 1.000000000000000000, 0.8660254037844391517, 1.000000000000000000),
 ( 1.000000000000000000, 0.8660296585603454167, 1.000000000000000000),
 ( 1.000000000000000000, 0.8626377241932521311, 1.000000000000000000),
 ( 1.000000000000000000, 0.8559682606317424725, 1.000000000000000000) ) ) 
 REPRESENTATION_ITEM ( '' )  SURFACE ( )  );
#2617 = CIRCLE ( 'NONE', #1326, 1.000000000000000888 ) ;
#2618 = CARTESIAN_POINT ( 'NONE',  ( -29.92117770075224215, -17.27500000000016556, 0.000000000000000000 ) ) ;
#2619 = EDGE_CURVE ( 'NONE', #1113, #2282, #1916, .T. ) ;
#2620 = ORIENTED_EDGE ( 'NONE', *, *, #1772, .T. ) ;
#2621 = CARTESIAN_POINT ( 'NONE',  ( -46.99999999999998579, -3.469446951953614189E-15, 9.500000000000000000 ) ) ;
#2622 = CARTESIAN_POINT ( 'NONE',  ( 46.98578970971346536, 39.92103330537754857, 11.61466259544712898 ) ) ;
#2623 = ORIENTED_EDGE ( 'NONE', *, *, #2171, .T. ) ;
#2624 = ORIENTED_EDGE ( 'NONE', *, *, #353, .F. ) ;
#2625 = FACE_OUTER_BOUND ( 'NONE', #2771, .T. ) ;
#2626 = EDGE_CURVE ( 'NONE', #28, #1962, #1140, .T. ) ;
#2627 = EDGE_LOOP ( 'NONE', ( #1074, #369, #478, #2417 ) ) ;
#2628 = ORIENTED_EDGE ( 'NONE', *, *, #2098, .F. ) ;
#2629 = PLANE ( 'NONE',  #3130 ) ;
#2630 = CARTESIAN_POINT ( 'NONE',  ( 45.99999999999998579, 24.99999999999999289, 3.000000000000000000 ) ) ;
#2631 = VERTEX_POINT ( 'NONE', #2183 ) ;
#2632 = CARTESIAN_POINT ( 'NONE',  ( -49.99999999999997158, 39.49999999999999289, 11.37157890324959908 ) ) ;
#2633 = DIRECTION ( 'NONE',  ( 0.000000000000000000, 0.000000000000000000, 1.000000000000000000 ) ) ;
#2634 = DIRECTION ( 'NONE',  ( -1.249000902703300098E-13, 1.000000000000000000, 0.000000000000000000 ) ) ;
#2635 = LINE ( 'NONE', #324, #1921 ) ;
#2636 = ORIENTED_EDGE ( 'NONE', *, *, #16, .F. ) ;
#2637 = DIRECTION ( 'NONE',  ( 0.000000000000000000, 0.000000000000000000, -1.000000000000000000 ) ) ;
#2638 = ORIENTED_EDGE ( 'NONE', *, *, #1681, .F. ) ;
#2639 = EDGE_CURVE ( 'NONE', #1592, #3112, #1483, .T. ) ;
#2640 = ORIENTED_EDGE ( 'NONE', *, *, #2603, .F. ) ;
#2641 = CARTESIAN_POINT ( 'NONE',  ( -46.99999999999998579, 39.99999999999999289, 11.66025403784441039 ) ) ;
#2642 = SPHERICAL_SURFACE ( 'NONE', #1892, 1.000000000000000000 ) ;
#2643 = CIRCLE ( 'NONE', #2428, 2.999999999999995559 ) ;
#2644 = CIRCLE ( 'NONE', #1416, 1.000000000000000888 ) ;
#2645 = VERTEX_POINT ( 'NONE', #176 ) ;
#2646 = DIRECTION ( 'NONE',  ( 0.000000000000000000, -0.000000000000000000, -1.000000000000000000 ) ) ;
#2647 = CARTESIAN_POINT ( 'NONE',  ( 45.99999999999998579, -39.75304923404039670, -11.14213562373095634 ) ) ;
#2648 = VECTOR ( 'NONE', #2608, 1000.000000000000114 ) ;
#2649 = VECTOR ( 'NONE', #1389, 1000.000000000000000 ) ;
#2650 = DIRECTION ( 'NONE',  ( 1.000000000000000000, 0.000000000000000000, 0.000000000000000000 ) ) ;
#2651 = DIRECTION ( 'NONE',  ( -0.000000000000000000, -0.000000000000000000, -1.000000000000000000 ) ) ;
#2652 = EDGE_CURVE ( 'NONE', #3245, #2497, #3304, .T. ) ;
#2653 = CARTESIAN_POINT ( 'NONE',  ( -41.99999999999997868, -45.00000000000000000, 3.851859888774471706E-31 ) ) ;
#2654 = EDGE_CURVE ( 'NONE', #961, #787, #2488, .T. ) ;
#2655 = ORIENTED_EDGE ( 'NONE', *, *, #3239, .F. ) ;
#2656 = ORIENTED_EDGE ( 'NONE', *, *, #1007, .T. ) ;
#2657 = ORIENTED_EDGE ( 'NONE', *, *, #2175, .F. ) ;
#2658 = FACE_OUTER_BOUND ( 'NONE', #2724, .T. ) ;
#2659 = DIRECTION ( 'NONE',  ( -1.000000000000000000, 0.000000000000000000, 0.000000000000000000 ) ) ;
#2660 = VERTEX_POINT ( 'NONE', #376 ) ;
#2661 = CARTESIAN_POINT ( 'NONE',  ( 45.99999999999998579, 39.75304923404039670, 4.000000000000000000 ) ) ;
#2662 = ORIENTED_EDGE ( 'NONE', *, *, #520, .F. ) ;
#2663 = DIRECTION ( 'NONE',  ( 0.000000000000000000, 0.000000000000000000, 1.000000000000000000 ) ) ;
#2664 = CARTESIAN_POINT ( 'NONE',  ( -49.99999999999998579, 49.99999999999999289, 3.000000000000000000 ) ) ;
#2665 = DIRECTION ( 'NONE',  ( 1.000000000000000000, 0.000000000000000000, -0.000000000000000000 ) ) ;
#2666 = PLANE ( 'NONE',  #194 ) ;
#2667 = FACE_OUTER_BOUND ( 'NONE', #128, .T. ) ;
#2668 = AXIS2_PLACEMENT_3D ( 'NONE', #633, #1903, #1920 ) ;
#2669 = ADVANCED_FACE ( 'NONE', ( #2452 ), #2229, .F. ) ;
#2670 = ORIENTED_EDGE ( 'NONE', *, *, #1790, .F. ) ;
#2671 = ORIENTED_EDGE ( 'NONE', *, *, #975, .T. ) ;
#2672 = CARTESIAN_POINT ( 'NONE',  ( 48.97896378213694391, 39.50000000000000000, 11.37157890324959730 ) ) ;
#2673 = ADVANCED_FACE ( 'NONE', ( #140 ), #3284, .F. ) ;
#2674 = DIRECTION ( 'NONE',  ( 0.000000000000000000, 0.000000000000000000, 1.000000000000000000 ) ) ;
#2675 = VERTEX_POINT ( 'NONE', #1984 ) ;
#2676 = CARTESIAN_POINT ( 'NONE',  ( -49.99999999999998579, -24.99999999999999289, 2.999999999999999556 ) ) ;
#2677 = ORIENTED_EDGE ( 'NONE', *, *, #1667, .F. ) ;
#2678 = LINE ( 'NONE', #1669, #2933 ) ;
#2679 = CARTESIAN_POINT ( 'NONE',  ( 29.92117770075225636, -17.27500000000016556, 3.000000000000000000 ) ) ;
#2680 = LINE ( 'NONE', #1409, #1635 ) ;
#2681 = CARTESIAN_POINT ( 'NONE',  ( -0.5526675431966870944, 32.88376746177092258, 0.1118631292929024856 ) ) ;
#2682 = DIRECTION ( 'NONE',  ( -1.000000000000000000, 0.000000000000000000, 0.000000000000000000 ) ) ;
#2683 = EDGE_LOOP ( 'NONE', ( #941, #2245, #400, #3288 ) ) ;
#2684 = EDGE_CURVE ( 'NONE', #1811, #1057, #225, .T. ) ;
#2685 = LOCAL_TIME ( 21, 21, 32.00000000000000000, #3000 ) ;
#2686 = VERTEX_POINT ( 'NONE', #2769 ) ;
#2687 = VERTEX_POINT ( 'NONE', #2256 ) ;
#2688 = CARTESIAN_POINT ( 'NONE',  ( -46.80009278612325829, 40.35857107250196663, 12.00442985247854466 ) ) ;
#2689 = ADVANCED_FACE ( 'NONE', ( #2533 ), #3325, .F. ) ;
#2690 = CARTESIAN_POINT ( 'NONE',  ( -48.97896378213694391, -39.50000000000000000, 11.37157890324959730 ) ) ;
#2691 = ORIENTED_EDGE ( 'NONE', *, *, #2038, .F. ) ;
#2692 = DIRECTION ( 'NONE',  ( 0.000000000000000000, 0.000000000000000000, -1.000000000000000000 ) ) ;
#2693 = ADVANCED_FACE ( 'NONE', ( #1534 ), #2569, .F. ) ;
#2694 = CARTESIAN_POINT ( 'NONE',  ( -28.17360956963953811, -17.18277404313734635, 0.000000000000000000 ) ) ;
#2695 = ORIENTED_EDGE ( 'NONE', *, *, #57, .F. ) ;
#2696 = AXIS2_PLACEMENT_3D ( 'NONE', #3300, #1276, #3327 ) ;
#2697 = DIRECTION ( 'NONE',  ( 1.000000000000000000, 0.000000000000000000, 0.000000000000000000 ) ) ;
#2698 = EDGE_CURVE ( 'NONE', #929, #1547, #2025, .T. ) ;
#2699 = FACE_OUTER_BOUND ( 'NONE', #786, .T. ) ;
#2700 = EDGE_CURVE ( 'NONE', #240, #300, #3025, .T. ) ;
#2701 = VECTOR ( 'NONE', #1791, 1000.000000000000114 ) ;
#2702 = CARTESIAN_POINT ( 'NONE',  ( 46.69999999999997442, 45.00000000000000000, 0.000000000000000000 ) ) ;
#2703 = AXIS2_PLACEMENT_3D ( 'NONE', #2409, #2718, #409 ) ;
#2704 = CARTESIAN_POINT ( 'NONE',  ( -46.00000000000002842, -39.75304923404038249, 3.000000000000000000 ) ) ;
#2705 = CARTESIAN_POINT ( 'NONE',  ( -39.49999999999998579, -48.97896378213695101, 11.37157890324960086 ) ) ;
#2706 = EDGE_LOOP ( 'NONE', ( #1002, #2258, #1022, #671 ) ) ;
#2707 = AXIS2_PLACEMENT_3D ( 'NONE', #690, #2205, #1212 ) ;
#2708 = AXIS2_PLACEMENT_3D ( 'NONE', #654, #2189, #3219 ) ;
#2709 = ORIENTED_EDGE ( 'NONE', *, *, #2887, .T. ) ;
#2710 = VERTEX_POINT ( 'NONE', #1774 ) ;
#2711 = CARTESIAN_POINT ( 'NONE',  ( -46.63502710881218150, 40.54296139631865259, 12.27841566319447786 ) ) ;
#2712 = AXIS2_PLACEMENT_3D ( 'NONE', #2126, #2633, #266 ) ;
#2713 = DIRECTION ( 'NONE',  ( 1.000000000000000000, 0.000000000000000000, 0.000000000000000000 ) ) ;
#2714 = ORIENTED_EDGE ( 'NONE', *, *, #648, .T. ) ;
#2715 = CARTESIAN_POINT ( 'NONE',  ( 32.50000000000000711, -2.958791806678330146E-15, 0.4999999999999865663 ) ) ;
#2716 = APPLICATION_PROTOCOL_DEFINITION ( 'international standard', 'config_control_design', 1994, #1390 ) ;
#2717 = VERTEX_POINT ( 'NONE', #1737 ) ;
#2718 = DIRECTION ( 'NONE',  ( -1.000000000000000000, 0.000000000000000000, 0.000000000000000000 ) ) ;
#2719 = DIRECTION ( 'NONE',  ( -0.000000000000000000, -0.000000000000000000, -1.000000000000000000 ) ) ;
#2720 = DIRECTION ( 'NONE',  ( -0.000000000000000000, -0.000000000000000000, -1.000000000000000000 ) ) ;
#2721 = EDGE_CURVE ( 'NONE', #2169, #3198, #1365, .T. ) ;
#2722 = LINE ( 'NONE', #645, #2022 ) ;
#2723 = DIRECTION ( 'NONE',  ( -0.8660254037844380415, 0.000000000000000000, 0.5000000000000012212 ) ) ;
#2724 = EDGE_LOOP ( 'NONE', ( #2709, #2424, #2316, #594 ) ) ;
#2725 = AXIS2_PLACEMENT_3D ( 'NONE', #1302, #1424, #1135 ) ;
#2726 = VERTEX_POINT ( 'NONE', #2802 ) ;
#2727 = EDGE_LOOP ( 'NONE', ( #1508, #2095, #649, #670 ) ) ;
#2728 = CARTESIAN_POINT ( 'NONE',  ( 28.96752361366439033, -15.80767458204387133, 0.000000000000000000 ) ) ;
#2729 = VECTOR ( 'NONE', #505, 1000.000000000000114 ) ;
#2730 = DIRECTION ( 'NONE',  ( 1.000000000000000000, 0.000000000000000000, 0.000000000000000000 ) ) ;
#2731 = DIRECTION ( 'NONE',  ( 1.000000000000000000, 0.000000000000000000, 0.000000000000000000 ) ) ;
#2732 = EDGE_CURVE ( 'NONE', #1845, #2675, #1645, .T. ) ;
#2733 = APPROVAL_STATUS ( 'not_yet_approved' ) ;
#2734 = EDGE_LOOP ( 'NONE', ( #972, #867, #1096, #875 ) ) ;
#2735 = DIRECTION ( 'NONE',  ( 1.000000000000000000, 0.000000000000000000, 0.000000000000000000 ) ) ;
#2736 = CYLINDRICAL_SURFACE ( 'NONE', #1648, 1.699999999999993072 ) ;
#2737 = DIRECTION ( 'NONE',  ( -0.000000000000000000, -0.000000000000000000, -1.000000000000000000 ) ) ;
#2738 = CARTESIAN_POINT ( 'NONE',  ( 46.99999999999998579, 39.80937756084140489, 11.55019812128261592 ) ) ;
#2739 = CARTESIAN_POINT ( 'NONE',  ( 31.67117770075225636, -17.27500000000016556, 3.000000000000000000 ) ) ;
#2740 = VERTEX_POINT ( 'NONE', #473 ) ;
#2741 = ORIENTED_EDGE ( 'NONE', *, *, #148, .T. ) ;
#2742 = ORIENTED_EDGE ( 'NONE', *, *, #752, .T. ) ;
#2743 = CARTESIAN_POINT ( 'NONE',  ( -49.99999999999998579, -49.99999999999999289, 4.000000000000000000 ) ) ;
#2744 = CYLINDRICAL_SURFACE ( 'NONE', #2495, 1.750000000000001554 ) ;
#2745 = EDGE_LOOP ( 'NONE', ( #1775, #465, #1313, #1652 ) ) ;
#2746 = CARTESIAN_POINT ( 'NONE',  ( 49.80000000000002558, 49.80000000000001847, 0.000000000000000000 ) ) ;
#2747 = CARTESIAN_POINT ( 'NONE',  ( -46.99999999999998579, 39.75304923404039670, 9.500000000000000000 ) ) ;
#2748 = VECTOR ( 'NONE', #125, 1000.000000000000000 ) ;
#2749 = CARTESIAN_POINT ( 'NONE',  ( -48.97896378213694391, 39.50000000000000000, 11.37157890324959730 ) ) ;
#2750 = CYLINDRICAL_SURFACE ( 'NONE', #620, 1.750000000000001110 ) ;
#2751 = CARTESIAN_POINT ( 'NONE',  ( -40.12111501124756074, 46.93444432896264829, 11.75104958190290461 ) ) ;
#2752 = AXIS2_PLACEMENT_3D ( 'NONE', #558, #2550, #348 ) ;
#2753 = ORIENTED_EDGE ( 'NONE', *, *, #894, .T. ) ;
#2754 = VECTOR ( 'NONE', #1704, 1000.000000000000000 ) ;
#2755 = EDGE_CURVE ( 'NONE', #2740, #694, #222, .T. ) ;
#2756 = CARTESIAN_POINT ( 'NONE',  ( 26.73205080756886076, -46.99999999999999289, 4.000000000000000000 ) ) ;
#2757 = CARTESIAN_POINT ( 'NONE',  ( 46.99999999999998579, -3.469446951953614189E-15, 9.500000000000000000 ) ) ;
#2758 = CIRCLE ( 'NONE', #3134, 1.000000000000001554 ) ;
#2759 = EDGE_CURVE ( 'NONE', #1974, #1845, #980, .T. ) ;
#2760 = AXIS2_PLACEMENT_3D ( 'NONE', #2618, #4, #792 ) ;
#2761 = CARTESIAN_POINT ( 'NONE',  ( -40.68459021276399312, -46.36363636363635266, 12.67237748502031458 ) ) ;
#2762 = APPROVAL_DATE_TIME ( #1747, #397 ) ;
#2763 = ORIENTED_EDGE ( 'NONE', *, *, #105, .F. ) ;
#2764 = FACE_OUTER_BOUND ( 'NONE', #3110, .T. ) ;
#2765 = DIRECTION ( 'NONE',  ( 0.000000000000000000, 0.000000000000000000, 1.000000000000000000 ) ) ;
#2766 = ADVANCED_FACE ( 'NONE', ( #462 ), #2013, .T. ) ;
#2767 = CARTESIAN_POINT ( 'NONE',  ( -46.98578970971346536, 39.92103330537754857, 11.61466259544712898 ) ) ;
#2768 = FACE_OUTER_BOUND ( 'NONE', #2238, .T. ) ;
#2769 = CARTESIAN_POINT ( 'NONE',  ( 49.99999999999998579, -39.49999999999999289, 11.37157890324959730 ) ) ;
#2770 = EDGE_CURVE ( 'NONE', #3113, #3202, #2846, .T. ) ;
#2771 = EDGE_LOOP ( 'NONE', ( #2464, #2671, #419 ) ) ;
#2772 = ORIENTED_EDGE ( 'NONE', *, *, #1541, .F. ) ;
#2773 = CARTESIAN_POINT ( 'NONE',  ( 39.75304923404038959, -45.99999999999998579, 4.000000000000000000 ) ) ;
#2774 = EDGE_CURVE ( 'NONE', #64, #2032, #3263, .T. ) ;
#2775 = AXIS2_PLACEMENT_3D ( 'NONE', #1428, #1656, #1392 ) ;
#2776 = CARTESIAN_POINT ( 'NONE',  ( -46.85049095398670005, -40.28720628722638963, 11.91564002599566940 ) ) ;
#2777 = PERSON_AND_ORGANIZATION_ROLE ( 'design_supplier' ) ;
#2778 = VERTEX_POINT ( 'NONE', #1602 ) ;
#2779 = DIRECTION ( 'NONE',  ( 0.000000000000000000, 0.000000000000000000, 1.000000000000000000 ) ) ;
#2780 = CARTESIAN_POINT ( 'NONE',  ( 40.68459021276399312, -46.36363636363635266, 12.67237748502031458 ) ) ;
#2781 = DIRECTION ( 'NONE',  ( 0.000000000000000000, -1.000000000000000000, 0.000000000000000000 ) ) ;
#2782 = CARTESIAN_POINT ( 'NONE',  ( -49.99999999999998579, 49.99999999999999289, 4.000000000000000000 ) ) ;
#2783 = DIRECTION ( 'NONE',  ( 1.000000000000000000, 0.000000000000000000, 0.000000000000000000 ) ) ;
#2784 = VERTEX_POINT ( 'NONE', #2882 ) ;
#2785 = EDGE_CURVE ( 'NONE', #3176, #2119, #2116, .T. ) ;
#2786 = ORIENTED_EDGE ( 'NONE', *, *, #1919, .T. ) ;
#2787 = FACE_OUTER_BOUND ( 'NONE', #233, .T. ) ;
#2788 = EDGE_CURVE ( 'NONE', #579, #1547, #3247, .T. ) ;
#2789 = B_SPLINE_CURVE_WITH_KNOTS ( 'NONE', 3,
 ( #1938, #2176, #2208, #2390, #2423, #3183, #2139, #3166, #1682, #2694 ),
 .UNSPECIFIED., .F., .F.,
 ( 4, 2, 2, 2, 4 ),
 ( 0.000000000000000000, 0.0004258025414542369424, 0.0008516050829084738849, 0.001277407624362710773, 0.001703210165816947770 ),
 .UNSPECIFIED. ) ;
#2790 = ORIENTED_EDGE ( 'NONE', *, *, #2652, .T. ) ;
#2791 = CIRCLE ( 'NONE', #1453, 32.50000000000000000 ) ;
#2792 = DIRECTION ( 'NONE',  ( 0.000000000000000000, 1.000000000000000000, 6.938893903907222067E-14 ) ) ;
#2793 = LOCAL_TIME ( 21, 21, 32.00000000000000000, #1475 ) ;
#2794 = ADVANCED_FACE ( 'NONE', ( #3138 ), #1619, .F. ) ;
#2795 = ORIENTED_EDGE ( 'NONE', *, *, #2449, .F. ) ;
#2796 = DIRECTION ( 'NONE',  ( -1.000000000000000000, 0.000000000000000000, 0.000000000000000000 ) ) ;
#2797 = CARTESIAN_POINT ( 'NONE',  ( -29.92117770075224215, -17.27500000000016556, 3.000000000000000000 ) ) ;
#2798 = EDGE_CURVE ( 'NONE', #1431, #3129, #1482, .T. ) ;
#2799 = CARTESIAN_POINT ( 'NONE',  ( 6.938893903907228378E-15, -46.99999999999998579, 9.500000000000000000 ) ) ;
#2800 = EDGE_CURVE ( 'NONE', #901, #1786, #1817, .T. ) ;
#2801 = CARTESIAN_POINT ( 'NONE',  ( 46.99999999999998579, -26.73205080756886787, 3.999999999999999112 ) ) ;
#2802 = CARTESIAN_POINT ( 'NONE',  ( -39.75304923404038959, -46.99999999999998579, 4.000000000000000000 ) ) ;
#2803 = EDGE_CURVE ( 'NONE', #338, #2400, #2158, .T. ) ;
#2804 = ORIENTED_EDGE ( 'NONE', *, *, #2732, .T. ) ;
#2805 = CARTESIAN_POINT ( 'NONE',  ( 47.96774499542041070, -39.64124986222864067, 11.45312954923030269 ) ) ;
#2806 = CARTESIAN_POINT ( 'NONE',  ( -44.99999999999997868, -45.00000000000000000, 0.000000000000000000 ) ) ;
#2807 = AXIS2_PLACEMENT_3D ( 'NONE', #2283, #2033, #3099 ) ;
#2808 = CARTESIAN_POINT ( 'NONE',  ( -29.92117770075224215, -17.27500000000016556, 0.000000000000000000 ) ) ;
#2809 = VECTOR ( 'NONE', #2731, 1000.000000000000000 ) ;
#2810 = AXIS2_PLACEMENT_3D ( 'NONE', #729, #3313, #2783 ) ;
#2811 = ORIENTED_EDGE ( 'NONE', *, *, #296, .F. ) ;
#2812 = CARTESIAN_POINT ( 'NONE',  ( -46.99999999999998579, 39.75304923404039670, 11.51767694664105335 ) ) ;
#2813 = CARTESIAN_POINT ( 'NONE',  ( 40.26200681880708743, 45.97712843582500852, 11.81152374521221482 ) ) ;
#2814 = AXIS2_PLACEMENT_3D ( 'NONE', #458, #2530, #2226 ) ;
#2815 = CARTESIAN_POINT ( 'NONE',  ( -47.99999999999997158, -45.00000000000000000, 0.000000000000000000 ) ) ;
#2816 = DIRECTION ( 'NONE',  ( -1.000000000000000000, 0.000000000000000000, 0.000000000000000000 ) ) ;
#2817 = VERTEX_POINT ( 'NONE', #2868 ) ;
#2818 = EDGE_CURVE ( 'NONE', #28, #2876, #2977, .T. ) ;
#2819 = LINE ( 'NONE', #1289, #2485 ) ;
#2820 = DIRECTION ( 'NONE',  ( 1.000000000000000000, 0.000000000000000000, 0.000000000000000000 ) ) ;
#2821 = DIRECTION ( 'NONE',  ( -0.9315409787236160755, -0.3636363636363224017, 0.000000000000000000 ) ) ;
#2822 = VERTEX_POINT ( 'NONE', #2057 ) ;
#2823 = ORIENTED_EDGE ( 'NONE', *, *, #1616, .T. ) ;
#2824 = CARTESIAN_POINT ( 'NONE',  ( -46.98578970971346536, -39.92103330537754857, 11.61466259544712898 ) ) ;
#2825 = ORIENTED_EDGE ( 'NONE', *, *, #1470, .T. ) ;
#2826 = AXIS2_PLACEMENT_3D ( 'NONE', #1371, #2663, #389 ) ;
#2827 = EDGE_CURVE ( 'NONE', #3098, #1279, #560, .T. ) ;
#2828 = ORIENTED_EDGE ( 'NONE', *, *, #2179, .T. ) ;
#2829 = CARTESIAN_POINT ( 'NONE',  ( -49.99999999999998579, -50.00000000000000000, 3.000000000000000000 ) ) ;
#2830 = FACE_BOUND ( 'NONE', #2848, .T. ) ;
#2831 = B_SPLINE_CURVE_WITH_KNOTS ( 'NONE', 3,
 ( #2622, #312, #2362, #3159, #847, #2902, #360, #1159 ),
 .UNSPECIFIED., .F., .F.,
 ( 4, 2, 2, 4 ),
 ( 0.000000000000000000, 0.0003696422918524743125, 0.0007392845837049486250, 0.001478569167409890745 ),
 .UNSPECIFIED. ) ;
#2832 = CARTESIAN_POINT ( 'NONE',  ( 40.02854450300311839, 46.96746920127895208, 11.67673421433716463 ) ) ;
#2833 = CARTESIAN_POINT ( 'NONE',  ( -1.750000000000000888, 34.54999999999999716, 3.000000000000000000 ) ) ;
#2834 = DIRECTION ( 'NONE',  ( -0.000000000000000000, -0.000000000000000000, -1.000000000000000000 ) ) ;
#2835 = DIRECTION ( 'NONE',  ( 1.000000000000000000, 0.000000000000000000, 0.000000000000000000 ) ) ;
#2836 = DIRECTION ( 'NONE',  ( -0.000000000000000000, -0.000000000000000000, -1.000000000000000000 ) ) ;
#2837 = DIRECTION ( 'NONE',  ( -1.000000000000000000, 0.000000000000000000, 0.000000000000000000 ) ) ;
#2838 = ORIENTED_EDGE ( 'NONE', *, *, #226, .F. ) ;
#2839 = DIRECTION ( 'NONE',  ( -0.000000000000000000, -0.000000000000000000, -1.000000000000000000 ) ) ;
#2840 = VECTOR ( 'NONE', #1729, 999.9999999999998863 ) ;
#2841 = ORIENTED_EDGE ( 'NONE', *, *, #2201, .T. ) ;
#2842 = EDGE_CURVE ( 'NONE', #2574, #2401, #3088, .T. ) ;
#2843 = VERTEX_POINT ( 'NONE', #1068 ) ;
#2844 = DIRECTION ( 'NONE',  ( 0.7071067811865474617, 8.659560562354932858E-17, -0.7071067811865474617 ) ) ;
#2845 = CARTESIAN_POINT ( 'NONE',  ( -46.99999999999998579, -39.75304923404039670, 4.000000000000000000 ) ) ;
#2846 =( BOUNDED_CURVE ( )  B_SPLINE_CURVE ( 3, ( #844, #1104, #321, #1853 ),
 .UNSPECIFIED., .F., .F. ) 
 B_SPLINE_CURVE_WITH_KNOTS ( ( 4, 4 ),
 ( 1.570796326794896558, 3.141592653589793116 ),
 .UNSPECIFIED. ) 
 CURVE ( )  GEOMETRIC_REPRESENTATION_ITEM ( )  RATIONAL_B_SPLINE_CURVE ( ( 1.000000000000000000, 0.8047378541243649375, 0.8047378541243649375, 1.000000000000000000 ) ) 
 REPRESENTATION_ITEM ( '' )  );
#2847 = CARTESIAN_POINT ( 'NONE',  ( 40.68459021276399312, -46.36363636363635266, 4.000000000000000000 ) ) ;
#2848 = EDGE_LOOP ( 'NONE', ( #2877, #3084 ) ) ;
#2849 = CARTESIAN_POINT ( 'NONE',  ( -48.75123481346395238, 39.99999999999999289, 12.23760430703284463 ) ) ;
#2850 = CYLINDRICAL_SURFACE ( 'NONE', #767, 1.000000000000000888 ) ;
#2851 = ORIENTED_EDGE ( 'NONE', *, *, #1589, .F. ) ;
#2852 = CARTESIAN_POINT ( 'NONE',  ( -39.75304923404025459, 46.00000000000000000, 4.000000000000000000 ) ) ;
#2853 = CARTESIAN_POINT ( 'NONE',  ( 24.99999999999998579, -46.99999999999998579, 4.000000000000000000 ) ) ;
#2854 = SPHERICAL_SURFACE ( 'NONE', #65, 1.000000000000000000 ) ;
#2855 = VERTEX_POINT ( 'NONE', #1052 ) ;
#2856 = ORIENTED_EDGE ( 'NONE', *, *, #2201, .F. ) ;
#2857 = VECTOR ( 'NONE', #2587, 1000.000000000000114 ) ;
#2858 = ADVANCED_FACE ( 'NONE', ( #2072 ), #2358, .F. ) ;
#2859 = CIRCLE ( 'NONE', #2215, 1.000000000000000000 ) ;
#2860 = ORIENTED_EDGE ( 'NONE', *, *, #2887, .F. ) ;
#2861 = EDGE_LOOP ( 'NONE', ( #1923, #592 ) ) ;
#2862 = CARTESIAN_POINT ( 'NONE',  ( -46.99999999999998579, -39.75304923404039670, 11.51767694664105157 ) ) ;
#2863 = AXIS2_PLACEMENT_3D ( 'NONE', #906, #888, #2713 ) ;
#2864 = VECTOR ( 'NONE', #2723, 999.9999999999998863 ) ;
#2865 = CARTESIAN_POINT ( 'NONE',  ( 40.68459021276398602, 46.36363636363636687, 12.67237748502030925 ) ) ;
#2866 = AXIS2_PLACEMENT_3D ( 'NONE', #1980, #1203, #3055 ) ;
#2867 = DIRECTION ( 'NONE',  ( -0.000000000000000000, -0.000000000000000000, -1.000000000000000000 ) ) ;
#2868 = CARTESIAN_POINT ( 'NONE',  ( 43.29999999999998295, -45.00000000000000000, 2.399999999999999467 ) ) ;
#2869 = ORIENTED_EDGE ( 'NONE', *, *, #1870, .F. ) ;
#2870 = CARTESIAN_POINT ( 'NONE',  ( -47.25564274131379250, -39.75963308668298879, 11.52147813573655988 ) ) ;
#2871 = PLANE ( 'NONE',  #2132 ) ;
#2872 = ADVANCED_FACE ( 'NONE', ( #3105 ), #2850, .F. ) ;
#2873 = DIRECTION ( 'NONE',  ( 1.000000000000000000, 0.000000000000000000, 0.000000000000000000 ) ) ;
#2874 = ORIENTED_EDGE ( 'NONE', *, *, #2774, .F. ) ;
#2875 = CARTESIAN_POINT ( 'NONE',  ( -39.99999999999998579, -49.99999999999999289, 12.23760430703404012 ) ) ;
#2876 = VERTEX_POINT ( 'NONE', #3120 ) ;
#2877 = ORIENTED_EDGE ( 'NONE', *, *, #2652, .F. ) ;
#2878 = DIRECTION ( 'NONE',  ( -1.000000000000000000, 0.000000000000000000, 0.000000000000000000 ) ) ;
#2879 = CARTESIAN_POINT ( 'NONE',  ( -43.29999999999999005, 45.00000000000000000, 0.000000000000000000 ) ) ;
#2880 = VECTOR ( 'NONE', #2651, 1000.000000000000000 ) ;
#2881 = CARTESIAN_POINT ( 'NONE',  ( -49.99999999999999289, 40.00000000000000711, 11.66025403784441217 ) ) ;
#2882 = CARTESIAN_POINT ( 'NONE',  ( -26.73205080756886076, 46.99999999999999289, 4.000000000000000000 ) ) ;
#2883 = DIRECTION ( 'NONE',  ( 0.000000000000000000, 0.000000000000000000, 1.000000000000000000 ) ) ;
#2884 = CARTESIAN_POINT ( 'NONE',  ( 1.750000000000001332, 34.54999999999999716, 3.000000000000000000 ) ) ;
#2885 = FACE_OUTER_BOUND ( 'NONE', #3308, .T. ) ;
#2886 = VERTEX_POINT ( 'NONE', #535 ) ;
#2887 = EDGE_CURVE ( 'NONE', #851, #2574, #717, .T. ) ;
#2888 = VERTEX_POINT ( 'NONE', #340 ) ;
#2889 = CARTESIAN_POINT ( 'NONE',  ( 46.99999999999998579, -3.469446951953614189E-15, 9.500000000000000000 ) ) ;
#2890 = ORIENTED_EDGE ( 'NONE', *, *, #199, .F. ) ;
#2891 = ORIENTED_EDGE ( 'NONE', *, *, #897, .T. ) ;
#2892 = CARTESIAN_POINT ( 'NONE',  ( -39.80937756084141199, -46.99999999999999289, 11.55019812128262480 ) ) ;
#2893 = ADVANCED_FACE ( 'NONE', ( #74 ), #2342, .F. ) ;
#2894 = EDGE_CURVE ( 'NONE', #660, #1969, #2466, .T. ) ;
#2895 = EDGE_LOOP ( 'NONE', ( #141, #848, #882, #469 ) ) ;
#2896 = DIRECTION ( 'NONE',  ( -1.000000000000000000, 0.000000000000000000, 0.000000000000000000 ) ) ;
#2897 = DIRECTION ( 'NONE',  ( 1.000000000000000000, -0.000000000000000000, 0.000000000000000000 ) ) ;
#2898 = EDGE_CURVE ( 'NONE', #1113, #604, #2601, .T. ) ;
#2899 = APPROVAL_PERSON_ORGANIZATION ( #2463, #2991, #1990 ) ;
#2900 = DIRECTION ( 'NONE',  ( 1.000000000000000000, 0.000000000000000000, 0.000000000000000000 ) ) ;
#2901 = DIRECTION ( 'NONE',  ( -0.000000000000000000, 1.000000000000000000, 0.000000000000000000 ) ) ;
#2902 = CARTESIAN_POINT ( 'NONE',  ( 46.63501543682534134, 40.54297146959190457, 12.27843401742253526 ) ) ;
#2903 = ORIENTED_EDGE ( 'NONE', *, *, #3296, .T. ) ;
#2904 = CARTESIAN_POINT ( 'NONE',  ( -39.75304923404037538, -46.00000000000002842, 3.000000000000000000 ) ) ;
#2905 = AXIS2_PLACEMENT_3D ( 'NONE', #1105, #3209, #1686 ) ;
#2906 = ORIENTED_EDGE ( 'NONE', *, *, #377, .F. ) ;
#2907 = CARTESIAN_POINT ( 'NONE',  ( 45.99999999999998579, 39.75304923404026880, 4.000000000000000000 ) ) ;
#2908 = DIRECTION ( 'NONE',  ( -1.000000000000000000, 0.000000000000000000, 6.938893903907222067E-14 ) ) ;
#2909 = AXIS2_PLACEMENT_3D ( 'NONE', #99, #1906, #2071 ) ;
#2910 = VECTOR ( 'NONE', #601, 1000.000000000000000 ) ;
#2911 = VERTEX_POINT ( 'NONE', #2427 ) ;
#2912 = DIRECTION ( 'NONE',  ( -0.000000000000000000, -0.000000000000000000, -1.000000000000000000 ) ) ;
#2913 = EDGE_CURVE ( 'NONE', #1879, #1776, #2549, .T. ) ;
#2914 = AXIS2_PLACEMENT_3D ( 'NONE', #973, #3285, #2792 ) ;
#2915 = DIRECTION ( 'NONE',  ( -1.000000000000000000, 0.000000000000000000, 0.000000000000000000 ) ) ;
#2916 = AXIS2_PLACEMENT_3D ( 'NONE', #564, #1606, #2837 ) ;
#2917 = CIRCLE ( 'NONE', #662, 2.999999999999995559 ) ;
#2918 = AXIS2_PLACEMENT_3D ( 'NONE', #3058, #742, #238 ) ;
#2919 = CARTESIAN_POINT ( 'NONE',  ( 40.68459021276398602, 46.36363636363636687, 4.000000000000000000 ) ) ;
#2920 = LINE ( 'NONE', #880, #2339 ) ;
#2921 = CYLINDRICAL_SURFACE ( 'NONE', #1308, 10.00000000000000178 ) ;
#2922 = EDGE_LOOP ( 'NONE', ( #677, #1143 ) ) ;
#2923 = ADVANCED_FACE ( 'NONE', ( #664 ), #2736, .F. ) ;
#2924 = VERTEX_POINT ( 'NONE', #1964 ) ;
#2925 = CARTESIAN_POINT ( 'NONE',  ( 40.68459021276398602, 46.36363636363636687, 12.67237748502030925 ) ) ;
#2926 = VERTEX_POINT ( 'NONE', #2180 ) ;
#2927 = CARTESIAN_POINT ( 'NONE',  ( -39.75304923404039670, -45.99999999999998579, 4.000000000000000000 ) ) ;
#2928 = CARTESIAN_POINT ( 'NONE',  ( 39.92103330537754147, 46.98578970971347957, 11.61466259544713253 ) ) ;
#2929 = EDGE_LOOP ( 'NONE', ( #1894, #1683, #1597, #1377, #1758, #1463, #1866, #3249, #1877, #142, #1295, #2415 ) ) ;
#2930 = DIRECTION ( 'NONE',  ( -1.000000000000000000, 0.000000000000000000, 0.000000000000000000 ) ) ;
#2931 = CARTESIAN_POINT ( 'NONE',  ( -39.75304923404038959, -46.99999999999999289, 11.51767694664105512 ) ) ;
#2932 =( BOUNDED_CURVE ( )  B_SPLINE_CURVE ( 3, ( #589, #3173, #644, #106 ),
 .UNSPECIFIED., .F., .T. ) 
 B_SPLINE_CURVE_WITH_KNOTS ( ( 4, 4 ),
 ( 0.000000000000000000, 1.570796326794896558 ),
 .UNSPECIFIED. ) 
 CURVE ( )  GEOMETRIC_REPRESENTATION_ITEM ( )  RATIONAL_B_SPLINE_CURVE ( ( 1.000000000000000000, 0.8047378541243649375, 0.8047378541243649375, 1.000000000000000000 ) ) 
 REPRESENTATION_ITEM ( '' )  );
#2933 = VECTOR ( 'NONE', #103, 1000.000000000000114 ) ;
#2934 = DIRECTION ( 'NONE',  ( -0.000000000000000000, -0.000000000000000000, -1.000000000000000000 ) ) ;
#2935 = EDGE_CURVE ( 'NONE', #2081, #3320, #1136, .T. ) ;
#2936 = CARTESIAN_POINT ( 'NONE',  ( 0.7939140440247917097, 32.99044862518087484, 0.000000000000000000 ) ) ;
#2937 = DIRECTION ( 'NONE',  ( -0.000000000000000000, -0.000000000000000000, -1.000000000000000000 ) ) ;
#2938 = AXIS2_PLACEMENT_3D ( 'NONE', #2016, #228, #2277 ) ;
#2939 = ORIENTED_EDGE ( 'NONE', *, *, #626, .F. ) ;
#2940 = EDGE_LOOP ( 'NONE', ( #1127, #1478, #71, #1216 ) ) ;
#2941 = ORIENTED_EDGE ( 'NONE', *, *, #303, .F. ) ;
#2942 = EDGE_CURVE ( 'NONE', #604, #1113, #603, .T. ) ;
#2943 = DIRECTION ( 'NONE',  ( -1.000000000000000000, 0.000000000000000000, 0.000000000000000000 ) ) ;
#2944 = VERTEX_POINT ( 'NONE', #2142 ) ;
#2945 = CARTESIAN_POINT ( 'NONE',  ( 49.99999999999998579, 39.49999999999999289, 11.37157890324959730 ) ) ;
#2946 = EDGE_CURVE ( 'NONE', #2784, #200, #642, .T. ) ;
#2947 = CARTESIAN_POINT ( 'NONE',  ( 49.80000000000002558, -50.00000000000000000, 0.000000000000000000 ) ) ;
#2948 = ADVANCED_FACE ( 'NONE', ( #932 ), #1172, .F. ) ;
#2949 = ORIENTED_EDGE ( 'NONE', *, *, #494, .F. ) ;
#2950 = CARTESIAN_POINT ( 'NONE',  ( -45.99999999999998579, -39.75304923404026880, 4.000000000000000000 ) ) ;
#2951 = PLANE ( 'NONE',  #70 ) ;
#2952 = CARTESIAN_POINT ( 'NONE',  ( -39.75304923404038959, 46.99999999999999289, 11.51767694664105512 ) ) ;
#2953 = CARTESIAN_POINT ( 'NONE',  ( -49.99999999999998579, -49.99999999999999289, 19.00000000000000000 ) ) ;
#2954 = DIRECTION ( 'NONE',  ( -0.5773502691896257311, -0.5773502691896257311, -0.5773502691896257311 ) ) ;
#2955 = ORIENTED_EDGE ( 'NONE', *, *, #574, .T. ) ;
#2956 =( BOUNDED_CURVE ( )  B_SPLINE_CURVE ( 3, ( #852, #1937, #1133, #874 ),
 .UNSPECIFIED., .F., .F. ) 
 B_SPLINE_CURVE_WITH_KNOTS ( ( 4, 4 ),
 ( 2.769424119629467551, 3.141592653589793116 ),
 .UNSPECIFIED. ) 
 CURVE ( )  GEOMETRIC_REPRESENTATION_ITEM ( )  RATIONAL_B_SPLINE_CURVE ( ( 1.000000000000000000, 0.9884908171532500454, 0.9884908171532500454, 1.000000000000000000 ) ) 
 REPRESENTATION_ITEM ( '' )  );
#2957 = ORIENTED_EDGE ( 'NONE', *, *, #2098, .T. ) ;
#2958 = ORIENTED_EDGE ( 'NONE', *, *, #2130, .F. ) ;
#2959 = SPHERICAL_SURFACE ( 'NONE', #784, 1.000000000000000000 ) ;
#2960 = FACE_OUTER_BOUND ( 'NONE', #631, .T. ) ;
#2961 = ORIENTED_EDGE ( 'NONE', *, *, #308, .F. ) ;
#2962 = CARTESIAN_POINT ( 'NONE',  ( 45.99999999999998579, 39.75304923404039670, 4.000000000000000000 ) ) ;
#2963 = CARTESIAN_POINT ( 'NONE',  ( 39.75304923404038249, 46.99999999999999289, 11.51767694664105157 ) ) ;
#2964 = ADVANCED_FACE ( 'NONE', ( #2699 ), #122, .F. ) ;
#2965 = ORIENTED_EDGE ( 'NONE', *, *, #209, .T. ) ;
#2966 = CIRCLE ( 'NONE', #3126, 2.999999999999995559 ) ;
#2967 = DIRECTION ( 'NONE',  ( 0.000000000000000000, 0.000000000000000000, 1.000000000000000000 ) ) ;
#2968 = DIRECTION ( 'NONE',  ( -1.000000000000000000, 0.000000000000000000, 0.000000000000000000 ) ) ;
#2969 = CIRCLE ( 'NONE', #3186, 11.00000000000000355 ) ;
#2970 = CIRCLE ( 'NONE', #2107, 2.999999999999995559 ) ;
#2971 = DIRECTION ( 'NONE',  ( 0.8660254037844380415, 0.000000000000000000, 0.5000000000000012212 ) ) ;
#2972 = CIRCLE ( 'NONE', #2496, 32.99999999999998579 ) ;
#2973 = PLANE ( 'NONE',  #1972 ) ;
#2974 = CARTESIAN_POINT ( 'NONE',  ( -46.00000000000002842, 39.75304923404038249, 4.000000000000000000 ) ) ;
#2975 = VERTEX_POINT ( 'NONE', #1407 ) ;
#2976 = AXIS2_PLACEMENT_3D ( 'NONE', #1863, #2135, #566 ) ;
#2977 = CIRCLE ( 'NONE', #1312, 2.999999999999995559 ) ;
#2978 = EDGE_CURVE ( 'NONE', #2032, #3011, #2545, .T. ) ;
#2979 = ORIENTED_EDGE ( 'NONE', *, *, #630, .T. ) ;
#2980 = CARTESIAN_POINT ( 'NONE',  ( -46.93444590256522986, 40.12111050360916664, 11.75104600164131874 ) ) ;
#2981 = AXIS2_PLACEMENT_3D ( 'NONE', #2253, #963, #3021 ) ;
#2982 = DIRECTION ( 'NONE',  ( -0.000000000000000000, -0.8660254037844379305, -0.5000000000000011102 ) ) ;
#2983 = DIRECTION ( 'NONE',  ( -0.000000000000000000, -0.000000000000000000, 1.000000000000000000 ) ) ;
#2984 = DATE_TIME_ROLE ( 'classification_date' ) ;
#2985 = ORIENTED_EDGE ( 'NONE', *, *, #1436, .T. ) ;
#2986 = FACE_OUTER_BOUND ( 'NONE', #866, .T. ) ;
#2987 = CARTESIAN_POINT ( 'NONE',  ( 50.00000000000000000, 49.80000000000001847, 0.000000000000000000 ) ) ;
#2988 = LINE ( 'NONE', #3023, #543 ) ;
#2989 = CARTESIAN_POINT ( 'NONE',  ( 46.80009278612325829, -40.35857107250196663, 12.00442985247854466 ) ) ;
#2990 = DIRECTION ( 'NONE',  ( -0.000000000000000000, -0.000000000000000000, -1.000000000000000000 ) ) ;
#2991 = APPROVAL ( #3036, 'UNSPECIFIED' ) ;
#2992 = ORIENTED_EDGE ( 'NONE', *, *, #2654, .T. ) ;
#2993 = AXIS2_PLACEMENT_3D ( 'NONE', #1334, #759, #1816 ) ;
#2994 = ORIENTED_EDGE ( 'NONE', *, *, #2721, .T. ) ;
#2995 = CARTESIAN_POINT ( 'NONE',  ( 0.000000000000000000, 0.000000000000000000, 3.000000000000000000 ) ) ;
#2996 = CARTESIAN_POINT ( 'NONE',  ( 39.99999999999998579, -48.75123481346430054, 12.23760430703642399 ) ) ;
#2997 = AXIS2_PLACEMENT_3D ( 'NONE', #3047, #734, #1777 ) ;
#2998 = CARTESIAN_POINT ( 'NONE',  ( -49.99999999999998579, -50.00000000000000000, 0.1999999999999779732 ) ) ;
#2999 = CARTESIAN_POINT ( 'NONE',  ( -49.99999999999998579, 49.99999999999999289, 0.1999999999999779732 ) ) ;
#3000 = COORDINATED_UNIVERSAL_TIME_OFFSET ( 3, 0, .BEHIND. ) ;
#3001 = ORIENTED_EDGE ( 'NONE', *, *, #1507, .F. ) ;
#3002 = DIRECTION ( 'NONE',  ( -1.000000000000000000, 0.000000000000000000, 0.000000000000000000 ) ) ;
#3003 = LINE ( 'NONE', #1527, #1367 ) ;
#3004 = EDGE_CURVE ( 'NONE', #2188, #1063, #2195, .T. ) ;
#3005 = EDGE_CURVE ( 'NONE', #3129, #3176, #2439, .T. ) ;
#3006 = FACE_OUTER_BOUND ( 'NONE', #1710, .T. ) ;
#3007 = CARTESIAN_POINT ( 'NONE',  ( 46.99525197138110855, 39.86550542045173273, 11.58260355613767700 ) ) ;
#3008 = CARTESIAN_POINT ( 'NONE',  ( 40.68459021276398602, 46.36363636363636687, -11.14213562373095634 ) ) ;
#3009 = AXIS2_PLACEMENT_3D ( 'NONE', #2743, #942, #3231 ) ;
#3010 = B_SPLINE_CURVE_WITH_KNOTS ( 'NONE', 3,
 ( #2170, #1677, #2711, #2688, #2438, #2980, #1165, #3215 ),
 .UNSPECIFIED., .F., .F.,
 ( 4, 2, 2, 4 ),
 ( -6.396301417865844298E-06, 0.0007370320292918185233, 0.001108746194646660632, 0.001480460360001502849 ),
 .UNSPECIFIED. ) ;
#3011 = VERTEX_POINT ( 'NONE', #607 ) ;
#3012 = ORIENTED_EDGE ( 'NONE', *, *, #1960, .T. ) ;
#3013 = LINE ( 'NONE', #3061, #2729 ) ;
#3014 = VECTOR ( 'NONE', #789, 1000.000000000000000 ) ;
#3015 = DIRECTION ( 'NONE',  ( -1.000000000000000000, 0.000000000000000000, 0.000000000000000000 ) ) ;
#3016 = CARTESIAN_POINT ( 'NONE',  ( 46.98578970971346536, 39.92103330537754857, 11.61466259544712898 ) ) ;
#3017 = CALENDAR_DATE ( 2026, 27, 7 ) ;
#3018 = ADVANCED_FACE ( 'NONE', ( #1186 ), #2951, .F. ) ;
#3019 = VERTEX_POINT ( 'NONE', #411 ) ;
#3020 = DIRECTION ( 'NONE',  ( 0.7071067811865475727, 0.000000000000000000, -0.7071067811865475727 ) ) ;
#3021 = DIRECTION ( 'NONE',  ( -1.000000000000000000, 0.000000000000000000, 0.000000000000000000 ) ) ;
#3022 = EDGE_CURVE ( 'NONE', #2497, #3245, #2055, .T. ) ;
#3023 = CARTESIAN_POINT ( 'NONE',  ( 43.29999999999999005, -45.00000000000000000, 0.000000000000000000 ) ) ;
#3024 = DIRECTION ( 'NONE',  ( -1.000000000000000000, 0.000000000000000000, 0.000000000000000000 ) ) ;
#3025 = LINE ( 'NONE', #3008, #1204 ) ;
#3026 = AXIS2_PLACEMENT_3D ( 'NONE', #2531, #220, #3041 ) ;
#3027 = ORIENTED_EDGE ( 'NONE', *, *, #2619, .T. ) ;
#3028 = AXIS2_PLACEMENT_3D ( 'NONE', #530, #2083, #1079 ) ;
#3029 = ORIENTED_EDGE ( 'NONE', *, *, #2759, .T. ) ;
#3030 = PLANE ( 'NONE',  #244 ) ;
#3031 = CIRCLE ( 'NONE', #820, 1.000000000000000000 ) ;
#3032 = EDGE_CURVE ( 'NONE', #2081, #2323, #2211, .T. ) ;
#3033 = EDGE_LOOP ( 'NONE', ( #1455, #279, #582 ) ) ;
#3034 = AXIS2_PLACEMENT_3D ( 'NONE', #3237, #859, #2915 ) ;
#3035 = CARTESIAN_POINT ( 'NONE',  ( 0.000000000000000000, 24.99999999999999289, 3.000000000000000000 ) ) ;
#3036 = APPROVAL_STATUS ( 'not_yet_approved' ) ;
#3037 = VERTEX_POINT ( 'NONE', #2931 ) ;
#3038 = DIRECTION ( 'NONE',  ( -1.000000000000000000, 0.000000000000000000, 0.000000000000000000 ) ) ;
#3039 = DIRECTION ( 'NONE',  ( 0.3636363636363655338, 0.9315409787235990891, 0.000000000000000000 ) ) ;
#3040 = EDGE_CURVE ( 'NONE', #2586, #2822, #216, .T. ) ;
#3041 = DIRECTION ( 'NONE',  ( -1.000000000000000000, 0.000000000000000000, 0.000000000000000000 ) ) ;
#3042 = DIRECTION ( 'NONE',  ( 0.000000000000000000, 0.000000000000000000, 1.000000000000000000 ) ) ;
#3043 = CARTESIAN_POINT ( 'NONE',  ( -40.23601823372718655, 47.50515990990489001, 12.38749601688636837 ) ) ;
#3044 = EDGE_LOOP ( 'NONE', ( #533, #1330, #2546 ) ) ;
#3045 = ADVANCED_FACE ( 'NONE', ( #710 ), #3310, .F. ) ;
#3046 = VERTEX_POINT ( 'NONE', #696 ) ;
#3047 = CARTESIAN_POINT ( 'NONE',  ( -45.99999999999998579, -3.469446951953614189E-15, 4.000000000000000000 ) ) ;
#3048 = EDGE_CURVE ( 'NONE', #3112, #929, #449, .T. ) ;
#3049 = ORIENTED_EDGE ( 'NONE', *, *, #2207, .F. ) ;
#3050 = CARTESIAN_POINT ( 'NONE',  ( -39.75304923404038249, 47.00000000000000000, 4.000000000000000000 ) ) ;
#3051 = EDGE_CURVE ( 'NONE', #2169, #338, #3322, .T. ) ;
#3052 = EDGE_CURVE ( 'NONE', #2169, #1432, #1591, .T. ) ;
#3053 = ORIENTED_EDGE ( 'NONE', *, *, #2294, .T. ) ;
#3054 = CARTESIAN_POINT ( 'NONE',  ( -47.99999999999997868, 45.00000000000000000, 3.851859888774471706E-31 ) ) ;
#3055 = DIRECTION ( 'NONE',  ( -1.000000000000000000, 0.000000000000000000, 0.000000000000000000 ) ) ;
#3056 = DIRECTION ( 'NONE',  ( -0.000000000000000000, -0.000000000000000000, 1.000000000000000000 ) ) ;
#3057 = CARTESIAN_POINT ( 'NONE',  ( 39.49999999999997868, -48.97896378213694391, 11.37157890324959908 ) ) ;
#3058 = CARTESIAN_POINT ( 'NONE',  ( 24.99999999999998579, 49.99999999999999289, 3.000000000000000000 ) ) ;
#3059 = ORIENTED_EDGE ( 'NONE', *, *, #1470, .F. ) ;
#3060 = ORIENTED_EDGE ( 'NONE', *, *, #655, .T. ) ;
#3061 = CARTESIAN_POINT ( 'NONE',  ( 46.99999999999998579, 39.99999999999999289, 11.66025403784441039 ) ) ;
#3062 = ORIENTED_EDGE ( 'NONE', *, *, #2246, .T. ) ;
#3063 = LINE ( 'NONE', #3035, #1748 ) ;
#3064 =( BOUNDED_CURVE ( )  B_SPLINE_CURVE ( 3, ( #1118, #656, #1183, #1403 ),
 .UNSPECIFIED., .F., .F. ) 
 B_SPLINE_CURVE_WITH_KNOTS ( ( 4, 4 ),
 ( 1.570796326794900555, 3.141592653589793116 ),
 .UNSPECIFIED. ) 
 CURVE ( )  GEOMETRIC_REPRESENTATION_ITEM ( )  RATIONAL_B_SPLINE_CURVE ( ( 1.000000000000000000, 0.8047378541243658256, 0.8047378541243658256, 1.000000000000000000 ) ) 
 REPRESENTATION_ITEM ( '' )  );
#3065 = EDGE_LOOP ( 'NONE', ( #314, #889 ) ) ;
#3066 = DIRECTION ( 'NONE',  ( -0.9315409787235990891, 0.3636363636363655338, 0.000000000000000000 ) ) ;
#3067 = DIRECTION ( 'NONE',  ( 0.000000000000000000, 1.000000000000000000, 0.000000000000000000 ) ) ;
#3068 = ADVANCED_FACE ( 'NONE', ( #995, #1459 ), #1752, .T. ) ;
#3069 = LINE ( 'NONE', #1833, #440 ) ;
#3070 = FACE_OUTER_BOUND ( 'NONE', #2734, .T. ) ;
#3071 = DIRECTION ( 'NONE',  ( -1.000000000000000000, 0.000000000000000000, 0.000000000000000000 ) ) ;
#3072 = ORIENTED_EDGE ( 'NONE', *, *, #721, .F. ) ;
#3073 = AXIS2_PLACEMENT_3D ( 'NONE', #2621, #3141, #2380 ) ;
#3074 = DIRECTION ( 'NONE',  ( 1.000000000000000000, 0.000000000000000000, 0.000000000000000000 ) ) ;
#3075 = CARTESIAN_POINT ( 'NONE',  ( -46.99999999999998579, -24.99999999999999645, 4.000000000000000000 ) ) ;
#3076 = DIRECTION ( 'NONE',  ( 0.000000000000000000, 0.000000000000000000, 1.000000000000000000 ) ) ;
#3077 = CIRCLE ( 'NONE', #3026, 11.00000000000000355 ) ;
#3078 = CIRCLE ( 'NONE', #2492, 1.000000000000000888 ) ;
#3079 = EDGE_CURVE ( 'NONE', #239, #2778, #1771, .T. ) ;
#3080 = CARTESIAN_POINT ( 'NONE',  ( 40.68459021276399312, -46.36363636363635266, 12.67237748502031458 ) ) ;
#3081 = AXIS2_PLACEMENT_3D ( 'NONE', #1, #1546, #2566 ) ;
#3082 = VECTOR ( 'NONE', #1822, 1000.000000000000000 ) ;
#3083 = VECTOR ( 'NONE', #2521, 1000.000000000000000 ) ;
#3084 = ORIENTED_EDGE ( 'NONE', *, *, #3022, .F. ) ;
#3085 = DIRECTION ( 'NONE',  ( 0.000000000000000000, 0.000000000000000000, -1.000000000000000000 ) ) ;
#3086 = DIRECTION ( 'NONE',  ( -0.000000000000000000, -0.000000000000000000, -1.000000000000000000 ) ) ;
#3087 = CARTESIAN_POINT ( 'NONE',  ( -44.99999999999998579, 45.00000000000000000, 0.000000000000000000 ) ) ;
#3088 = LINE ( 'NONE', #1835, #1904 ) ;
#3089 = EDGE_LOOP ( 'NONE', ( #399, #2136 ) ) ;
#3090 = CYLINDRICAL_SURFACE ( 'NONE', #2001, 10.00000000000000178 ) ;
#3091 = CARTESIAN_POINT ( 'NONE',  ( -45.99999999999998579, 39.75304923404039670, 4.000000000000000000 ) ) ;
#3092 = LINE ( 'NONE', #438, #445 ) ;
#3093 = ORIENTED_EDGE ( 'NONE', *, *, #1960, .F. ) ;
#3094 = EDGE_CURVE ( 'NONE', #239, #745, #3306, .T. ) ;
#3095 = FACE_OUTER_BOUND ( 'NONE', #2100, .T. ) ;
#3096 = ORIENTED_EDGE ( 'NONE', *, *, #1436, .F. ) ;
#3097 = VECTOR ( 'NONE', #1653, 1000.000000000000000 ) ;
#3098 = VERTEX_POINT ( 'NONE', #2548 ) ;
#3099 = DIRECTION ( 'NONE',  ( 1.000000000000000000, 0.000000000000000000, 0.000000000000000000 ) ) ;
#3100 = VECTOR ( 'NONE', #2029, 1000.000000000000000 ) ;
#3101 = DIRECTION ( 'NONE',  ( -1.000000000000000000, 0.000000000000000000, 0.000000000000000000 ) ) ;
#3102 = CARTESIAN_POINT ( 'NONE',  ( 39.92103330537754147, 46.98578970971347957, 11.61466259544713253 ) ) ;
#3103 = ORIENTED_EDGE ( 'NONE', *, *, #2978, .T. ) ;
#3104 = CARTESIAN_POINT ( 'NONE',  ( 32.50000000000000711, -2.958791806678330146E-15, 3.000000000000000000 ) ) ;
#3105 = FACE_OUTER_BOUND ( 'NONE', #2567, .T. ) ;
#3106 = CARTESIAN_POINT ( 'NONE',  ( -48.70954640344172759, -40.00000000000000711, 11.66025403784917636 ) ) ;
#3107 = CARTESIAN_POINT ( 'NONE',  ( 46.22670176016715260, 40.73836990026430271, 12.08655209852352641 ) ) ;
#3108 = ADVANCED_FACE ( 'NONE', ( #170, #2285, #1235, #1220, #1510, #442 ), #3260, .T. ) ;
#3109 = DIRECTION ( 'NONE',  ( 1.588892204119468144E-27, 1.000000000000000000, 2.081668171172168513E-14 ) ) ;
#3110 = EDGE_LOOP ( 'NONE', ( #2166, #288, #1557 ) ) ;
#3111 = CARTESIAN_POINT ( 'NONE',  ( -39.99999999999998579, -49.99999999999999289, 12.23760430703404012 ) ) ;
#3112 = VERTEX_POINT ( 'NONE', #2483 ) ;
#3113 = VERTEX_POINT ( 'NONE', #3290 ) ;
#3114 = EDGE_CURVE ( 'NONE', #2926, #2570, #3003, .T. ) ;
#3115 = FACE_OUTER_BOUND ( 'NONE', #2015, .T. ) ;
#3116 = CARTESIAN_POINT ( 'NONE',  ( -49.99999999999998579, -39.99999999999999289, -11.14213562373095634 ) ) ;
#3117 = EDGE_CURVE ( 'NONE', #273, #379, #2240, .T. ) ;
#3118 = FACE_OUTER_BOUND ( 'NONE', #2491, .T. ) ;
#3119 = DIRECTION ( 'NONE',  ( -1.000000000000000000, 0.000000000000000000, -6.938893903907222067E-14 ) ) ;
#3120 = CARTESIAN_POINT ( 'NONE',  ( -41.99999999999998579, 45.00000000000000000, 2.399999999999999467 ) ) ;
#3121 = VERTEX_POINT ( 'NONE', #1796 ) ;
#3122 = DIRECTION ( 'NONE',  ( 1.000000000000000000, 0.000000000000000000, 0.000000000000000000 ) ) ;
#3123 = CARTESIAN_POINT ( 'NONE',  ( 48.62638319939128451, 39.49999999999232614, 11.37157890324517417 ) ) ;
#3124 = CARTESIAN_POINT ( 'NONE',  ( 6.938893903907228378E-15, -6.938893903907228378E-15, 0.000000000000000000 ) ) ;
#3125 = ORIENTED_EDGE ( 'NONE', *, *, #856, .T. ) ;
#3126 = AXIS2_PLACEMENT_3D ( 'NONE', #2143, #1157, #627 ) ;
#3127 = CARTESIAN_POINT ( 'NONE',  ( -1.750000000000000888, 34.54999999999999716, 3.000000000000000000 ) ) ;
#3128 = AXIS2_PLACEMENT_3D ( 'NONE', #2829, #514, #2692 ) ;
#3129 = VERTEX_POINT ( 'NONE', #428 ) ;
#3130 = AXIS2_PLACEMENT_3D ( 'NONE', #1268, #751, #1543 ) ;
#3131 = ORIENTED_EDGE ( 'NONE', *, *, #3146, .T. ) ;
#3132 = CARTESIAN_POINT ( 'NONE',  ( 32.99999999999999289, -2.897559466720964150E-15, 0.000000000000000000 ) ) ;
#3133 = CARTESIAN_POINT ( 'NONE',  ( -29.92117770075224215, -17.27500000000016556, 3.000000000000000000 ) ) ;
#3134 = AXIS2_PLACEMENT_3D ( 'NONE', #2974, #1393, #916 ) ;
#3135 = AXIS2_PLACEMENT_3D ( 'NONE', #2159, #1913, #1372 ) ;
#3136 = CARTESIAN_POINT ( 'NONE',  ( -49.99999999999998579, 39.99999999999999289, 12.23760430703403301 ) ) ;
#3137 = EDGE_CURVE ( 'NONE', #762, #2363, #1734, .T. ) ;
#3138 = FACE_OUTER_BOUND ( 'NONE', #2110, .T. ) ;
#3139 = ORIENTED_EDGE ( 'NONE', *, *, #574, .F. ) ;
#3140 = ADVANCED_FACE ( 'NONE', ( #3275 ), #1497, .F. ) ;
#3141 = DIRECTION ( 'NONE',  ( -1.000000000000000000, 0.000000000000000000, 0.000000000000000000 ) ) ;
#3142 = DIRECTION ( 'NONE',  ( -1.000000000000000000, 0.000000000000000000, 0.000000000000000000 ) ) ;
#3143 = CARTESIAN_POINT ( 'NONE',  ( -41.99999999999998579, 45.00000000000000000, 3.851859888774471706E-31 ) ) ;
#3144 = EDGE_LOOP ( 'NONE', ( #1626, #474, #451, #2333 ) ) ;
#3145 = DIRECTION ( 'NONE',  ( -1.000000000000000000, 0.000000000000000000, 0.000000000000000000 ) ) ;
#3146 = EDGE_CURVE ( 'NONE', #2784, #2740, #539, .T. ) ;
#3147 = ORIENTED_EDGE ( 'NONE', *, *, #1611, .F. ) ;
#3148 = EDGE_CURVE ( 'NONE', #2400, #579, #2009, .T. ) ;
#3149 = ORIENTED_EDGE ( 'NONE', *, *, #2827, .F. ) ;
#3150 = LINE ( 'NONE', #2641, #1857 ) ;
#3151 = CARTESIAN_POINT ( 'NONE',  ( 40.73836990026428850, 46.22670176016715970, 12.08655209852353174 ) ) ;
#3152 = AXIS2_PLACEMENT_3D ( 'NONE', #89, #606, #2930 ) ;
#3153 = CIRCLE ( 'NONE', #509, 1.750000000000001554 ) ;
#3154 = EDGE_LOOP ( 'NONE', ( #100, #970, #2841, #2151, #2851 ) ) ;
#3155 = CARTESIAN_POINT ( 'NONE',  ( 2.020667218593142123E-16, 34.54999999999999716, 3.000000000000000000 ) ) ;
#3156 = CARTESIAN_POINT ( 'NONE',  ( -24.99999999999998579, -45.99999999999998579, 3.000000000000000000 ) ) ;
#3157 = CARTESIAN_POINT ( 'NONE',  ( -24.99999999999998579, -49.99999999999999289, 3.000000000000000000 ) ) ;
#3158 = LINE ( 'NONE', #2853, #1770 ) ;
#3159 = CARTESIAN_POINT ( 'NONE',  ( 46.85049095398670005, 40.28720628722638963, 11.91564002599566940 ) ) ;
#3160 = ORIENTED_EDGE ( 'NONE', *, *, #2894, .T. ) ;
#3161 = ORIENTED_EDGE ( 'NONE', *, *, #20, .F. ) ;
#3162 = CARTESIAN_POINT ( 'NONE',  ( -40.25567202918553278, -47.41285790904453279, 11.80786635271618934 ) ) ;
#3163 = ORIENTED_EDGE ( 'NONE', *, *, #105, .T. ) ;
#3164 = ORIENTED_EDGE ( 'NONE', *, *, #655, .F. ) ;
#3165 = CARTESIAN_POINT ( 'NONE',  ( 0.000000000000000000, 24.99999999999999289, 3.000000000000000000 ) ) ;
#3166 = CARTESIAN_POINT ( 'NONE',  ( -28.20184422243528743, -16.92050786314111477, 0.1118631292929103682 ) ) ;
#3167 = ORIENTED_EDGE ( 'NONE', *, *, #3291, .F. ) ;
#3168 = DIRECTION ( 'NONE',  ( -1.000000000000000000, 0.000000000000000000, 0.000000000000000000 ) ) ;
#3169 = DIRECTION ( 'NONE',  ( -0.8660254037844380415, 0.000000000000000000, 0.5000000000000012212 ) ) ;
#3170 = ADVANCED_FACE ( 'NONE', ( #2830, #1318 ), #2320, .F. ) ;
#3171 =( BOUNDED_CURVE ( )  B_SPLINE_CURVE ( 3, ( #1724, #3007, #2738, #699 ),
 .UNSPECIFIED., .F., .T. ) 
 B_SPLINE_CURVE_WITH_KNOTS ( ( 4, 4 ),
 ( 1.402012004076383267, 1.570796326794896558 ),
 .UNSPECIFIED. ) 
 CURVE ( )  GEOMETRIC_REPRESENTATION_ITEM ( )  RATIONAL_B_SPLINE_CURVE ( ( 1.000000000000000000, 0.9976273963495188024, 0.9976273963495188024, 1.000000000000000000 ) ) 
 REPRESENTATION_ITEM ( '' )  );
#3172 = VECTOR ( 'NONE', #2444, 1000.000000000000000 ) ;
#3173 = CARTESIAN_POINT ( 'NONE',  ( -24.99999999999998224, -46.58578643762689353, 3.000000000000000000 ) ) ;
#3174 = CARTESIAN_POINT ( 'NONE',  ( 46.63502710881218150, -40.54296139631865259, 12.27841566319447786 ) ) ;
#3175 = LINE ( 'NONE', #1073, #278 ) ;
#3176 = VERTEX_POINT ( 'NONE', #2103 ) ;
#3177 = EDGE_LOOP ( 'NONE', ( #2261, #24, #2030 ) ) ;
#3178 = CARTESIAN_POINT ( 'NONE',  ( 40.23601823372717234, -47.50515990990491844, 12.38749601688644120 ) ) ;
#3179 = AXIS2_PLACEMENT_3D ( 'NONE', #1122, #845, #2900 ) ;
#3180 = DIRECTION ( 'NONE',  ( -0.000000000000000000, -0.000000000000000000, -1.000000000000000000 ) ) ;
#3181 = ORIENTED_EDGE ( 'NONE', *, *, #2639, .T. ) ;
#3182 = DIRECTION ( 'NONE',  ( -1.000000000000000000, 0.000000000000000000, 0.000000000000000000 ) ) ;
#3183 = CARTESIAN_POINT ( 'NONE',  ( -28.33470551220000289, -16.52264767051625682, 0.2001067915474763481 ) ) ;
#3184 = AXIS2_PLACEMENT_3D ( 'NONE', #983, #950, #1981 ) ;
#3185 = EDGE_CURVE ( 'NONE', #569, #2717, #1065, .T. ) ;
#3186 = AXIS2_PLACEMENT_3D ( 'NONE', #3289, #1979, #2796 ) ;
#3187 = VERTEX_POINT ( 'NONE', #497 ) ;
#3188 = CARTESIAN_POINT ( 'NONE',  ( 39.75304923404038249, 46.99999999999999289, 11.51767694664105157 ) ) ;
#3189 = VECTOR ( 'NONE', #453, 999.9999999999998863 ) ;
#3190 = DIRECTION ( 'NONE',  ( -0.000000000000000000, -0.000000000000000000, -1.000000000000000000 ) ) ;
#3191 = AXIS2_PLACEMENT_3D ( 'NONE', #766, #164, #2061 ) ;
#3192 = AXIS2_PLACEMENT_3D ( 'NONE', #90, #1670, #680 ) ;
#3193 = FACE_OUTER_BOUND ( 'NONE', #885, .T. ) ;
#3194 = CARTESIAN_POINT ( 'NONE',  ( -49.80000000000001137, 49.99999999999999289, 0.000000000000000000 ) ) ;
#3195 = DIRECTION ( 'NONE',  ( -0.000000000000000000, -0.000000000000000000, -1.000000000000000000 ) ) ;
#3196 = VERTEX_POINT ( 'NONE', #1560 ) ;
#3197 = ORIENTED_EDGE ( 'NONE', *, *, #2946, .F. ) ;
#3198 = VERTEX_POINT ( 'NONE', #2845 ) ;
#3199 = CARTESIAN_POINT ( 'NONE',  ( 24.99999999999998579, -46.99999999999999289, 3.000000000000000000 ) ) ;
#3200 = EDGE_CURVE ( 'NONE', #96, #1732, #68, .T. ) ;
#3201 = DIRECTION ( 'NONE',  ( 0.000000000000000000, 0.000000000000000000, 1.000000000000000000 ) ) ;
#3202 = VERTEX_POINT ( 'NONE', #2630 ) ;
#3203 = DIRECTION ( 'NONE',  ( -0.3636363636363655338, -0.9315409787235990891, 0.000000000000000000 ) ) ;
#3204 = CARTESIAN_POINT ( 'NONE',  ( 39.86550542045173273, 46.99525197138112986, 11.58260355613767878 ) ) ;
#3205 = EDGE_LOOP ( 'NONE', ( #2461, #132, #179, #2562 ) ) ;
#3206 = DIRECTION ( 'NONE',  ( -1.000000000000000000, -1.249000902703300098E-13, 0.000000000000000000 ) ) ;
#3207 = CARTESIAN_POINT ( 'NONE',  ( -44.99999999999998579, 45.00000000000000000, 2.399999999999999467 ) ) ;
#3208 = CIRCLE ( 'NONE', #3317, 10.00000000000000178 ) ;
#3209 = DIRECTION ( 'NONE',  ( 0.000000000000000000, 0.000000000000000000, 1.000000000000000000 ) ) ;
#3210 = DIRECTION ( 'NONE',  ( 0.000000000000000000, 0.000000000000000000, 1.000000000000000000 ) ) ;
#3211 = CARTESIAN_POINT ( 'NONE',  ( 44.99999999999997868, 45.00000000000000000, 3.851859888774471706E-31 ) ) ;
#3212 = VERTEX_POINT ( 'NONE', #2084 ) ;
#3213 = ORIENTED_EDGE ( 'NONE', *, *, #1961, .T. ) ;
#3214 = ORIENTED_EDGE ( 'NONE', *, *, #855, .T. ) ;
#3215 = CARTESIAN_POINT ( 'NONE',  ( -46.98578970971346536, 39.92103330537754857, 11.61466259544712898 ) ) ;
#3216 = EDGE_CURVE ( 'NONE', #3187, #109, #826, .T. ) ;
#3217 = DIRECTION ( 'NONE',  ( -0.000000000000000000, 1.000000000000000000, 0.000000000000000000 ) ) ;
#3218 = ORIENTED_EDGE ( 'NONE', *, *, #1766, .F. ) ;
#3219 = DIRECTION ( 'NONE',  ( -1.000000000000000000, 0.000000000000000000, 0.000000000000000000 ) ) ;
#3220 = ORIENTED_EDGE ( 'NONE', *, *, #2559, .F. ) ;
#3221 = LINE ( 'NONE', #1388, #2754 ) ;
#3222 = DIRECTION ( 'NONE',  ( 1.000000000000000000, -0.000000000000000000, 0.000000000000000000 ) ) ;
#3223 = EDGE_CURVE ( 'NONE', #2911, #1974, #1298, .T. ) ;
#3224 = LINE ( 'NONE', #879, #383 ) ;
#3225 = CARTESIAN_POINT ( 'NONE',  ( 0.1441734012349403515, 32.80010227067239725, 0.1998922728145886563 ) ) ;
#3226 = DIRECTION ( 'NONE',  ( -1.000000000000000000, 0.000000000000000000, 0.000000000000000000 ) ) ;
#3227 = VERTEX_POINT ( 'NONE', #19 ) ;
#3228 = AXIS2_PLACEMENT_3D ( 'NONE', #1909, #619, #1666 ) ;
#3229 = ORIENTED_EDGE ( 'NONE', *, *, #3303, .T. ) ;
#3230 = VERTEX_POINT ( 'NONE', #2337 ) ;
#3231 = DIRECTION ( 'NONE',  ( -1.000000000000000000, 0.000000000000000000, 0.000000000000000000 ) ) ;
#3232 = CARTESIAN_POINT ( 'NONE',  ( -46.98578970971346536, -39.92103330537754857, 11.61466259544712898 ) ) ;
#3233 = CARTESIAN_POINT ( 'NONE',  ( 47.25564274131379250, -39.75963308668298879, 11.52147813573655988 ) ) ;
#3234 = DIRECTION ( 'NONE',  ( -0.000000000000000000, -0.000000000000000000, -1.000000000000000000 ) ) ;
#3235 = EDGE_LOOP ( 'NONE', ( #1224, #2096, #2331, #1519, #2528, #3096 ) ) ;
#3236 = CARTESIAN_POINT ( 'NONE',  ( 46.00000000000002842, -39.75304923404038249, 3.000000000000000000 ) ) ;
#3237 = CARTESIAN_POINT ( 'NONE',  ( 6.938893903907228378E-15, -6.938893903907228378E-15, 0.000000000000000000 ) ) ;
#3238 = VECTOR ( 'NONE', #457, 1000.000000000000000 ) ;
#3239 = EDGE_CURVE ( 'NONE', #3298, #2497, #531, .T. ) ;
#3240 = VECTOR ( 'NONE', #2280, 1000.000000000000000 ) ;
#3241 = CARTESIAN_POINT ( 'NONE',  ( 24.99999999999998224, 46.58578643762690064, 3.000000000000000000 ) ) ;
#3242 = AXIS2_PLACEMENT_3D ( 'NONE', #127, #1688, #863 ) ;
#3243 = DIRECTION ( 'NONE',  ( 0.000000000000000000, 0.8660254037844379305, -0.5000000000000011102 ) ) ;
#3244 = LINE ( 'NONE', #2413, #2167 ) ;
#3245 = VERTEX_POINT ( 'NONE', #2123 ) ;
#3246 = AXIS2_PLACEMENT_3D ( 'NONE', #2889, #2386, #2637 ) ;
#3247 = CIRCLE ( 'NONE', #1800, 10.00000000000000178 ) ;
#3248 = ORIENTED_EDGE ( 'NONE', *, *, #1046, .T. ) ;
#3249 = ORIENTED_EDGE ( 'NONE', *, *, #2338, .F. ) ;
#3250 = FACE_OUTER_BOUND ( 'NONE', #1029, .T. ) ;
#3251 = AXIS2_PLACEMENT_3D ( 'NONE', #2599, #2580, #2370 ) ;
#3252 = FACE_OUTER_BOUND ( 'NONE', #639, .T. ) ;
#3253 = DIRECTION ( 'NONE',  ( -0.000000000000000000, -0.000000000000000000, -1.000000000000000000 ) ) ;
#3254 = ADVANCED_FACE ( 'NONE', ( #1848 ), #2616, .F. ) ;
#3255 = DATE_AND_TIME ( #3017, #2793 ) ;
#3256 = EDGE_CURVE ( 'NONE', #687, #2446, #2565, .T. ) ;
#3257 = ADVANCED_FACE ( 'NONE', ( #1544 ), #1333, .F. ) ;
#3258 = ORIENTED_EDGE ( 'NONE', *, *, #232, .F. ) ;
#3259 = DIRECTION ( 'NONE',  ( 0.000000000000000000, 0.000000000000000000, 1.000000000000000000 ) ) ;
#3260 = PLANE ( 'NONE',  #2814 ) ;
#3261 = PLANE ( 'NONE',  #756 ) ;
#3262 = PLANE ( 'NONE',  #1270 ) ;
#3263 = LINE ( 'NONE', #1304, #2324 ) ;
#3264 = ORIENTED_EDGE ( 'NONE', *, *, #556, .F. ) ;
#3265 = VECTOR ( 'NONE', #2304, 1000.000000000000000 ) ;
#3266 = ORIENTED_EDGE ( 'NONE', *, *, #2445, .T. ) ;
#3267 = DIRECTION ( 'NONE',  ( 0.000000000000000000, 1.000000000000000000, 0.000000000000000000 ) ) ;
#3268 = CARTESIAN_POINT ( 'NONE',  ( -40.46060798583052787, -46.99999999999998579, 4.000000000000000000 ) ) ;
#3269 = AXIS2_PLACEMENT_3D ( 'NONE', #1520, #2536, #1261 ) ;
#3270 = CARTESIAN_POINT ( 'NONE',  ( 49.99999999999998579, 39.99999999999999289, 11.66025403784441039 ) ) ;
#3271 = FACE_OUTER_BOUND ( 'NONE', #1836, .T. ) ;
#3272 = EDGE_CURVE ( 'NONE', #745, #239, #3332, .T. ) ;
#3273 = ORIENTED_EDGE ( 'NONE', *, *, #1408, .F. ) ;
#3274 = CARTESIAN_POINT ( 'NONE',  ( 46.36363636363635266, -40.68459021276399312, 12.67237748502030570 ) ) ;
#3275 = FACE_OUTER_BOUND ( 'NONE', #2683, .T. ) ;
#3276 = CARTESIAN_POINT ( 'NONE',  ( 39.75304923404038249, 46.00000000000000000, -11.14213562373095634 ) ) ;
#3277 = EDGE_CURVE ( 'NONE', #2926, #2081, #1024, .T. ) ;
#3278 = DIRECTION ( 'NONE',  ( -1.000000000000000000, 0.000000000000000000, 0.000000000000000000 ) ) ;
#3279 = CARTESIAN_POINT ( 'NONE',  ( -40.25567202916430887, 47.41285790901794428, 11.80786635270339602 ) ) ;
#3280 = ORIENTED_EDGE ( 'NONE', *, *, #3185, .T. ) ;
#3281 = ORIENTED_EDGE ( 'NONE', *, *, #162, .F. ) ;
#3282 = CYLINDRICAL_SURFACE ( 'NONE', #2997, 1.000000000000000000 ) ;
#3283 = LOCAL_TIME ( 21, 21, 32.00000000000000000, #1199 ) ;
#3284 =( BOUNDED_SURFACE ( )  B_SPLINE_SURFACE ( 3, 2, ( 
 ( #1997, #952, #700 ),
 ( #2244, #447, #1001 ),
 ( #500, #3279, #3043 ),
 ( #1549, #208, #1240 ) ),
 .UNSPECIFIED., .F., .F., .F. ) 
 B_SPLINE_SURFACE_WITH_KNOTS ( ( 4, 4 ),
 ( 3, 3 ),
 ( 3.141592653589793116, 3.515994198753880529 ),
 ( 0.000000000000000000, 1.000000000000000000 ),
 .UNSPECIFIED. ) 
 GEOMETRIC_REPRESENTATION_ITEM ( )  RATIONAL_B_SPLINE_SURFACE ( (
 ( 1.000000000000000000, 0.8660254037844391517, 1.000000000000000000),
 ( 1.000000000000000000, 0.8660296585603454167, 1.000000000000000000),
 ( 1.000000000000000000, 0.8626377241932521311, 1.000000000000000000),
 ( 1.000000000000000000, 0.8559682606317424725, 1.000000000000000000) ) ) 
 REPRESENTATION_ITEM ( '' )  SURFACE ( )  );
#3285 = DIRECTION ( 'NONE',  ( 1.000000000000000000, -1.444447458290425455E-27, 2.081668171172168513E-14 ) ) ;
#3286 = PERSON_AND_ORGANIZATION ( #336, #799 ) ;
#3287 = EDGE_CURVE ( 'NONE', #2066, #3046, #585, .T. ) ;
#3288 = ORIENTED_EDGE ( 'NONE', *, *, #905, .F. ) ;
#3289 = CARTESIAN_POINT ( 'NONE',  ( 49.99999999999998579, -49.99999999999999289, 3.000000000000000000 ) ) ;
#3290 = CARTESIAN_POINT ( 'NONE',  ( 46.99999999999998579, 26.73205080756886787, 3.999999999999999112 ) ) ;
#3291 = EDGE_CURVE ( 'NONE', #1969, #3320, #407, .T. ) ;
#3292 = VECTOR ( 'NONE', #1070, 1000.000000000000000 ) ;
#3293 = FACE_OUTER_BOUND ( 'NONE', #1191, .T. ) ;
#3294 = FACE_OUTER_BOUND ( 'NONE', #1917, .T. ) ;
#3295 = DIRECTION ( 'NONE',  ( -0.000000000000000000, -0.000000000000000000, -1.000000000000000000 ) ) ;
#3296 = EDGE_CURVE ( 'NONE', #1778, #2687, #1595, .T. ) ;
#3297 = AXIS2_PLACEMENT_3D ( 'NONE', #2024, #740, #1785 ) ;
#3298 = VERTEX_POINT ( 'NONE', #1631 ) ;
#3299 = CIRCLE ( 'NONE', #1950, 32.50000000000000000 ) ;
#3300 = CARTESIAN_POINT ( 'NONE',  ( -49.99999999999998579, 49.99999999999999289, 19.00000000000000000 ) ) ;
#3301 = DIRECTION ( 'NONE',  ( -1.000000000000000000, 0.000000000000000000, 0.000000000000000000 ) ) ;
#3302 = AXIS2_PLACEMENT_3D ( 'NONE', #958, #1166, #3015 ) ;
#3303 = EDGE_CURVE ( 'NONE', #1245, #1811, #638, .T. ) ;
#3304 = CIRCLE ( 'NONE', #1697, 1.700000000000000178 ) ;
#3305 = ADVANCED_FACE ( 'NONE', ( #853 ), #2642, .F. ) ;
#3306 = CIRCLE ( 'NONE', #1097, 1.750000000000001554 ) ;
#3307 = CARTESIAN_POINT ( 'NONE',  ( 40.23085367474143226, -47.52599035509488345, 12.38421608141496755 ) ) ;
#3308 = EDGE_LOOP ( 'NONE', ( #2082, #1640 ) ) ;
#3309 = PLANE ( 'NONE',  #1253 ) ;
#3310 = PLANE ( 'NONE',  #1040 ) ;
#3311 = DIRECTION ( 'NONE',  ( 0.000000000000000000, -1.249000902703301108E-13, 1.000000000000000000 ) ) ;
#3312 = DIRECTION ( 'NONE',  ( 0.000000000000000000, 0.000000000000000000, -1.000000000000000000 ) ) ;
#3313 = DIRECTION ( 'NONE',  ( -0.000000000000000000, -0.000000000000000000, -1.000000000000000000 ) ) ;
#3314 = EDGE_LOOP ( 'NONE', ( #1331, #487 ) ) ;
#3315 = FACE_OUTER_BOUND ( 'NONE', #167, .T. ) ;
#3316 = ORIENTED_EDGE ( 'NONE', *, *, #2803, .F. ) ;
#3317 = AXIS2_PLACEMENT_3D ( 'NONE', #191, #1533, #3278 ) ;
#3318 = CARTESIAN_POINT ( 'NONE',  ( 46.99999999999998579, -39.80937756084140489, 11.55019812128261592 ) ) ;
#3319 = EDGE_CURVE ( 'NONE', #2660, #1063, #3064, .T. ) ;
#3320 = VERTEX_POINT ( 'NONE', #2190 ) ;
#3321 = DIRECTION ( 'NONE',  ( 0.000000000000000000, -1.000000000000000000, 0.000000000000000000 ) ) ;
#3322 = LINE ( 'NONE', #1013, #280 ) ;
#3323 = DIRECTION ( 'NONE',  ( 0.000000000000000000, 0.000000000000000000, 1.000000000000000000 ) ) ;
#3324 = CARTESIAN_POINT ( 'NONE',  ( 49.99999999999998579, 39.99999999999999289, 19.00000000000000000 ) ) ;
#3325 = CYLINDRICAL_SURFACE ( 'NONE', #933, 1.000000000000000888 ) ;
#3326 = EDGE_CURVE ( 'NONE', #475, #3129, #2789, .T. ) ;
#3327 = DIRECTION ( 'NONE',  ( 1.000000000000000000, 0.000000000000000000, 0.000000000000000000 ) ) ;
#3328 = CARTESIAN_POINT ( 'NONE',  ( -44.99999999999997868, -45.00000000000000000, 3.851859888774471706E-31 ) ) ;
#3329 = DIRECTION ( 'NONE',  ( 1.000000000000000000, 0.000000000000000000, 0.000000000000000000 ) ) ;
#3330 = ORIENTED_EDGE ( 'NONE', *, *, #256, .F. ) ;
#3331 = DIRECTION ( 'NONE',  ( -1.000000000000000000, 0.000000000000000000, 0.000000000000000000 ) ) ;
#3332 = CIRCLE ( 'NONE', #1566, 1.750000000000001554 ) ;
#3333 = ORIENTED_EDGE ( 'NONE', *, *, #2942, .T. ) ;
#3334 = DIRECTION ( 'NONE',  ( -1.000000000000000000, 0.000000000000000000, 0.000000000000000000 ) ) ;
#3335 = CARTESIAN_POINT ( 'NONE',  ( 39.75963308667226670, 47.25564274131840392, 11.52147813573037816 ) ) ;
ENDSEC;
END-ISO-10303-21;
